Name,Season,Pitch,Pitches,LD%,GB%,FB%,IFFB%,HR/FB,Strikes,Balls,Pitches,xMov,zMov,Mov,NameASCII,PlayerId,MLBAMID
"Pete Alonso",2024,"KC",38,0.5,0.5,0,0,0,21,17,38,1.106997842105263,-3.8918622394736846,5.395602447368421,"Pete Alonso","19251",624413
"William Contreras",2024,"KC",53,0.25,0.75,0,0,0,26,27,53,0.9808240566037736,-4.301468362264151,5.5262133207547155,"William Contreras","20503",661388
"William Contreras",2025,"KC",36,0.6666666666666666,0.3333333333333333,0,0,0,17,19,36,1.3258982027777777,-4.499843094444445,5.636740416666667,"William Contreras","20503",661388
"Christian Walker",2024,"KC",36,0.16666666666666666,0.3333333333333333,0.5,0.3333333333333333,0,16,20,36,-0.08933266555555563,-3.7062421388888893,5.038470555555556,"Christian Walker","13419",572233
"Adley Rutschman",2025,"KC",27,0.16666666666666666,0.6666666666666666,0.16666666666666666,0,0,14,13,27,3.181199,-5.421583703703704,6.971218888888889,"Adley Rutschman","26288",668939
"Brandon Nimmo",2023,"KC",47,0.2,0.5,0.3,0,0.3333333333333333,30,17,47,1.8646523617021276,-5.238114893617021,6.499459148936172,"Brandon Nimmo","12927",607043
"Mookie Betts",2024,"KC",28,0.25,0.5,0.25,0,1,22,6,28,0.24180839285714284,-4.509196607142856,5.355645714285714,"Mookie Betts","13611",605141
"Willson Contreras",2023,"KC",28,0,0.75,0.25,1,0,15,13,28,1.9333069999999999,-3.912664428571428,5.462775678571428,"Willson Contreras","11609",575929
"Robbie Grossman",2023,"KC",26,0,0,0,0,0,11,15,26,5.0234323846153845,-4.7154271923076925,7.716911153846155,"Robbie Grossman","5254",543257
"Jake Fraley",2024,"KC",27,0.45454545454545453,0.36363636363636365,0.18181818181818182,1,0,19,8,27,3.649312333333333,-6.180332111111111,7.4194177777777774,"Jake Fraley","19260",641584
"Luis Rengifo",2023,"KC",31,0.125,0.375,0.5,0.25,0.25,25,6,31,2.8901993225806453,-5.241099470967743,6.908066451612905,"Luis Rengifo","19858",650859
"Alec Burleson",2025,"KC",35,0.2222222222222222,0.6666666666666666,0.1111111111111111,0,1,23,12,35,2.660271485714285,-6.105749057142857,7.532298,"Alec Burleson","27615",676475
"Elias Díaz",2024,"KC",26,0,1,0,0,0,18,8,26,2.9233732692307695,-5.687684615384615,6.962138846153845,"Elias Diaz","11680",553869
"Elly De La Cruz",2025,"KC",65,0,0.5,0.5,0,0.3333333333333333,37,28,65,1.2846753999999998,-4.832878476923075,6.079465615384615,"Elly De La Cruz","26668",682829
"Freddie Freeman",2023,"KC",57,0.25,0.25,0.5,0,0.25,31,26,57,2.529964989473685,-3.3144763333333334,5.046292807017543,"Freddie Freeman","5361",518692
"Ryan McMahon",2025,"KC",45,0,0.5,0.5,0,1,25,20,45,1.7481916017999999,-6.2438024444444435,6.908244222222224,"Ryan McMahon","15112",641857
"Connor Wong",2024,"KC",30,0.2,0.8,0,0,0,22,8,30,0.5353738333333332,-5.251592659999999,6.518995333333335,"Connor Wong","19896",657136
"Gleyber Torres",2024,"KC",33,0.3333333333333333,0.6666666666666666,0,0,0,13,20,33,1.1416389696969698,-4.20864490909091,5.871988787878787,"Gleyber Torres","16997",650402
"Nolan Schanuel",2025,"KC",37,0.2222222222222222,0.5555555555555556,0.2222222222222222,0,0,25,12,37,3.678339194594595,-6.749456351351352,8.145231621621623,"Nolan Schanuel","33189",694384
"Zach Neto",2025,"KC",48,0,0,1,0,0,19,29,48,2.654295242916666,-5.696628583333333,7.1868647916666655,"Zach Neto","31347",687263
"Brent Rooker",2025,"KC",53,0.25,0.5,0.25,0,0,26,27,53,3.5394809132075467,-5.295154471698114,7.009311226415094,"Brent Rooker","19627",667670
"Andrew Vaughn",2025,"KC",26,0.4,0.6,0,0,0,14,12,26,1.5589498999999991,-6.2248790384615384,8.135567307692307,"Andrew Vaughn","26197",683734
"Spencer Torkelson",2025,"KC",27,0.5,0.5,0,0,0,14,13,27,1.1548505074074074,-3.854569185185185,5.444953333333332,"Spencer Torkelson","27465",679529
"Luis Urías",2025,"KC",34,0,1,0,0,0,21,13,34,5.149860911764706,-5.78013911764706,8.110947647058824,"Luis Urias","16622",649966
"Christian Walker",2023,"KC",33,0.25,0,0.75,0,0.3333333333333333,17,16,33,1.9344272121212116,-5.032078424242424,6.607604848484849,"Christian Walker","13419",572233
"Max Kepler",2025,"KC",38,0.25,0.375,0.375,0,0,27,11,38,2.745578718421052,-5.138430921052631,6.468899815789474,"Max Kepler","12144",596146
"Amed Rosario",2023,"KC",33,0.1111111111111111,0.7777777777777778,0.1111111111111111,0,0,26,7,33,1.5706396666666669,-6.2361485454545456,7.300693030303032,"Amed Rosario","15518",642708
"Colton Cowser",2024,"KC",56,0.25,0.375,0.375,0,0.3333333333333333,32,24,56,4.197665203571428,-6.667283035714285,8.358841785714285,"Colton Cowser","29591",681297
"Adley Rutschman",2024,"KC",44,0,0.4444444444444444,0.5555555555555556,0.4,0,25,19,44,4.020621825,-7.354025000000001,9.394947272727272,"Adley Rutschman","26288",668939
"Lars Nootbaar",2023,"KC",35,0.3333333333333333,0.3333333333333333,0.3333333333333333,0,0,14,21,35,3.1369828285714285,-5.297279925714286,6.808378285714285,"Lars Nootbaar","21454",663457
"Ha-Seong Kim",2024,"KC",37,0,0.25,0.75,0,0,20,17,37,1.7798177864864861,-4.2173259189189185,5.8439848108108094,"Ha-Seong Kim","27506",673490
"Geraldo Perdomo",2023,"KC",53,0,0.5,0.5,1,0,26,27,53,5.4206922452830195,-5.6226643396226414,8.12777962264151,"Geraldo Perdomo","22799",672695
"Aaron Judge",2023,"KC",37,0,0.25,0.75,0.6666666666666666,0,19,18,37,3.505426378378379,-6.905281621621621,8.119294324324326,"Aaron Judge","15640",592450
"Shohei Ohtani",2024,"KC",56,0.3333333333333333,0.5,0.16666666666666666,0,2,36,20,56,1.642739623214286,-4.875688232142857,5.9796912499999975,"Shohei Ohtani","19755",660271
"Rodolfo Castro",2023,"KC",36,0,0.6666666666666666,0.3333333333333333,1,0,18,18,36,2.4165787397222225,-4.5845247024999995,6.0226251388888885,"Rodolfo Castro","21987",666801
"Logan O'Hoppe",2024,"KC",32,0.6666666666666666,0,0.3333333333333333,0,0,20,12,32,2.171245425,-5.451132812500001,6.407425,"Logan O'Hoppe","24729",681351
"Zach Neto",2024,"KC",26,0,0.25,0.75,0,0.3333333333333333,13,13,26,2.9046544884615386,-6.145405730769231,7.645815038461536,"Zach Neto","31347",687263
"Ryan McMahon",2024,"KC",34,0.3333333333333333,0.5555555555555556,0.1111111111111111,0,1,22,12,34,2.4171526970588237,-5.407114499999999,6.363653411764705,"Ryan McMahon","15112",641857
"Ronald Acuña Jr.",2025,"KC",32,0.3333333333333333,0.6666666666666666,0,0,0,20,12,32,2.36180375625,-3.29521025,4.9068048125,"Ronald Acuna Jr.","18401",660670
"Mike Yastrzemski",2025,"KC",48,0.3333333333333333,0,0.6666666666666666,0,0,29,19,48,3.687958379166666,-5.16007000625,6.796758641666666,"Mike Yastrzemski","14854",573262
"Luis Robert Jr.",2024,"KC",29,0.5,0,0.5,1,0,13,16,29,1.4023285241379313,-2.6112063103448278,3.9381389655172416,"Luis Robert Jr.","20043",673357
"Jeremy Peña",2024,"KC",38,0.2,0.4,0.4,0,0.5,22,16,38,1.8906268684210523,-5.131117192105263,7.263959210526316,"Jeremy Pena","21636",665161
"Ezequiel Duran",2023,"KC",37,0.45454545454545453,0.36363636363636365,0.18181818181818182,0,0,30,7,37,3.7252897027027023,-4.508482405405406,7.077408648648648,"Ezequiel Duran","23733",677649
"Elias Díaz",2023,"KC",40,0,0.8571428571428571,0.14285714285714285,1,0,26,14,40,2.7819132749999995,-5.595179675,6.76514875,"Elias Diaz","11680",553869
"Maikel Garcia",2025,"KC",36,0.2,0.4,0.4,0.16666666666666666,0.16666666666666666,27,9,36,2.8943749500000004,-5.547513250000001,6.739983583333334,"Maikel Garcia","22715",672580
"Spencer Torkelson",2023,"KC",56,0.16666666666666666,0.16666666666666666,0.6666666666666666,0.25,0.5,34,22,56,1.485111696428571,-4.647245267857143,6.035834464285715,"Spencer Torkelson","27465",679529
"Daniel Schneemann",2025,"KC",41,0.23076923076923078,0.6923076923076923,0.07692307692307693,0,0,30,11,41,2.7000845634146335,-6.796085585365854,8.532338292682928,"Daniel Schneemann","25180",682177
"Jake Cronenworth",2025,"KC",34,0.5,0,0.5,0,0,21,13,34,2.9091887058823533,-2.832445394117647,5.50815511764706,"Jake Cronenworth","18036",630105
"Nick Castellanos",2025,"KC",63,0.3333333333333333,0.4444444444444444,0.2222222222222222,0,0,39,24,63,1.7308775333333333,-4.2219733619047615,5.900049015873017,"Nick Castellanos","11737",592206
"Max Muncy",2025,"KC",48,0.5,0.25,0.25,0,0,29,19,48,3.8607945416666674,-3.6906446,6.1377432291666665,"Max Muncy","13301",571970
"CJ Abrams",2023,"KC",39,0.25,0.5,0.25,1,0,25,14,39,2.859593928205128,-4.321503897435897,5.928577692307692,"CJ Abrams","25768",682928
"Kevin Newman",2023,"KC",33,0,0.6,0.4,0,0,21,12,33,1.7521133333333334,-2.7673241681818186,4.519415303030303,"Kevin Newman","17696",621028
"Jake Bauers",2023,"KC",26,0,0.5,0.5,0,0,12,14,26,3.447496538461538,-6.436022692307692,7.542245384615385,"Jake Bauers","15194",641343
"Lawrence Butler",2025,"KC",53,0.25,0.625,0.125,0,1,33,20,53,5.115679943396226,-6.031879264150942,8.398547849056603,"Lawrence Butler","22542",671732
"Jake Burger",2025,"KC",33,0.16666666666666666,0.8333333333333334,0,0,0,25,8,33,2.1592626060606057,-5.9507778787878784,7.092616363636364,"Jake Burger","22275",669394
"Luis Arraez",2024,"KC",33,0.25,0.5,0.25,0,0,23,10,33,3.9741266666666664,-5.045467333333333,6.989049515151515,"Luis Arraez","18568",650333
"Willy Adames",2023,"KC",32,0.25,0.25,0.5,0,0.5,21,11,32,3.520636625,-5.481158124999999,6.902343437499999,"Willy Adames","15986",642715
"Tommy Pham",2025,"KC",28,0,0.6666666666666666,0.3333333333333333,0,0,14,14,28,3.1586843928571433,-4.3088307142857145,6.205647142857143,"Tommy Pham","2967",502054
"Trevor Larnach",2023,"KC",26,0,0.5,0.5,0,0,15,11,26,3.5291141538461535,-6.4204342307692315,7.756143461538462,"Trevor Larnach","21501",663616
"Connor Norby",2025,"KC",30,1,0,0,0,0,15,15,30,1.3707497366666668,-2.2774973000000003,4.031648566666666,"Connor Norby","29592",681393
"Josh Naylor",2023,"KC",81,0.2727272727272727,0.36363636363636365,0.36363636363636365,0,0.25,50,31,81,3.5643569259259253,-5.643311318518518,7.514556123456789,"Josh Naylor","18839",647304
"Will Brennan",2023,"KC",38,0.2857142857142857,0.7142857142857143,0,0,0,19,19,38,4.760194934210526,-5.613948026315789,8.023194263157894,"Will Brennan","25660",686823
"Mickey Moniak",2024,"KC",31,0.16666666666666666,0.5,0.3333333333333333,0.5,0,20,11,31,3.9227840935483873,-5.335373548387098,7.033684193548385,"Mickey Moniak","19956",666160
"Taylor Ward",2025,"KC",31,0.125,0.5,0.375,0.3333333333333333,0,14,17,31,3.7472817419354842,-6.0563520967741935,8.02511612903226,"Taylor Ward","17548",621493
"Jonathan India",2025,"KC",32,0.3333333333333333,0.6666666666666666,0,0,0,20,12,32,2.51628128125,-4.7891161250000005,6.548524062499999,"Jonathan India","21523",663697
"Jake Meyers",2025,"KC",36,0.25,0.625,0.125,0,0,21,15,36,2.7960998083333326,-5.226074444444446,6.7165575,"Jake Meyers","20308",676694
"Austin Riley",2024,"KC",26,0,0,1,0,0,17,9,26,2.797154192307692,-5.152980269230769,6.38182076923077,"Austin Riley","18360",663586
"Jack Suwinski",2023,"KC",56,0.3333333333333333,0.3333333333333333,0.3333333333333333,0,0.3333333333333333,34,22,56,3.4640935035714273,-4.7260249821428575,6.437236071428572,"Jack Suwinski","22244",669261
"Isaac Paredes",2023,"KC",48,0,0,1,0,0,26,22,48,4.276144791666667,-5.926555250000001,8.04179625,"Isaac Paredes","20036",670623
"Jon Singleton",2024,"KC",38,0,1,0,0,0,19,19,38,3.5268215,-5.600729157894736,7.592954736842104,"Jon Singleton","10441",572138
"Alejandro Kirk",2025,"KC",26,0.2,0.8,0,0,0,16,10,26,2.933737619230769,-6.655622423076922,7.687756115384616,"Alejandro Kirk","22581",672386
"Anthony Santander",2023,"KC",50,0,0.6363636363636364,0.36363636363636365,0.5,0.25,39,11,50,4.621373378,-6.363075840000001,8.7120718,"Anthony Santander","14551",623993
"Jake Bauers",2024,"KC",45,0.5,0,0.5,0,0,27,18,45,2.7745269511111115,-5.25869228888889,6.640600044444445,"Jake Bauers","15194",641343
"William Contreras",2023,"KC",55,0.08333333333333333,0.75,0.16666666666666666,0,0,37,18,55,3.2217955272727274,-6.256716490909094,7.718932363636365,"William Contreras","20503",661388
"José Ramírez",2024,"KC",66,0.16666666666666666,0.3333333333333333,0.5,0,0.3333333333333333,34,32,66,2.288336053030304,-5.241470272727273,6.872693181818182,"Jose Ramirez","13510",608070
"Carlos Santana",2023,"KC",55,0.2222222222222222,0.1111111111111111,0.6666666666666666,0.16666666666666666,0.16666666666666666,34,21,55,2.8329070545454536,-5.7190795272727275,7.039518545454546,"Carlos Santana","2396",467793
"Edouard Julien",2023,"KC",33,0,0,0,0,0,14,19,33,2.4255160151515147,-5.936506666666666,6.768982424242424,"Edouard Julien","27534",666397
"Ronald Acuña Jr.",2023,"KC",63,0.23076923076923078,0.6153846153846154,0.15384615384615385,0,0,41,22,63,3.433357274126984,-5.151257142857143,6.773488730158731,"Ronald Acuna Jr.","18401",660670
"Jonathan India",2024,"KC",47,0.4,0.4,0.2,0,0,24,23,47,1.062800014893617,-3.403713191489362,4.354828680851066,"Jonathan India","21523",663697
"Yainer Diaz",2024,"KC",45,0,0.6666666666666666,0.3333333333333333,1,0,28,17,45,2.0369206293333333,-6.557139844444445,8.263584666666667,"Yainer Diaz","23003",673237
"Josh Bell",2024,"KC",26,0.5,0,0.5,0,0,13,13,26,2.5559051153846157,-4.125518653846154,5.9986943076923085,"Josh Bell","13145",605137
"Iván Herrera",2025,"KC",26,0,1,0,0,0,15,11,26,0.2882276846153847,-5.75077873076923,6.989115769230769,"Ivan Herrera","20599",671056
"Jared Triolo",2024,"KC",32,0.25,0.5,0.25,1,0,19,13,32,1.245485315625,-4.44309359375,5.540060625,"Jared Triolo","25807",669707
"Ozzie Albies",2024,"KC",33,0.5,0.3,0.2,0.5,0,23,10,33,2.3044717272727273,-4.648454130303031,5.821194696969697,"Ozzie Albies","16556",645277
"Hunter Goodman",2025,"KC",37,0.3333333333333333,0.3333333333333333,0.3333333333333333,0,0,18,19,37,0.9392738270270271,-5.860868918918918,6.264525675675675,"Hunter Goodman","29715",696100
"Sean Murphy",2023,"KC",41,0.3333333333333333,0.6666666666666666,0,0,0,23,18,41,2.64996546097561,-4.998644097560975,6.029935365853659,"Sean Murphy","19352",669221
"Brenton Doyle",2024,"KC",52,0.42857142857142855,0.2857142857142857,0.2857142857142857,0,0.5,30,22,52,2.101486232692308,-4.407406373076923,5.3684558461538465,"Brenton Doyle","25479",686668
"Zack Gelof",2024,"KC",37,0.2,0.6,0.2,0,0,27,10,37,0.23558851351351368,-5.257580864864865,6.239310108108109,"Zack Gelof","29766",680869
"Rhys Hoskins",2024,"KC",41,0,0.3333333333333333,0.6666666666666666,0.25,0.25,24,17,41,1.7555304195121952,-5.43412487804878,6.8199869268292685,"Rhys Hoskins","16472",656555
"Jose Siri",2023,"KC",30,0.1111111111111111,0.7777777777777778,0.1111111111111111,0,0,24,6,30,1.8414563666666663,-6.541456,7.911787666666667,"Jose Siri","17452",642350
"Zach McKinstry",2023,"KC",52,0.25,0.5,0.25,0,0,31,21,52,3.8773675000000005,-6.109845384615384,7.918723461538462,"Zach McKinstry","19392",656716
"Bobby Witt Jr.",2024,"KC",38,0.3,0.4,0.3,0,0.3333333333333333,26,12,38,0.4633210665789472,-3.2500506578947364,5.088004421052632,"Bobby Witt Jr.","25764",677951
"Steven Kwan",2023,"KC",55,0.3125,0.5625,0.125,0,0,35,20,55,3.4180379636363636,-5.699013490909091,7.447042290909092,"Steven Kwan","24610",680757
"Connor Joe",2023,"KC",37,0.4,0.6,0,0,0,23,14,37,1.4807126486486488,-2.9341288243243246,4.405524108108109,"Connor Joe","16572",656582
"Gabriel Moreno",2024,"KC",39,0.3,0.3,0.4,0,0,26,13,39,0.18807114871794875,-3.296642128205128,4.249714051282051,"Gabriel Moreno","22664",672515
"Marcus Semien",2024,"KC",32,0.3333333333333333,0,0.6666666666666666,0,0,15,17,32,2.0316046,-5.17508546875,6.331461593749999,"Marcus Semien","12533",543760
"José Ramírez",2025,"KC",58,0.18181818181818182,0.36363636363636365,0.45454545454545453,0.2,0,36,22,58,2.8304651206896554,-6.269486534482759,7.867954655172413,"Jose Ramirez","13510",608070
"Seth Brown",2024,"KC",38,0,1,0,0,0,16,22,38,4.1810078684210525,-6.027637763157895,7.8609173684210525,"Seth Brown","18171",664913
"Yandy Díaz",2023,"KC",31,0.375,0.625,0,0,0,20,11,31,2.3685437387096773,-6.905500838709679,8.065878709677419,"Yandy Diaz","16578",650490
"Michael Harris II",2023,"KC",53,0.2,0.7,0.1,0,0,37,16,53,4.204777056603775,-5.112824396226416,7.14931,"Michael Harris II","25931",671739
"Andrew Vaughn",2024,"KC",33,0.5,0.5,0,0,0,20,13,33,3.230102878787879,-5.341453787878789,6.718512424242424,"Andrew Vaughn","26197",683734
"Ryan McMahon",2023,"KC",52,0.16666666666666666,0.3333333333333333,0.5,0,0.6666666666666666,37,15,52,4.116075730769231,-5.252086576923077,6.937828807692308,"Ryan McMahon","15112",641857
"Nolan Jones",2025,"KC",32,0.5,0.5,0,0,0,20,12,32,4.01323828125,-6.778941250000001,8.132190624999998,"Nolan Jones","20529",666134
"Daulton Varsho",2024,"KC",28,0.3333333333333333,0.3333333333333333,0.3333333333333333,1,0,15,13,28,4.665861378571428,-6.933683571428572,8.73151964285714,"Daulton Varsho","19918",662139
"Gabriel Moreno",2023,"KC",30,0,0.75,0.25,0,0,20,10,30,2.4399934919999993,-4.0392323999999995,5.787771,"Gabriel Moreno","22664",672515
"Kyle Isbel",2024,"KC",39,0.09090909090909091,0.5454545454545454,0.36363636363636365,0.5,0,23,16,39,0.992322487179487,-5.528083256410257,6.588406923076923,"Kyle Isbel","21614",664728
"Keibert Ruiz",2023,"KC",65,0.16666666666666666,0.75,0.08333333333333333,0,0,42,23,65,3.3266793846153844,-4.336509338461537,6.12060753846154,"Keibert Ruiz","19610",660688
"Nolan Jones",2023,"KC",38,0.2,0.8,0,0,0,23,15,38,2.321854563157895,-5.078064026315788,5.9446134210526305,"Nolan Jones","20529",666134
"George Springer",2025,"KC",30,0.4,0.6,0,0,0,19,11,30,4.471211800000001,-6.451630000000001,8.143556666666667,"George Springer","12856",543807
"Carlos Correa",2025,"KC",40,0,1,0,0,0,20,20,40,2.2141386049999996,-5.248297599999999,7.180671975000001,"Carlos Correa","14162",621043
"Steven Kwan",2024,"KC",26,0.3333333333333333,0.5,0.16666666666666666,0,0,13,13,26,4.348913811538462,-6.092499615384615,8.012813076923077,"Steven Kwan","24610",680757
"Brandon Belt",2023,"KC",28,0.4,0.2,0.4,0.5,0.5,15,13,28,5.026834892857143,-7.0067488214285705,8.908145357142855,"Brandon Belt","10264",474832
"Eric Wagaman",2025,"KC",27,0.6666666666666666,0.3333333333333333,0,0,0,17,10,27,2.784330518518518,-2.979454574074074,4.845614333333333,"Eric Wagaman","23395",676572
"Cavan Biggio",2023,"KC",30,0,0.6666666666666666,0.3333333333333333,0,0,24,6,30,4.534271333333334,-6.2886500000000005,8.195288000000001,"Cavan Biggio","19252",624415
"Matt Olson",2023,"KC",65,0.4444444444444444,0.2222222222222222,0.3333333333333333,0.3333333333333333,0,36,29,65,2.3364642446153847,-5.011403984615384,6.146448569230768,"Matt Olson","14344",621566
"Yordan Alvarez",2023,"KC",59,0.2857142857142857,0.2857142857142857,0.42857142857142855,0.3333333333333333,0.3333333333333333,34,25,59,2.648091186440678,-3.8880789830508475,6.216149,"Yordan Alvarez","19556",670541
"Matt Chapman",2024,"KC",38,0.5,0.5,0,0,0,16,22,38,2.2043207289473683,-5.350160842105264,6.393212894736841,"Matt Chapman","16505",656305
"Maikel Garcia",2024,"KC",29,0.5714285714285714,0.2857142857142857,0.14285714285714285,0,0,15,14,29,0.5290291379310343,-3.8143721448275856,4.87873724137931,"Maikel Garcia","22715",672580
"Mookie Betts",2023,"KC",43,0.125,0.25,0.625,0.4,0.4,27,16,43,2.8647225674418606,-4.269057325581396,5.653157325581394,"Mookie Betts","13611",605141
"Jarred Kelenic",2024,"KC",39,0.75,0,0.25,0,0,18,21,39,4.095144502564103,-5.727387846153847,7.756932717948718,"Jarred Kelenic","22558",672284
"Will Benson",2023,"KC",38,0.25,0.5,0.25,0,0,19,19,38,3.1101903947368417,-4.648877318421054,5.962297105263159,"Will Benson","21853",666181
"Mark Canha",2023,"KC",30,0.25,0.5,0.25,0,0,17,13,30,1.7596421333333334,-4.886165266666667,6.194855,"Mark Canha","11445",592192
"Joey Ortiz",2025,"KC",31,0.3333333333333333,0.5,0.16666666666666666,0,0,25,6,31,0.8976628709677419,-5.236032419354839,6.569430741935483,"Joey Ortiz","25493",687401
"Eugenio Suárez",2024,"KC",43,0.5,0.3333333333333333,0.16666666666666666,0,0,23,20,43,0.8059327441860464,-3.683784,4.852825093023256,"Eugenio Suarez","12552",553993
"Gunnar Henderson",2023,"KC",41,0.2857142857142857,0.7142857142857143,0,0,0,28,13,41,4.031954456097561,-5.363707365853657,7.6442387804878065,"Gunnar Henderson","26289",683002
"Randy Arozarena",2024,"KC",53,0.375,0.375,0.25,0,0,27,26,53,3.499302071132076,-4.915721849056605,7.104987735849057,"Randy Arozarena","19290",668227
"Masyn Winn",2025,"KC",40,0.25,0.5,0.25,0,0,27,13,40,-1.0734455010000001,-5.161812915,6.068157925,"Masyn Winn","27479",691026
"Austin Hays",2023,"KC",27,0,0.2857142857142857,0.7142857142857143,0.4,0.4,19,8,27,4.22151155925926,-5.314176814814816,7.634772592592593,"Austin Hays","19363",669720
"Josh Rojas",2022,"KC",37,0,0.6666666666666666,0.3333333333333333,0,0,18,19,37,3.7722764864864855,-7.295474864864866,8.51592864864865,"Josh Rojas","19734",668942
"Jesse Winker",2024,"KC",33,0,1,0,0,0,18,15,33,4.75985746060606,-5.982845454545455,8.13861909090909,"Jesse Winker","13590",608385
"Kyle Manzardo",2025,"KC",50,0.2,0.4,0.4,0,0,26,24,50,4.34762636,-6.1442056,7.951683199999999,"Kyle Manzardo","29794",700932
"Santiago Espinal",2025,"KC",30,0,1,0,0,0,14,16,30,0.18694383999999994,-3.6064279,4.508819933333333,"Santiago Espinal","19997",669289
"Kevin Newman",2024,"KC",32,0.42857142857142855,0.42857142857142855,0.14285714285714285,1,0,22,10,32,0.8533135937499999,-3.8716943125000003,5.344130625,"Kevin Newman","17696",621028
"Jace Peterson",2023,"KC",48,0.25,0.75,0,0,0,29,19,48,3.39266081875,-6.904000143749999,8.361782499999999,"Jace Peterson","12325",607054
"Ramón Laureano",2025,"KC",34,0.42857142857142855,0.14285714285714285,0.42857142857142855,0.3333333333333333,0.3333333333333333,20,14,34,0.05188047058823528,-2.758136,5.89619794117647,"Ramon Laureano","17128",657656
"Kyle Isbel",2025,"KC",29,0.3333333333333333,0.6666666666666666,0,0,0,18,11,29,2.3226493448275862,-5.267035586206898,6.437217931034483,"Kyle Isbel","21614",664728
"Heliot Ramos",2024,"KC",33,0.2222222222222222,0.6666666666666666,0.1111111111111111,0,0,21,12,33,1.827812787878788,-5.185795757575757,5.819481060606061,"Heliot Ramos","22515",671218
"Brendan Donovan",2025,"KC",32,0.2,0.4,0.4,0,0,21,11,32,3.0341992812500003,-4.929523125,7.0704971875,"Brendan Donovan","24679",680977
"Carlos Santana",2024,"KC",49,0.25,0.75,0,0,0,26,23,49,2.239837543265306,-5.134839571428572,7.257099204081634,"Carlos Santana","2396",467793
"Gavin Lux",2024,"KC",35,0.3333333333333333,0.5555555555555556,0.1111111111111111,0,0,22,13,35,2.8818083777142856,-5.194351114285715,6.516611714285714,"Gavin Lux","19955",666158
"JJ Bleday",2024,"KC",44,0.2,0.4,0.4,0.25,0,29,15,44,2.7193708477272724,-5.897135022727273,7.30706725,"JJ Bleday","26368",668709
"Jarren Duran",2025,"KC",43,0.4,0.6,0,0,0,21,22,43,1.8503662837209303,-6.577536976744186,7.783175116279069,"Jarren Duran","24617",680776
"Colson Montgomery",2025,"KC",29,0,0.5,0.5,0,0,20,9,29,2.838809034482759,-4.096658255172413,5.88453,"Colson Montgomery","29712",695657
"Ty France",2025,"KC",26,0.5,0,0.5,0,0,16,10,26,2.681309104615385,-5.159843192307692,6.9775658846153865,"Ty France","17982",664034
"Alec Bohm",2025,"KC",40,0.1111111111111111,0.7777777777777778,0.1111111111111111,0,0,26,14,40,1.1277965799999998,-4.44278506,5.456127799999999,"Alec Bohm","21618",664761
"Oneil Cruz",2025,"KC",65,0.1111111111111111,0.8888888888888888,0,0,0,39,26,65,3.3169427384615386,-6.5536586,8.032259384615383,"Oneil Cruz","21711",665833
"Brayan Rocchio",2024,"KC",41,0.09090909090909091,0.6363636363636364,0.2727272727272727,0,0,28,13,41,3.819876780487804,-5.292010487804878,7.193210414634146,"Brayan Rocchio","23690",677587
"Pete Alonso",2023,"KC",50,0.16666666666666666,0.5,0.3333333333333333,0,0.5,28,22,50,1.8142236400000002,-5.09890462,6.9236749999999985,"Pete Alonso","19251",624413
"Sean Murphy",2025,"KC",32,0.3333333333333333,0.6666666666666666,0,0,0,20,12,32,1.7017040624999995,-3.857754334375,5.2282938125,"Sean Murphy","19352",669221
"Will Benson",2024,"KC",39,1,0,0,0,0,15,24,39,2.739548238461538,-5.566408897435898,6.972222076923076,"Will Benson","21853",666181
"Jesús Sánchez",2023,"KC",35,0.2,0.6,0.2,0,0,25,10,35,4.3482188,-5.340196371428572,7.685355142857143,"Jesus Sanchez","19913",660821
"Ezequiel Tovar",2024,"KC",41,0.375,0.625,0,0,0,32,9,41,2.6924218000000004,-4.316909170731707,5.540284390243902,"Ezequiel Tovar","24064",678662
"Michael Busch",2025,"KC",34,0.6666666666666666,0.3333333333333333,0,0,0,19,15,34,3.598589247058823,-5.208491764705882,6.8061132352941165,"Michael Busch","26319",683737
"Nick Senzel",2023,"KC",38,0.1111111111111111,0.5555555555555556,0.3333333333333333,0,0,28,10,38,1.724732086842105,-3.87270225,5.465776684210526,"Nick Senzel","19293",669222
"Julio Rodríguez",2025,"KC",31,0.25,0.25,0.5,0,0,23,8,31,3.01488505483871,-5.637550290322581,6.857397419354839,"Julio Rodriguez","23697",677594
"MJ Melendez",2024,"KC",32,0.2,0,0.8,0.25,0,21,11,32,3.107493375,-7.578483437500001,8.4885490625,"MJ Melendez","22197",669004
"Jung Hoo Lee",2025,"KC",34,0.25,0.625,0.125,1,0,23,11,34,3.0765746176470588,-3.316474852941176,6.457723470588236,"Jung Hoo Lee","33824",808982
"Maikel Garcia",2023,"KC",38,0.4,0.2,0.4,0,0,26,12,38,3.963290894736842,-4.726039473684211,7.120590789473684,"Maikel Garcia","22715",672580
"Mike Moustakas",2023,"KC",27,0,0.5,0.5,0,0,23,4,27,3.3840118518518523,-6.913005185185186,8.240712222222221,"Mike Moustakas","4892",519058
"Willi Castro",2023,"KC",35,0.6666666666666666,0,0.3333333333333333,0.5,0,24,11,35,1.2662481428571428,-6.170101542857143,7.25944,"Willi Castro","17338",650489
"Jeimer Candelario",2023,"KC",61,0,0.5,0.5,0,0.3333333333333333,31,30,61,1.6497546393442626,-4.7311385147540985,6.108220819672131,"Jeimer Candelario","13621",600869
"Jonathan India",2023,"KC",39,0.2,0.4,0.4,0.5,0,22,17,39,0.8960975641025641,-3.634435487179487,5.069795487179487,"Jonathan India","21523",663697
"Nico Hoerner",2023,"KC",42,0.3333333333333333,0.6666666666666666,0,0,0,22,20,42,3.432254833333333,-5.592596190476191,7.6513914285714275,"Nico Hoerner","21479",663538
"Heliot Ramos",2025,"KC",41,0.2857142857142857,0.2857142857142857,0.42857142857142855,0,0,20,21,41,1.663865292682927,-3.8598954926829268,5.470771829268292,"Heliot Ramos","22515",671218
"Andrew McCutchen",2024,"KC",35,0,0.25,0.75,0.6666666666666666,0,18,17,35,1.8933844000000002,-4.803947171428571,5.775474857142857,"Andrew McCutchen","9847",457705
"James Wood",2024,"KC",34,0,1,0,0,0,21,13,34,3.256517441176471,-5.64604911764706,7.525508529411764,"James Wood","29518",695578
"Garrett Cooper",2023,"KC",28,0.75,0.25,0,0,0,17,11,28,3.476241346428572,-6.022608153571428,7.407251071428571,"Garrett Cooper","15279",643265
"Mitch Haniger",2024,"KC",31,0.5,0.25,0.25,0,0,18,13,31,1.8749054193548387,-4.494809032258065,6.12048258064516,"Mitch Haniger","14274",571745
"Nolan Arenado",2025,"KC",31,0,0.6,0.4,0,0,17,14,31,2.9103459677419354,-4.571977580645161,5.927666903225806,"Nolan Arenado","9777",571448
"Colton Cowser",2025,"KC",31,0,0.6666666666666666,0.3333333333333333,0,0,16,15,31,3.3478116451612903,-4.572166129032259,8.26870806451613,"Colton Cowser","29591",681297
"Carlos Santana",2025,"KC",40,0,1,0,0,0,19,21,40,2.6281739,-5.6367770625,7.11726575,"Carlos Santana","2396",467793
"Trea Turner",2025,"KC",77,0.18181818181818182,0.5454545454545454,0.2727272727272727,0.3333333333333333,0,50,27,77,1.6869746818181819,-4.000858797402597,5.04828892987013,"Trea Turner","16252",607208
"TJ Friedl",2025,"KC",44,0.5,0.5,0,0,0,26,18,44,2.221786090909091,-5.299999750000001,6.522197045454544,"TJ Friedl","19522",670770
"Wyatt Langford",2024,"KC",37,0.2,0.4,0.4,0.5,0,24,13,37,1.3924625432432434,-4.036513216216216,5.050945081081081,"Wyatt Langford","33333",694671
"Mike Tauchman",2023,"KC",29,0.4,0.4,0.2,0,0,19,10,29,3.959071675862069,-4.792214137931034,6.600341379310345,"Mike Tauchman","15274",643565
"Otto Lopez",2025,"KC",28,0.3333333333333333,0.6666666666666666,0,0,0,18,10,28,1.6263990499999998,-3.9980363678571424,5.095382857142857,"Otto Lopez","19608",672640
"Byron Buxton",2024,"KC",40,0,0.5,0.5,0.3333333333333333,0.3333333333333333,24,16,40,2.1001991749999998,-5.258502725000001,6.861492749999999,"Byron Buxton","14161",621439
"Gunnar Henderson",2025,"KC",36,0.1,0.5,0.4,0,0,22,14,36,4.459907194444444,-6.61014,8.536923333333334,"Gunnar Henderson","26289",683002
"Matt Vierling",2024,"KC",33,0.2222222222222222,0.5555555555555556,0.2222222222222222,0,0,25,8,33,2.4925308181818187,-5.305460818181819,7.125319545454547,"Matt Vierling","21558",663837
"Francisco Alvarez",2025,"KC",26,0.2,0.6,0.2,0,0,21,5,26,2.9409335769230767,-6.595909615384617,7.657092692307692,"Francisco Alvarez","26121",682626
"Kyle Stowers",2025,"KC",36,0.3333333333333333,0.6666666666666666,0,0,0,20,16,36,2.0518263222222224,-4.316204972222223,5.31969252777778,"Kyle Stowers","26151",669065
"Liam Hicks",2025,"KC",36,0,0.6666666666666666,0.3333333333333333,0,0,16,20,36,2.3453632416666665,-4.155536388888888,5.350604083333334,"Liam Hicks","29844",689414
"Bo Naylor",2024,"KC",42,0.6666666666666666,0.3333333333333333,0,0,0,24,18,42,4.094611983333334,-5.113298428571428,7.098881190476192,"Bo Naylor","21865",666310
"Francisco Lindor",2023,"KC",64,0.35714285714285715,0.2857142857142857,0.35714285714285715,0.2,0.2,40,24,64,2.2776815468750007,-5.001155609375,6.492653750000002,"Francisco Lindor","12916",596019
"Christian Yelich",2023,"KC",58,0,0.9090909090909091,0.09090909090909091,0,0,38,20,58,3.4564633275862064,-5.152508706896552,6.837846034482758,"Christian Yelich","11477",592885
"Jesús Sánchez",2024,"KC",37,0,0.8571428571428571,0.14285714285714285,0,0,23,14,37,2.9047522054054054,-5.334074989189188,6.936562432432433,"Jesus Sanchez","19913",660821
"Patrick Bailey",2024,"KC",37,0.2727272727272727,0.36363636363636365,0.36363636363636365,0,0,27,10,37,2.251584351351352,-4.355044108108107,5.701147027027027,"Patrick Bailey","27478",672275
"Joc Pederson",2024,"KC",30,0,0.5,0.5,0,0.3333333333333333,19,11,30,3.8103661999999994,-5.716608333333334,7.192572666666666,"Joc Pederson","11899",592626
"Kyle Higashioka",2025,"KC",27,0,0.6666666666666666,0.3333333333333333,0,0,12,15,27,3.613374048888889,-4.452503,6.708222962962963,"Kyle Higashioka","5517",543309
"Will Smith",2024,"KC",33,0,0.8333333333333334,0.16666666666666666,0,0,20,13,33,1.5992259999999996,-5.0024084545454555,6.283054848484848,"Will Smith","19197",669257
"Charlie Blackmon",2024,"KC",41,0.16666666666666666,0.3333333333333333,0.5,0,0,27,14,41,3.0622500487804882,-5.105071609756098,6.308443487804877,"Charlie Blackmon","7859",453568
"Jackson Merrill",2024,"KC",50,0.09090909090909091,0.5454545454545454,0.36363636363636365,0,0,30,20,50,3.2780002999999995,-5.8841098800000005,7.888558999999999,"Jackson Merrill","29490",701538
"Iván Herrera",2024,"KC",26,0.6666666666666666,0,0.3333333333333333,0,0,19,7,26,3.2833951923076916,-4.506513730769232,6.435469230769231,"Ivan Herrera","20599",671056
"Geraldo Perdomo",2025,"KC",42,0.5,0,0.5,1,0,18,24,42,1.2510416285714288,-3.6422504999999994,4.901028571428571,"Geraldo Perdomo","22799",672695
"Jake Fraley",2023,"KC",31,0.5,0.5,0,0,0,16,15,31,3.47596070967742,-4.792904580645162,6.447164838709678,"Jake Fraley","19260",641584
"Tyler Stephenson",2024,"KC",50,0.16666666666666666,0.16666666666666666,0.6666666666666666,0.25,0.25,29,21,50,0.60078129,-3.6464082800000006,4.4983085,"Tyler Stephenson","17988",663886
"Brendan Rodgers",2024,"KC",35,0.4,0.2,0.4,0,0,15,20,35,2.9687015117142854,-4.728651814285714,5.971709628571429,"Brendan Rodgers","17907",663898
"Gavin Sheets",2023,"KC",39,0.25,0.5,0.25,0,0,18,21,39,4.304713584615385,-6.363619384615384,8.057680256410256,"Gavin Sheets","19901",657757
"Henry Davis",2023,"KC",33,0.3333333333333333,0.3333333333333333,0.3333333333333333,0,1,18,15,33,3.954487018181818,-5.32548996969697,6.955541515151515,"Henry Davis","29617",680779
"Harold Castro",2023,"KC",41,0.2,0.4,0.4,0.25,0,35,6,41,2.9914359,-5.896701219512195,7.137822926829268,"Harold Castro","14691",605612
"Wilmer Flores",2025,"KC",40,1,0,0,0,0,19,21,40,2.8179456600000004,-2.728029875,5.690010225,"Wilmer Flores","5827",527038
"Adam Frazier",2023,"KC",29,0.6666666666666666,0.3333333333333333,0,0,0,21,8,29,4.550072862068966,-6.211839448275862,8.397688620689657,"Adam Frazier","15223",624428
"James Outman",2023,"KC",80,0.16666666666666666,0.5,0.3333333333333333,0,0,53,27,80,3.1088502475,-4.158222046250001,5.8335854624999985,"James Outman","24770",681546
"Alejandro Kirk",2023,"KC",40,0,0.7777777777777778,0.2222222222222222,0,0,24,16,40,2.9974803750000008,-6.196340999999999,7.79870825,"Alejandro Kirk","22581",672386
"Patrick Bailey",2023,"KC",31,0.14285714285714285,0.42857142857142855,0.42857142857142855,0.3333333333333333,0.3333333333333333,19,12,31,3.366767361290322,-4.7122677419354835,6.665343870967743,"Patrick Bailey","27478",672275
"Edgar Quero",2025,"KC",29,0.3333333333333333,0.6666666666666666,0,0,0,16,13,29,4.500602344827587,-5.502381034482759,7.992453448275862,"Edgar Quero","28022",700337
"Mookie Betts",2025,"KC",42,0.36363636363636365,0.45454545454545453,0.18181818181818182,0.5,0,27,15,42,2.0896974914285713,-3.3598913142857145,4.8317459523809525,"Mookie Betts","13611",605141
"Fernando Tatis Jr.",2023,"KC",60,0.2,0.5333333333333333,0.26666666666666666,0.25,0.25,38,22,60,1.3242574500000004,-4.2195273355000005,5.390229000000001,"Fernando Tatis Jr.","19709",665487
"Ian Happ",2024,"KC",38,0.3,0.3,0.4,0,0.25,25,13,38,2.863515234210526,-6.04795042105263,7.563494210526318,"Ian Happ","17919",664023
"Paul Goldschmidt",2023,"KC",44,0.25,0.5,0.25,0.5,0,27,17,44,1.1492152954545456,-4.3393553272727265,6.076269999999999,"Paul Goldschmidt","9218",502671
"Rowdy Tellez",2025,"KC",29,0,0,0,0,0,16,13,29,5.333256662068965,-5.827534482758621,8.408884137931036,"Rowdy Tellez","15679",642133
"Austin Hays",2025,"KC",44,0.2222222222222222,0.7777777777777778,0,0,0,28,16,44,0.5707420165454546,-5.4882385,6.1528351818181815,"Austin Hays","19363",669720
"Shea Langeliers",2023,"KC",39,0,1,0,0,0,16,23,39,1.4391228205128208,-6.188458717948718,6.93533564102564,"Shea Langeliers","25816",669127
"José Caballero",2024,"KC",32,0.25,0.75,0,0,0,24,8,32,4.6548419375000005,-5.19373446875,7.555288125000001,"Jose Caballero","23401",676609
"Cal Raleigh",2024,"KC",67,0.5,0.16666666666666666,0.3333333333333333,0,0,35,32,67,3.3779685932835815,-5.216710671641791,7.141119552238805,"Cal Raleigh","21534",663728
"Colt Keith",2024,"KC",34,0.3333333333333333,0.3333333333333333,0.3333333333333333,0,0,24,10,34,2.854787176470588,-5.247185588235295,6.542119411764705,"Colt Keith","27899",690993
"Alex Call",2023,"KC",30,1,0,0,0,0,21,9,30,1.1716889,-4.259439413333333,5.623222666666668,"Alex Call","19296",669743
"Corey Seager",2024,"KC",34,0.375,0.375,0.25,0,1,16,18,34,1.9895969705882346,-6.9750788235294126,7.961637058823531,"Corey Seager","13624",608369
"Vladimir Guerrero Jr.",2023,"KC",49,0.3333333333333333,0.5,0.16666666666666666,1,0,24,25,49,4.369537061224491,-5.962303673469387,8.14359530612245,"Vladimir Guerrero Jr.","19611",665489
"Alek Thomas",2023,"KC",36,0.6666666666666666,0.3333333333333333,0,0,0,21,15,36,4.522311111111112,-5.133527222222222,7.21076,"Alek Thomas","23792",677950
"Josh Bell",2025,"KC",27,0.2,0.6,0.2,0,1,14,13,27,4.367832851851851,-5.397511629629629,7.534078444444445,"Josh Bell","13145",605137
"Adley Rutschman",2023,"KC",53,0,0.5,0.5,0,1,26,27,53,4.538000583207547,-5.7351441698113215,8.235953018867926,"Adley Rutschman","26288",668939
"Yan Gomes",2023,"KC",26,0,0.5,0.5,1,0,19,7,26,2.9164352692307696,-5.323270384615384,7.469246153846154,"Yan Gomes","9627",543228
"Josh Bell",2023,"KC",57,0.2222222222222222,0.6666666666666666,0.1111111111111111,1,0,29,28,57,3.0730332631578943,-5.957967445614035,7.605181666666666,"Josh Bell","13145",605137
"Bryson Stott",2023,"KC",50,0.16666666666666666,0.6666666666666666,0.16666666666666666,0,0,32,18,50,3.519461952,-6.181861424,7.458293346,"Bryson Stott","26294",681082
"Lars Nootbaar",2025,"KC",28,0.25,0.5,0.25,0,1,18,10,28,4.534085607142858,-5.746930857142857,7.753974428571429,"Lars Nootbaar","21454",663457
"Romy Gonzalez",2024,"KC",33,0,0,0,0,0,16,17,33,-1.7235848484848488,-5.377648757575758,6.293698636363637,"Romy Gonzalez","21562",663853
"Kyle Schwarber",2025,"KC",60,0,1,0,0,0,33,27,60,1.5524186733333336,-3.7876807333333335,4.97090215,"Kyle Schwarber","16478",656941
"Hunter Renfroe",2023,"KC",28,0.16666666666666666,0,0.8333333333333334,0,0.2,18,10,28,1.7074951714285713,-5.18971782142857,6.552490714285713,"Hunter Renfroe","15464",592669
"Alex Verdugo",2023,"KC",38,0,0.6666666666666666,0.3333333333333333,0,0,20,18,38,5.075509815789473,-5.670848157894737,8.43998947368421,"Alex Verdugo","17027",657077
"LaMonte Wade Jr.",2024,"KC",27,0.6666666666666666,0.3333333333333333,0,0,0,14,13,27,3.2634648148148155,-6.062625185185186,7.242333333333333,"LaMonte Wade Jr.","18126",664774
"Ryan Jeffers",2025,"KC",29,0,0.6666666666666666,0.3333333333333333,0,0,18,11,29,-0.3058704379310346,-4.312680103448276,5.152603448275863,"Ryan Jeffers","24618",680777
"Trevor Larnach",2025,"KC",36,0,1,0,0,0,22,14,36,3.5342938333333334,-6.6103833750000005,8.030631166666666,"Trevor Larnach","21501",663616
"Tyler O'Neill",2024,"KC",32,0,1,0,0,0,19,13,32,1.21281778125,-3.9501873499999998,5.485181031249999,"Tyler O'Neill","15711",641933
"Mike Tauchman",2025,"KC",33,0.6666666666666666,0.3333333333333333,0,0,0,21,12,33,2.890120378787879,-4.587634672727273,6.546250424242425,"Mike Tauchman","15274",643565
"Nick Kurtz",2025,"KC",42,0,0.5,0.5,0,0.5,25,17,42,3.7238935023809527,-5.721310714285714,7.337709285714285,"Nick Kurtz","35110",701762
"Josh Smith",2025,"KC",41,0.25,0.5,0.25,0,0,25,16,41,3.9008519975609763,-6.507476097560975,8.16683243902439,"Josh Smith","26396",669701
"Sal Frelick",2025,"KC",31,0,0.5,0.5,0,0,17,14,31,2.0181340645161288,-4.607352483870968,6.090936774193549,"Sal Frelick","29622",686217
"Masataka Yoshida",2023,"KC",36,0.7142857142857143,0.2857142857142857,0,0,0,20,16,36,5.283697138888888,-5.287263611111111,8.144405555555556,"Masataka Yoshida","31837",807799
"Jorge Soler",2023,"KC",43,0.16666666666666666,0.3333333333333333,0.5,0,0,27,16,43,3.1441553651162795,-5.018563795348839,6.478806720930233,"Jorge Soler","14221",624585
"Brett Baty",2023,"KC",43,0,0.3333333333333333,0.6666666666666666,0.5,0,21,22,43,1.8631933465116286,-4.544421465116279,5.728393860465117,"Brett Baty","26123",683146
"Tommy Pham",2023,"KC",45,0.3333333333333333,0.3333333333333333,0.3333333333333333,0,0,27,18,45,1.0957380444444444,-3.9144047333333334,5.097661333333334,"Tommy Pham","2967",502054
"Willy Adames",2024,"KC",45,0,0.6,0.4,0,0,28,17,45,2.193854326666667,-4.736309200000001,5.887558800000001,"Willy Adames","15986",642715
"Marcus Semien",2025,"KC",34,0.3333333333333333,0.16666666666666666,0.5,0,0,18,16,34,3.9705011088235285,-4.333878573529411,7.052888529411765,"Marcus Semien","12533",543760
"Nolan Gorman",2024,"KC",42,0.5,0.5,0,0,0,29,13,42,4.186399119047619,-4.167586738095238,6.539045476190474,"Nolan Gorman","22263",669357
"Mike Ford",2023,"KC",29,0.3333333333333333,0.6666666666666666,0,0,0,16,13,29,2.7528512931034483,-5.94486827586207,6.685772758620689,"Mike Ford","15585",645801
"Edouard Julien",2024,"KC",43,0.5,0.5,0,0,0,21,22,43,3.4934763953488375,-6.023543255813953,7.922346279069767,"Edouard Julien","27534",666397
"Mauricio Dubón",2023,"KC",41,0.5,0.375,0.125,0,0,25,16,41,1.9615716195121953,-5.043702829268292,6.274680487804878,"Mauricio Dubon","16530",643289
"Rowdy Tellez",2024,"KC",49,0.2222222222222222,0.2222222222222222,0.5555555555555556,0.6,0,33,16,49,3.6115983265306117,-5.447403265306122,6.94047912244898,"Rowdy Tellez","15679",642133
"Jose Miranda",2024,"KC",36,0.25,0.5,0.25,0,0,24,12,36,-1.1524379055555556,-5.406025861111112,6.462724388888889,"Jose Miranda","20538",669304
"Jake McCarthy",2024,"KC",26,0.3333333333333333,0.6666666666666666,0,0,0,19,7,26,2.8717702692307685,-4.674312926923077,6.535240846153845,"Jake McCarthy","21622",664983
"Tyler Stephenson",2023,"KC",32,0.25,0.5,0.25,1,0,17,15,32,2.2278357812499996,-2.6077405000000002,4.2203043437500005,"Tyler Stephenson","17988",663886
"Ceddanne Rafaela",2025,"KC",28,0.14285714285714285,0.7142857142857143,0.14285714285714285,0,1,18,10,28,0.44184203571428565,-5.417252392857143,6.528837142857142,"Ceddanne Rafaela","24262",678882
"Alec Burleson",2023,"KC",36,0,0.3333333333333333,0.6666666666666666,0,0,21,15,36,4.820874916666666,-5.351550138888888,7.466043916666667,"Alec Burleson","27615",676475
"Jeff McNeil",2023,"KC",30,0.4444444444444444,0.4444444444444444,0.1111111111111111,0,0,20,10,30,2.3976802333333334,-4.815804666666666,5.693937333333333,"Jeff McNeil","15362",643446
"Patrick Bailey",2025,"KC",33,0,0.42857142857142855,0.5714285714285714,0,0.25,22,11,33,3.3983076151515146,-5.042915445454546,7.243056666666667,"Patrick Bailey","27478",672275
"Shea Langeliers",2024,"KC",40,0.2,0.6,0.2,0,1,25,15,40,2.0835059425,-6.387035249999999,8.080265749999999,"Shea Langeliers","25816",669127
"Luis Arraez",2023,"KC",52,0.3,0.7,0,0,0,34,18,52,3.8329620961538473,-5.445752384615384,7.266397211538461,"Luis Arraez","18568",650333
"Fernando Tatis Jr.",2025,"KC",48,0,0.8333333333333334,0.16666666666666666,0,0,28,20,48,2.131783020833333,-4.632206229166667,5.944746770833333,"Fernando Tatis Jr.","19709",665487
"Will Smith",2023,"KC",40,0.25,0.375,0.375,0,0,27,13,40,2.1873216499999995,-4.899656975000001,6.007011499999999,"Will Smith","19197",669257
"Andrew Benintendi",2023,"KC",29,0.16666666666666666,0.8333333333333334,0,0,0,20,9,29,4.72597648275862,-5.390077620689655,7.80520727586207,"Andrew Benintendi","17901",643217
"Manuel Margot",2024,"KC",26,0.5,0,0.5,0,0,12,14,26,0.3378823538461538,-3.5471498846153846,4.844370615384615,"Manuel Margot","14712",622534
"Kevin Kiermaier",2023,"KC",38,0.16666666666666666,0.6666666666666666,0.16666666666666666,0,0,24,14,38,4.625898918421052,-5.395869184210526,7.808554289473683,"Kevin Kiermaier","11038",595281
"Junior Caminero",2025,"KC",35,0.16666666666666666,0.5,0.3333333333333333,0.5,0,24,11,35,4.149939562857142,-4.715977571428572,7.016206800000001,"Junior Caminero","28163",691406
"Brent Rooker",2023,"KC",34,0,1,0,0,0,21,13,34,1.4998255294117648,-5.516006970588236,6.782941176470588,"Brent Rooker","19627",667670
"Luke Raley",2023,"KC",52,0.25,0.5,0.25,0,0,27,25,52,4.4561446153846145,-5.6922507307692305,7.987646538461539,"Luke Raley","19354",670042
"Michael A. Taylor",2023,"KC",39,0,1,0,0,0,22,17,39,2.3007778433333335,-5.9452731666666665,6.937849743589743,"Michael A. Taylor","11489",572191
"Mark Canha",2024,"KC",30,0.3333333333333333,0.3333333333333333,0.3333333333333333,0,0,18,12,30,2.7199939433333338,-4.5498,5.905821,"Mark Canha","11445",592192
"Addison Barger",2025,"KC",41,0.5,0.25,0.25,1,0,20,21,41,3.876590975609757,-6.670309317073171,7.93798,"Addison Barger","24598",680718
"Elly De La Cruz",2023,"KC",41,0,0.7142857142857143,0.2857142857142857,0,0,26,15,41,0.8350459756097558,-5.093002707317073,6.423521219512195,"Elly De La Cruz","26668",682829
"Anthony Santander",2024,"KC",55,0,0.4444444444444444,0.5555555555555556,0.2,0.2,32,23,55,3.7778953272727267,-6.277437090909092,8.132358545454547,"Anthony Santander","14551",623993
"José Ramírez",2023,"KC",78,0.2857142857142857,0.2857142857142857,0.42857142857142855,0,0.16666666666666666,49,29,78,3.0898104166666664,-5.724867743589745,7.664256923076923,"Jose Ramirez","13510",608070
"Michael Massey",2023,"KC",46,0.625,0.25,0.125,0,1,33,13,46,3.3954908543478264,-5.813505652173912,7.420054347826086,"Michael Massey","27684",686681
"Spencer Steer",2024,"KC",44,0.1111111111111111,0.5555555555555556,0.3333333333333333,0,0,29,15,44,0.5707796272727274,-3.755416295454545,4.74217484090909,"Spencer Steer","26323",668715
"Brice Turang",2024,"KC",56,0.25,0.5,0.25,0,0,35,21,56,3.1761952499999997,-6.040192392857142,7.360794321428571,"Brice Turang","22186",668930
"Abraham Toro",2024,"KC",35,0.2,0.8,0,0,0,18,17,35,2.5227828,-6.435831428571429,8.35585857142857,"Abraham Toro","19844",647351
"Wyatt Langford",2025,"KC",33,0.3333333333333333,0.6666666666666666,0,0,0,20,13,33,3.1690893333333334,-5.785279272727272,7.426728181818182,"Wyatt Langford","33333",694671
"Matt Carpenter",2024,"KC",26,0,0,0,0,0,16,10,26,3.963611769230769,-3.815705653846154,6.010813000000001,"Matt Carpenter","8090",572761
"Shohei Ohtani",2023,"KC",38,0.5,0.3333333333333333,0.16666666666666666,1,0,27,11,38,2.9947134947368417,-4.139732752631579,6.345772894736842,"Shohei Ohtani","19755",660271
"CJ Abrams",2025,"KC",36,0.42857142857142855,0.5714285714285714,0,0,0,23,13,36,4.481807972222222,-6.7061620277777765,8.652480055555557,"CJ Abrams","25768",682928
"Ryan Jeffers",2024,"KC",30,0.5,0,0.5,1,0,18,12,30,2.5692177333333333,-4.198314266666667,6.0964907666666655,"Ryan Jeffers","24618",680777
"J.T. Realmuto",2025,"KC",36,0,1,0,0,0,23,13,36,1.8176159833333339,-4.238588927777778,5.613401861111112,"J.T. Realmuto","11739",592663
"Shea Langeliers",2025,"KC",41,0.3333333333333333,0.3333333333333333,0.3333333333333333,0.5,0,24,17,41,4.0012891951219505,-5.351092546341464,7.221176829268294,"Shea Langeliers","25816",669127
"Nathaniel Lowe",2023,"KC",80,0.4117647058823529,0.4117647058823529,0.17647058823529413,0.3333333333333333,0,43,37,80,4.0675952125,-5.711732950000001,7.637489125000002,"Nathaniel Lowe","19566",663993
"Jorge Polanco",2024,"KC",51,0,0.6666666666666666,0.3333333333333333,0,0,26,25,51,3.742313294117647,-5.281011770588235,7.236788039215685,"Jorge Polanco","13152",593871
"Jorge Soler",2024,"KC",46,0,0.75,0.25,0,0,26,20,46,1.396954947826087,-3.606101176086957,4.701094565217391,"Jorge Soler","14221",624585
"Michael Harris II",2024,"KC",51,0.15384615384615385,0.5384615384615384,0.3076923076923077,0.25,0.5,37,14,51,4.131333941176471,-4.32390588235294,6.676769470588236,"Michael Harris II","25931",671739
"Jose Altuve",2025,"KC",38,0.2222222222222222,0.4444444444444444,0.3333333333333333,0.3333333333333333,0,27,11,38,3.720657478947369,-5.18445894736842,6.937509210526317,"Jose Altuve","5417",514888
"Ty France",2023,"KC",33,0.25,0.5,0.25,0,0,19,14,33,3.4424140303030306,-3.7768997575757575,5.934389515151516,"Ty France","17982",664034
"Will Smith",2025,"KC",31,0.5714285714285714,0.2857142857142857,0.14285714285714285,0,0,18,13,31,2.285645741935484,-3.4999749032258065,5.041610806451613,"Will Smith","19197",669257
"Mark Vientos",2023,"KC",36,0,0.5,0.5,0.5,0,25,11,36,1.2194605416666666,-2.9710611222222223,4.582708444444444,"Mark Vientos","22184",668901
"Joey Wiemer",2023,"KC",50,0.14285714285714285,0.7142857142857143,0.14285714285714285,0,0,36,14,50,2.9056288219999997,-5.8263722200000005,7.123405739999999,"Joey Wiemer","27690",686894
"Ezequiel Tovar",2023,"KC",33,0.375,0.375,0.25,0,0,24,9,33,1.7095053354545455,-4.5295076,5.767006363636363,"Ezequiel Tovar","24064",678662
"Joc Pederson",2023,"KC",37,0,0.5,0.5,0,0.5,22,15,37,4.035563648648648,-5.622726486486485,7.502262432432434,"Joc Pederson","11899",592626
"Zach Neto",2023,"KC",37,0.5,0.5,0,0,0,15,22,37,2.510733224324324,-4.916915445945946,6.558295135135134,"Zach Neto","31347",687263
"George Springer",2023,"KC",27,0.2727272727272727,0.5454545454545454,0.18181818181818182,0,0,18,9,27,3.4053566296296287,-5.259068518518518,6.627751851851853,"George Springer","12856",543807
"Kyle Tucker",2023,"KC",56,0.25,0.5,0.25,0,0.3333333333333333,29,27,56,3.4740748589285713,-4.079258945892858,6.398215553571428,"Kyle Tucker","18345",663656
"Ozzie Albies",2025,"KC",53,0.75,0.25,0,0,0,26,27,53,2.6951062641509433,-4.663370401886793,6.2316196981132075,"Ozzie Albies","16556",645277
"José Abreu",2023,"KC",63,0.1,0.6,0.3,0,0,38,25,63,1.5502736149206355,-5.024978682539682,6.681880206349205,"Jose Abreu","15676",547989
"Brendan Donovan",2023,"KC",28,0.2,0.6,0.2,0,0,20,8,28,3.183474407142857,-6.1351749999999985,7.212835714285715,"Brendan Donovan","24679",680977
"Michael Conforto",2024,"KC",31,0,0,1,0,0,18,13,31,2.786300903225807,-6.008220000000001,7.1378329032258065,"Michael Conforto","16376",624424
"Freddie Freeman",2024,"KC",46,0.3333333333333333,0.5,0.16666666666666666,0,0,28,18,46,2.215945630434782,-4.665056782608696,5.944205152173913,"Freddie Freeman","5361",518692
"Andrew McCutchen",2023,"KC",32,0,0,1,0,0.25,13,19,32,0.9309113281249999,-4.02420475,5.134503125000001,"Andrew McCutchen","9847",457705
"Lenyn Sosa",2025,"KC",36,0.14285714285714285,0.5714285714285714,0.2857142857142857,0,0.5,30,6,36,2.202840858333333,-4.338393205555556,5.684024083333333,"Lenyn Sosa","22896",672820
"Elly De La Cruz",2024,"KC",62,0,1,0,0,0,39,23,62,1.813861277419355,-4.553163838709678,5.779631725806452,"Elly De La Cruz","26668",682829
"Willi Castro",2024,"KC",61,0.3076923076923077,0.5384615384615384,0.15384615384615385,0,0,41,20,61,2.2111265868852454,-5.506665491803279,7.362737409836066,"Willi Castro","17338",650489
"Nick Gonzales",2024,"KC",36,0.25,0.5,0.25,0,1,27,9,36,3.4747405361111112,-4.698418,6.430710555555557,"Nick Gonzales","27490",693304
"José Tena",2024,"KC",26,1,0,0,0,0,20,6,26,6.168984615384616,-5.759831153846154,9.54591576923077,"Jose Tena","23691",677588
"Corbin Carroll",2023,"KC",40,0.1111111111111111,0.6666666666666666,0.2222222222222222,0,0.5,27,13,40,4.836786049999999,-5.130033375,7.374263999999998,"Corbin Carroll","25878",682998
"Ketel Marte",2024,"KC",39,0.14285714285714285,0.7142857142857143,0.14285714285714285,0,1,22,17,39,-0.05821499230769229,-4.045460256410258,4.962052487179487,"Ketel Marte","13613",606466
"Luke Raley",2024,"KC",40,0,0.5,0.5,0,0,23,17,40,3.9171805975000007,-6.325318749999999,8.206453,"Luke Raley","19354",670042
"Brandon Nimmo",2025,"KC",51,0.2857142857142857,0.42857142857142855,0.2857142857142857,0,0,32,19,51,2.4976501701960787,-6.118008939215686,7.105984705882354,"Brandon Nimmo","12927",607043
"Leody Taveras",2024,"KC",40,0.16666666666666666,0.5,0.3333333333333333,0,0,25,15,40,3.0502657374999997,-6.316632999999999,7.723663500000001,"Leody Taveras","18900",665750
"Nolan Gorman",2023,"KC",31,0.25,0.5,0.25,0,0,19,12,31,3.473128612903226,-4.898844838709677,6.469165161290325,"Nolan Gorman","22263",669357
"Shohei Ohtani",2025,"KC",65,0.3125,0.5,0.1875,0,0.3333333333333333,42,23,65,2.267002344615385,-3.9295413399999997,5.406690784615386,"Shohei Ohtani","19755",660271
"Trevor Story",2025,"KC",43,0.25,0.75,0,0,0,29,14,43,0.8448280046511628,-7.149320104418605,8.297648372093024,"Trevor Story","12564",596115
"Alec Bohm",2023,"KC",34,0.5714285714285714,0.42857142857142855,0,0,0,19,15,34,1.2909843235294118,-4.47491555882353,5.65969794117647,"Alec Bohm","21618",664761
"Max Kepler",2024,"KC",37,0,0.6,0.4,0,0,23,14,37,2.0511866864864863,-5.595284324324324,7.252226486486488,"Max Kepler","12144",596146
"Edward Olivares",2023,"KC",26,0.5,0.5,0,0,0,13,13,26,1.7398648076923078,-6.118248076923077,6.684131923076924,"Edward Olivares","19698",658668
"David Peralta",2023,"KC",32,0.1111111111111111,0.6666666666666666,0.2222222222222222,0,0,25,7,32,3.69125646875,-4.241052906250001,6.419036875,"David Peralta","2136",444482
"Emmanuel Rivera",2023,"KC",27,0.2,0.6,0.2,0,0,16,11,27,2.4457224814814817,-4.167789814814815,6.261910370370371,"Emmanuel Rivera","19890",656896
"Josh Rojas",2023,"KC",29,0.2,0.8,0,0,0,17,12,29,5.1894089655172415,-6.675142413793104,8.685578275862069,"Josh Rojas","19734",668942
"Chris Taylor",2023,"KC",38,0,1,0,0,0,23,15,38,2.894763944736842,-4.657888368421053,6.511964710526316,"Chris Taylor","13757",621035
"Jake Cronenworth",2023,"KC",42,0.5555555555555556,0.2222222222222222,0.2222222222222222,0,0,26,16,42,1.799279833333333,-4.892969595238095,5.817934761904762,"Jake Cronenworth","18036",630105
"Joc Pederson",2025,"KC",30,0.3333333333333333,0.6666666666666666,0,0,0,19,11,30,5.547091866666666,-6.220335,8.768858,"Joc Pederson","11899",592626
"Luis García Jr.",2025,"KC",41,0.4,0,0.6,0.16666666666666666,0.3333333333333333,29,12,41,4.906486487804878,-5.98122407804878,8.324037073170732,"Luis Garcia Jr.","20391",671277
"Jacob Young",2024,"KC",31,0.5,0.5,0,0,0,18,13,31,3.4609909032258073,-5.577475645161291,7.498104838709677,"Jacob Young","29931",696285
"Whit Merrifield",2023,"KC",30,0.25,0.75,0,0,0,15,15,30,3.198373753333333,-6.687214000000002,8.388874,"Whit Merrifield","11281",593160
"Taylor Ward",2024,"KC",27,0.25,0.5,0.25,0,0,17,10,27,2.533351148148148,-6.151,7.568451481481481,"Taylor Ward","17548",621493
"Brandon Lowe",2025,"KC",29,0.25,0.5,0.25,0,0,18,11,29,4.439665862068965,-6.177569655172413,8.25443448275862,"Brandon Lowe","18882",664040
"JJ Bleday",2023,"KC",34,0.3333333333333333,0.5,0.16666666666666666,0,0,17,17,34,3.398689355882353,-6.020984705882352,7.350436470588236,"JJ Bleday","26368",668709
"Santiago Espinal",2024,"KC",34,0.5,0.25,0.25,0,1,17,17,34,0.7981640911764706,-3.961558852941176,5.025964911764707,"Santiago Espinal","19997",669289
"Connor Joe",2024,"KC",33,0.3333333333333333,0.6666666666666666,0,0,0,19,14,33,1.03806,-3.447905909090909,4.31491606060606,"Connor Joe","16572",656582
"Luis García Jr.",2024,"KC",42,0,0.875,0.125,0,1,28,14,42,3.842859035714285,-6.008886371428572,7.704476880952381,"Luis Garcia Jr.","20391",671277
"Brandon Marsh",2025,"KC",32,0.3333333333333333,0,0.6666666666666666,0,0.5,18,14,32,2.5381662781249994,-5.5124075625,6.875495281250001,"Brandon Marsh","20202",669016
"Brandon Marsh",2023,"KC",40,0.25,0.5,0.25,0,0,22,18,40,3.44718990625,-5.8873110749999995,7.0444431000000005,"Brandon Marsh","20202",669016
"Nick Castellanos",2023,"KC",45,0,0.6,0.4,0,0.5,36,9,45,2.5323970444444446,-4.6903286444444445,6.042959777777777,"Nick Castellanos","11737",592206
"Ozzie Albies",2023,"KC",66,0.38461538461538464,0.38461538461538464,0.23076923076923078,0,0,43,23,66,2.992069375757576,-5.175459863636364,6.490091363636363,"Ozzie Albies","16556",645277
"Nick Fortes",2023,"KC",28,0,0.8571428571428571,0.14285714285714285,1,0,18,10,28,1.8557622499999997,-5.173005632142856,6.177975000000001,"Nick Fortes","21538",663743
"Luis García Jr.",2023,"KC",32,0.18181818181818182,0.45454545454545453,0.36363636363636365,0,0,20,12,32,3.780766221875001,-5.245339281250001,6.8333368750000005,"Luis Garcia Jr.","20391",671277
"Edmundo Sosa",2023,"KC",26,0.25,0.5,0.25,0,1,21,5,26,2.0943204269230766,-5.010903642307691,6.265465961538461,"Edmundo Sosa","17022",624641
"Dominic Canzone",2024,"KC",28,0.25,0.75,0,0,0,16,12,28,5.575536839285715,-6.5425642857142865,9.124372857142857,"Dominic Canzone","26438",686527
"Pavin Smith",2025,"KC",28,0,1,0,0,0,16,12,28,3.8846893571428573,-3.12956535,5.237744749999999,"Pavin Smith","19892",656976
"Matt Chapman",2025,"KC",31,0.6666666666666666,0.3333333333333333,0,0,0,20,11,31,1.9607623806451615,-3.670466393548387,5.81600729032258,"Matt Chapman","16505",656305
"Jonah Heim",2023,"KC",38,0.25,0.375,0.375,0,0,24,14,38,3.9779638947368423,-5.899107342105264,7.582808157894738,"Jonah Heim","16930",641680
"Gavin Lux",2025,"KC",46,0.2,0.6,0.2,0,0,30,16,46,2.2487185217391303,-3.7542403630434777,5.074015195652175,"Gavin Lux","19955",666158
"Anthony Volpe",2023,"KC",41,0,0.5,0.5,0,0,22,19,41,1.691624926829268,-5.07145956097561,6.168579121951217,"Anthony Volpe","27647",683011
"Nathaniel Lowe",2025,"KC",30,0.3333333333333333,0,0.6666666666666666,0,0.5,19,11,30,2.5846728,-5.581441133333334,6.9157563333333325,"Nathaniel Lowe","19566",663993
"Brandon Lowe",2023,"KC",74,0.09090909090909091,0.6363636363636364,0.2727272727272727,0,0.3333333333333333,51,23,74,4.391805337837838,-6.408938108108108,8.469554189189187,"Brandon Lowe","18882",664040
"Jake Meyers",2023,"KC",43,0,0.5,0.5,0,0,29,14,43,3.300721627906976,-4.322686162790697,6.2907142558139535,"Jake Meyers","20308",676694
"Nolan Schanuel",2024,"KC",46,0,0.4,0.6,0.6666666666666666,0,25,21,46,2.7830262413043476,-6.127765478260869,7.563136739130431,"Nolan Schanuel","33189",694384
"J.D. Martinez",2023,"KC",33,0,0.4,0.6,0,0,20,13,33,3.1051407575757586,-3.7057157575757573,5.498710757575758,"J.D. Martinez","6184",502110
"Eugenio Suárez",2023,"KC",27,0,0.75,0.25,0,1,13,14,27,1.7677889259259258,-5.232813085185186,7.161180000000002,"Eugenio Suarez","12552",553993
"LaMonte Wade Jr.",2023,"KC",43,0.42857142857142855,0.5714285714285714,0,0,0,25,18,43,3.5667425139534887,-5.8103934883720925,7.372181162790695,"LaMonte Wade Jr.","18126",664774
"Ben Rortvedt",2024,"KC",26,0.25,0.25,0.5,0.5,0,17,9,26,3.518666565384615,-5.723798846153845,7.235626538461539,"Ben Rortvedt","20287",666163
"Eddie Rosario",2023,"KC",72,0.5,0.3,0.2,0.5,0,54,18,72,4.280359375,-5.7365795833333335,7.497454861111111,"Eddie Rosario","12155",592696
"Jack Suwinski",2024,"KC",29,0.5,0,0.5,0,0,15,14,29,2.699371896551724,-4.621169827586207,5.785267448275862,"Jack Suwinski","22244",669261
"Chas McCormick",2023,"KC",50,0.1111111111111111,0.5555555555555556,0.3333333333333333,0,0,35,15,50,1.37581694,-5.3844632,6.819775200000001,"Chas McCormick","19599",676801
"Max Muncy",2024,"KC",44,0.3333333333333333,0.6666666666666666,0,0,0,25,19,44,2.2215608636363635,-4.020470229545453,5.041012272727273,"Max Muncy","13301",571970
"Trent Grisham",2023,"KC",50,0.25,0.375,0.375,0.3333333333333333,0,33,17,50,1.213608842,-4.451532682000001,5.4200302,"Trent Grisham","18564",663757
"Seiya Suzuki",2025,"KC",41,0.3333333333333333,0.6666666666666666,0,0,0,20,21,41,2.098277096341464,-4.702854170731707,6.212075048780488,"Seiya Suzuki","30116",673548
"Jesús Sánchez",2025,"KC",52,0.3333333333333333,0.5,0.16666666666666666,0,0.5,38,14,52,3.472121326923077,-3.8126363326923074,6.690788423076923,"Jesus Sanchez","19913",660821
"Brice Turang",2025,"KC",45,0,0.8,0.2,0,0,22,23,45,3.1768137333333333,-4.9882244,6.6736039555555555,"Brice Turang","22186",668930
"Christian Bethancourt",2023,"KC",36,0.1111111111111111,0.4444444444444444,0.4444444444444444,0.5,0,20,16,36,2.4711700555555556,-6.448624722222223,7.689926944444445,"Christian Bethancourt","10028",542194
"Teoscar Hernández",2023,"KC",45,0.5,0.25,0.25,0,0,25,20,45,3.1153309400000007,-5.2872603555555555,6.809639777777777,"Teoscar Hernandez","13066",606192
"Jarred Kelenic",2023,"KC",31,0.2,0.8,0,0,0,15,16,31,5.285899451612903,-5.95195870967742,8.300523870967742,"Jarred Kelenic","22558",672284
"Ben Rice",2025,"KC",44,0.5,0.5,0,0,0,25,19,44,3.7393497954545456,-6.735928613636364,8.681782727272726,"Ben Rice","29576",700250
"Max Kepler",2023,"KC",33,0.5,0.375,0.125,0,0,22,11,33,2.8766166363636367,-6.607813696969698,7.3811010303030296,"Max Kepler","12144",596146
"Andrew Benintendi",2025,"KC",40,0.2222222222222222,0.6666666666666666,0.1111111111111111,0,0,23,17,40,4.77404554,-5.693748574999999,7.964470749999999,"Andrew Benintendi","17901",643217
"Tony Kemp",2023,"KC",31,0.4,0.6,0,0,0,18,13,31,3.5103787096774193,-6.876529677419353,8.069439999999998,"Tony Kemp","14894",643393
"Anthony Rizzo",2023,"KC",40,0.42857142857142855,0.5714285714285714,0,0,0,29,11,40,3.2344738907500004,-5.5849371675,6.799255249999999,"Anthony Rizzo","3473",519203
"Jackson Chourio",2024,"KC",31,0.6,0.4,0,0,0,22,9,31,2.919441129032258,-5.536914941935485,6.797763935483872,"Jackson Chourio","28806",694192
"Oswaldo Cabrera",2023,"KC",26,0,0,0,0,0,16,10,26,2.704018,-5.73315076923077,6.905967692307692,"Oswaldo Cabrera","21707",665828
"Bobby Witt Jr.",2023,"KC",33,0.125,0.5,0.375,0,0.3333333333333333,20,13,33,2.0235643030303034,-5.806570303030304,6.771313333333334,"Bobby Witt Jr.","25764",677951
"Dansby Swanson",2023,"KC",41,0.25,0.75,0,0,0,20,21,41,2.2076493902439025,-4.829663512195122,6.190049731707318,"Dansby Swanson","18314",621020
"Randy Arozarena",2023,"KC",59,0.26666666666666666,0.4666666666666667,0.26666666666666666,0.25,0.25,40,19,59,3.514255859322034,-6.9508749152542375,8.749120000000001,"Randy Arozarena","19290",668227
"Isaac Collins",2025,"KC",33,0.42857142857142855,0.42857142857142855,0.14285714285714285,0,1,18,15,33,2.1959893424242427,-4.878949590909091,6.329677878787878,"Isaac Collins","25477",686555
"Cody Bellinger",2025,"KC",36,0,1,0,0,0,23,13,36,2.409062833333333,-6.1349516416666665,7.390448972222223,"Cody Bellinger","15998",641355
"Jeff McNeil",2025,"KC",27,0.3333333333333333,0.5,0.16666666666666666,0,0,14,13,27,4.456875296296296,-6.561900000000001,8.276010740740741,"Jeff McNeil","15362",643446
"Josh Lowe",2025,"KC",29,0.5,0.5,0,0,0,21,8,29,4.641569379310345,-6.279854827586207,8.119026206896551,"Josh Lowe","19953",666139
"Christian Yelich",2025,"KC",53,0,0.5,0.5,0,0.5,32,21,53,1.7174693584905663,-4.539987900000001,5.738127566037736,"Christian Yelich","11477",592885
"J.P. Crawford",2024,"KC",27,0.14285714285714285,0.2857142857142857,0.5714285714285714,0.25,0,17,10,27,3.9396525555555564,-5.835566666666666,7.815857037037036,"J.P. Crawford","15491",641487
"Bo Bichette",2023,"KC",34,0,0.4,0.6,0,0.6666666666666666,20,14,34,3.711681617647059,-6.386178529411765,8.158220882352941,"Bo Bichette","19612",666182
"Josh Jung",2025,"KC",28,0,0.8,0.2,0,0,19,9,28,4.037858714285714,-5.168023571428571,7.670395357142857,"Josh Jung","26299",673962
"Spencer Steer",2023,"KC",52,0.08333333333333333,0.3333333333333333,0.5833333333333334,0,0.14285714285714285,28,24,52,2.3466943076923084,-4.456408307692308,6.205553461538463,"Spencer Steer","26323",668715
"Pete Alonso",2025,"KC",48,0.5555555555555556,0.3333333333333333,0.1111111111111111,0,1,33,15,48,2.3715644583333333,-5.368796604166666,6.491344375,"Pete Alonso","19251",624413
"Seth Brown",2023,"KC",29,0.2,0.2,0.6,0,1,18,11,29,3.1562738275862063,-6.994544137931035,8.068656896551724,"Seth Brown","18171",664913
"Jordan Beck",2025,"KC",40,0,0.25,0.75,0,0,22,18,40,1.02416448425,-4.69439186,5.518423050000001,"Jordan Beck","31431",687597
"Brice Turang",2023,"KC",49,0.4,0.2,0.4,0.5,0,31,18,49,4.659471667346938,-5.537181979591839,7.57463224489796,"Brice Turang","22186",668930
"Bryce Harper",2024,"KC",40,0.42857142857142855,0.42857142857142855,0.14285714285714285,1,0,30,10,40,0.6922303499999998,-6.359321499999999,7.471388,"Bryce Harper","11579",547180
"Jose Siri",2024,"KC",49,1,0,0,0,0,34,15,49,1.9698711367346942,-4.98139913877551,6.364858979591838,"Jose Siri","17452",642350
"J.T. Realmuto",2023,"KC",35,0,0.5,0.5,0,0,21,14,35,2.011834474285714,-4.661818914285714,5.817443142857142,"J.T. Realmuto","11739",592663
"Davis Schneider",2024,"KC",37,0.5,0.3333333333333333,0.16666666666666666,0,0,19,18,37,0.9423190616216215,-5.588834324324324,6.685710540540541,"Davis Schneider","23565",676914
"Ke'Bryan Hayes",2025,"KC",36,0.4,0.6,0,0,0,28,8,36,2.14325425,-5.260011583333334,6.194746972222222,"Ke'Bryan Hayes","18577",663647
"Trevor Larnach",2024,"KC",36,0.6666666666666666,0,0.3333333333333333,0,0,21,15,36,4.969249583333333,-5.878799722222222,8.393491666666668,"Trevor Larnach","21501",663616
"Jean Segura",2023,"KC",27,0.2,0.6,0.2,0,0,14,13,27,1.91526874074074,-4.318935451851853,5.863864444444444,"Jean Segura","5933",516416
"Alec Burleson",2024,"KC",30,0.3333333333333333,0.5,0.16666666666666666,0,1,21,9,30,1.5461507000000003,-3.1119601533333334,4.971458266666667,"Alec Burleson","27615",676475
"Yoán Moncada",2025,"KC",33,0,0.8,0.2,0,0,16,17,33,4.261138212121213,-5.430502212121213,7.509498,"Yoan Moncada","17232",660162
"Cal Raleigh",2025,"KC",36,0.14285714285714285,0.14285714285714285,0.7142857142857143,0.2,0.2,21,15,36,2.8435915,-4.64052111111111,6.135110166666666,"Cal Raleigh","21534",663728
"Andy Pages",2025,"KC",37,0,0.25,0.75,0,0,25,12,37,1.7053493135135134,-2.9821077648648653,4.214868918918919,"Andy Pages","24816",681624
"Brent Rooker",2024,"KC",29,0.3333333333333333,0,0.6666666666666666,0,0.5,13,16,29,2.3377217586206895,-5.068175655172414,7.198789655172414,"Brent Rooker","19627",667670
"Miguel Vargas",2025,"KC",34,0.3333333333333333,0.5,0.16666666666666666,0,0,18,16,34,1.3241638382352945,-3.9319174705882354,6.098657352941177,"Miguel Vargas","20178",678246
"Mike Trout",2025,"KC",27,0.25,0.25,0.5,0,0.5,14,13,27,3.4833344814814815,-5.572492407407408,7.838065185185184,"Mike Trout","10155",545361
"Aaron Judge",2025,"KC",38,0.25,0.25,0.5,0,0.5,27,11,38,2.9726472368421053,-6.218689210526316,7.860902631578947,"Aaron Judge","15640",592450
"Austin Riley",2023,"KC",34,0.3333333333333333,0.3333333333333333,0.3333333333333333,0,0.5,24,10,34,3.0423386764705884,-5.3455135294117655,6.729402647058823,"Austin Riley","18360",663586
"TJ Friedl",2023,"KC",31,0.25,0.75,0,0,0,17,14,31,4.042433935483871,-5.217967774193547,7.011359032258064,"TJ Friedl","19522",670770
"Matt Olson",2025,"KC",45,0,0.5,0.5,0,0.5,26,19,45,2.6413980453333337,-5.349259822222223,6.955897022222221,"Matt Olson","14344",621566
"Salvador Perez",2025,"KC",39,0.4444444444444444,0.3333333333333333,0.2222222222222222,0,0,21,18,39,3.1196155453846157,-5.023033453846154,6.335757769230769,"Salvador Perez","7304",521692
"Gary Sánchez",2023,"KC",33,0.25,0.25,0.5,0,0,20,13,33,1.5459466575757577,-3.111813351515152,4.252141818181817,"Gary Sanchez","11442",596142
"Wenceel Pérez",2024,"KC",31,0,0.6666666666666666,0.3333333333333333,0,0,16,15,31,3.262716525806451,-5.898003580645161,7.260598387096773,"Wenceel Perez","22857",672761
"Angel Martínez",2025,"KC",36,0,0.75,0.25,0,0,22,14,36,3.1566391666666664,-6.149211111111111,7.8105897222222245,"Angel Martinez","26540",682657
"Masataka Yoshida",2024,"KC",40,0.2,0.8,0,0,0,23,17,40,2.1417553500000004,-5.6258931,7.166656575,"Masataka Yoshida","31837",807799
"Jarren Duran",2024,"KC",36,0.14285714285714285,0.7142857142857143,0.14285714285714285,0,0,26,10,36,1.9987706388888897,-5.60381761111111,7.113081916666666,"Jarren Duran","24617",680776
"Paul Goldschmidt",2024,"KC",43,0.3333333333333333,0.3333333333333333,0.3333333333333333,0.3333333333333333,0,25,18,43,1.730811906976744,-3.639357020930232,5.646760279069768,"Paul Goldschmidt","9218",502671
"Jonah Heim",2024,"KC",38,0.5,0.5,0,0,0,16,22,38,2.718207534210526,-6.016790947368422,7.582968157894737,"Jonah Heim","16930",641680
"LaMonte Wade Jr.",2025,"KC",27,0.25,0.5,0.25,1,0,18,9,27,3.960474811111111,-6.482172740740741,8.11893362962963,"LaMonte Wade Jr.","18126",664774
"Nolan Arenado",2024,"KC",34,0.14285714285714285,0.5714285714285714,0.2857142857142857,0,1,20,14,34,1.7399754705882355,-4.719853970588235,6.872491764705882,"Nolan Arenado","9777",571448
"Corbin Carroll",2025,"KC",41,0,0.6,0.4,0.5,0.5,25,16,41,2.998212170731707,-4.193321341463415,6.070466439024391,"Corbin Carroll","25878",682998
"Martín Maldonado",2023,"KC",38,0.16666666666666666,0.5,0.3333333333333333,0,0,26,12,38,3.271435289473685,-5.9119032368421065,7.502848421052632,"Martin Maldonado","6887",455117
"Rafael Devers",2024,"KC",30,0.3333333333333333,0.5,0.16666666666666666,0,0,17,13,30,1.9345194999999997,-4.446891099999999,5.790043,"Rafael Devers","17350",646240
"Fernando Tatis Jr.",2024,"KC",28,0.4,0.4,0.2,0,0,11,17,28,2.0357111428571426,-4.964489357142858,7.068085357142857,"Fernando Tatis Jr.","19709",665487
"Jazz Chisholm Jr.",2025,"KC",31,0,0.25,0.75,0,1,19,12,31,3.4503444193548383,-6.438300000000001,7.771675483870968,"Jazz Chisholm Jr.","20454",665862
"Andrés Giménez",2023,"KC",49,0.07142857142857142,0.7857142857142857,0.14285714285714285,0,0.5,30,19,49,3.3519343877551018,-5.824669040816327,8.084542040816325,"Andres Gimenez","19950",665926
"Matt McLain",2025,"KC",37,0.2727272727272727,0.45454545454545453,0.2727272727272727,0,0,23,14,37,2.1865817189189185,-4.552658216216216,5.6639887837837835,"Matt McLain","29695",680574
"Esteury Ruiz",2023,"KC",26,0.6666666666666666,0.3333333333333333,0,0,0,19,7,26,1.8461040884615383,-6.448795384615384,8.181333461538463,"Esteury Ruiz","21780",665923
"Nick Maton",2023,"KC",50,0.16666666666666666,0.5,0.3333333333333333,0,0.5,31,19,50,4.02672762,-6.281997799999999,7.9210498000000005,"Nick Maton","21635",665155
"Andy Pages",2024,"KC",26,0.4,0.4,0.2,0,0,20,6,26,1.4278992307692309,-4.434032807692308,6.004322807692308,"Andy Pages","24816",681624
"Triston Casas",2023,"KC",27,1,0,0,0,0,14,13,27,5.257133444444443,-5.546925777777778,8.326574814814816,"Triston Casas","22514",671213
"Joey Ortiz",2024,"KC",30,0,0.5,0.5,0.5,0,14,16,30,0.3105551133333335,-5.418828333333334,6.053747666666667,"Joey Ortiz","25493",687401
"Gio Urshela",2023,"KC",26,0,0.6,0.4,0,0,12,14,26,1.9021187692307693,-3.704908538461538,6.123177307692307,"Gio Urshela","10681",570482
"Josh Lowe",2024,"KC",28,0.4,0.4,0.2,0,0,21,7,28,3.0394608642857146,-5.4302939285714285,6.66973357142857,"Josh Lowe","19953",666139
"Ji Hwan Bae",2023,"KC",31,0,0.6666666666666666,0.3333333333333333,0,0,18,13,31,5.255963929032257,-5.971822258064516,8.225673870967741,"Ji Hwan Bae","23818",678225
"Bryce Harper",2023,"KC",61,0.1,0.4,0.5,0.2,0.4,41,20,61,1.824322958852459,-3.7788279672131138,4.887256983606558,"Bryce Harper","11579",547180
"Triston Casas",2024,"KC",26,0,1,0,0,0,16,10,26,2.9271007307692307,-6.556413461538463,7.711664615384615,"Triston Casas","22514",671213
"Michael Conforto",2025,"KC",37,0.2,0.4,0.4,0,0.5,26,11,37,3.3654510540540534,-4.093021359459461,6.044264108108107,"Michael Conforto","16376",624424
"Marcell Ozuna",2023,"KC",84,0.2,0.6,0.2,0,0.5,52,32,84,2.976215279761905,-4.925071904761905,6.326115238095239,"Marcell Ozuna","10324",542303
"Eric Haase",2023,"KC",30,0,1,0,0,0,20,10,30,1.2051164233333331,-5.882795700000001,7.015666666666666,"Eric Haase","14111",606992
"Bryan Reynolds",2024,"KC",55,0.3,0.3,0.4,0.5,0,32,23,55,3.073939519090909,-5.450872269090908,7.087708145454543,"Bryan Reynolds","19326",668804
"Ke'Bryan Hayes",2023,"KC",33,0.42857142857142855,0.2857142857142857,0.2857142857142857,0,0,20,13,33,0.6497416969696969,-4.18739096969697,5.415811818181818,"Ke'Bryan Hayes","18577",663647
"Cody Bellinger",2023,"KC",31,0,0.8333333333333334,0.16666666666666666,0,1,22,9,31,3.110412341935484,-5.47923,6.768847419354838,"Cody Bellinger","15998",641355
"Jordan Walker",2025,"KC",30,0,0.5,0.5,0,0,13,17,30,-0.5678332133333333,-5.560567333333333,7.077961333333333,"Jordan Walker","27475",691023
"Jasson Domínguez",2025,"KC",35,0.25,0.25,0.5,0.5,0,21,14,35,2.3920312285714282,-5.765741342857144,7.946419142857143,"Jasson Dominguez","28080",691176
"Nolan Arenado",2023,"KC",34,0.5,0.5,0,0,0,25,9,34,3.057458611764705,-4.982165294117646,6.427369411764707,"Nolan Arenado","9777",571448
"Jonah Heim",2025,"KC",33,0,1,0,0,0,19,14,33,3.378063515151515,-5.185728575757576,6.993301272727272,"Jonah Heim","16930",641680
"Juan Soto",2023,"KC",88,0.23529411764705882,0.7058823529411765,0.058823529411764705,0,0,46,42,88,2.474961653409091,-4.529519981818181,5.893612295454546,"Juan Soto","20123",665742
"Christian Yelich",2024,"KC",34,0.25,0.5,0.25,0,0,20,14,34,2.616544058823529,-4.6179038529411764,6.138023235294118,"Christian Yelich","11477",592885
"Yasmani Grandal",2023,"KC",30,0.3333333333333333,0.6666666666666666,0,0,0,17,13,30,3.887191066666667,-3.9691287000000006,5.989452133333334,"Yasmani Grandal","11368",518735
"Tyler Soderstrom",2025,"KC",73,0.18181818181818182,0.6363636363636364,0.18181818181818182,0,0,46,27,73,3.3763440473972595,-5.273321273972603,6.945211506849315,"Tyler Soderstrom","27467",691016
"Adolis García",2025,"KC",26,0,0.6,0.4,0,0,19,7,26,4.657088249999999,-5.342499384615384,7.8911999999999995,"Adolis Garcia","19287",666969
"Daylen Lile",2025,"KC",28,0.3333333333333333,0,0.6666666666666666,0,0,17,11,28,4.699048500000001,-5.988314321428571,8.023961714285713,"Daylen Lile","29995",695734
"Riley Greene",2025,"KC",27,0,1,0,0,0,20,7,27,1.4452566592592593,-5.322704185185184,6.136571222222222,"Riley Greene","25976",682985
"Cam Smith",2025,"KC",44,1,0,0,0,0,30,14,44,2.630509979545455,-4.487820227272728,5.895207045454546,"Cam Smith","35108",701358
"Corbin Carroll",2024,"KC",37,0.16666666666666666,0.8333333333333334,0,0,0,20,17,37,2.5632681108108106,-4.365012297297297,6.479018108108107,"Corbin Carroll","25878",682998
"Jurickson Profar",2024,"KC",59,0.42857142857142855,0.42857142857142855,0.14285714285714285,0,0,36,23,59,2.102821216949153,-5.337824305084745,6.621918186440679,"Jurickson Profar","10815",595777
"Xander Bogaerts",2023,"KC",50,0.5833333333333334,0.25,0.16666666666666666,0.5,0.5,28,22,50,1.18038339,-5.074871775999999,6.026988800000001,"Xander Bogaerts","12161",593428
"Gunnar Henderson",2024,"KC",49,0.2727272727272727,0.45454545454545453,0.2727272727272727,0,0.6666666666666666,39,10,49,4.303146202387755,-6.6907885714285715,8.768105102040817,"Gunnar Henderson","26289",683002
"Jurickson Profar",2023,"KC",36,0.16666666666666666,0.16666666666666666,0.6666666666666666,0,0.25,20,16,36,2.808641444444445,-5.412581833333333,6.996196666666666,"Jurickson Profar","10815",595777
"Corey Julks",2023,"KC",30,0.4,0.2,0.4,0.5,0,22,8,30,2.2763916333333327,-4.5406815766666675,6.321233333333333,"Corey Julks","20311",667452
"Orlando Arcia",2024,"KC",56,0.14285714285714285,0.5714285714285714,0.2857142857142857,0,0,34,22,56,3.229687396428571,-3.8490838591071426,5.708804107142856,"Orlando Arcia","13185",606115
"Kyle Isbel",2023,"KC",30,0.25,0.75,0,0,0,22,8,30,4.469620233333333,-5.466799333333333,7.387438333333334,"Kyle Isbel","21614",664728
"Brandon Nimmo",2024,"KC",50,0,0.6666666666666666,0.3333333333333333,0,0.5,28,22,50,3.5613143319999994,-5.15225236,6.78438888,"Brandon Nimmo","12927",607043
"Ha-Seong Kim",2023,"KC",48,0.16666666666666666,0.5,0.3333333333333333,0.5,0,25,23,48,0.9235658687499996,-4.715639395833333,5.4360645625,"Ha-Seong Kim","27506",673490
"Marcell Ozuna",2024,"KC",70,0.15384615384615385,0.46153846153846156,0.38461538461538464,0,0,41,29,70,3.4867067142857144,-5.120953571428573,7.024175171428571,"Marcell Ozuna","10324",542303
"Javier Báez",2023,"KC",27,0.2,0.8,0,0,0,19,8,27,2.219835081481482,-5.967795555555556,7.4366344444444445,"Javier Baez","12979",595879
"Richie Palacios",2024,"KC",29,0.6,0.4,0,0,0,20,9,29,4.274747620689655,-6.151285172413792,8.196820689655171,"Richie Palacios","24589",680700
"Harold Ramírez",2023,"KC",33,0,0.6666666666666666,0.3333333333333333,0,0,19,14,33,2.7337434848484854,-7.05812606060606,8.318216363636363,"Harold Ramirez","14387",623912
"Joey Loperfido",2024,"KC",27,0.3333333333333333,0.6666666666666666,0,0,0,16,11,27,1.8420284444444446,-5.899676666666666,7.64780962962963,"Joey Loperfido","29630",694388
"Rowdy Tellez",2023,"KC",30,0,0.5,0.5,0,0,18,12,30,3.8385713999999997,-5.286622433333333,6.896659333333332,"Rowdy Tellez","15679",642133
"Rafael Devers",2023,"KC",58,0.3,0.5,0.2,0.5,0.5,36,22,58,4.5554147586206915,-5.276402068965517,8.007153965517244,"Rafael Devers","17350",646240
"Julio Rodríguez",2024,"KC",50,0.16666666666666666,0.3333333333333333,0.5,0.3333333333333333,0.3333333333333333,28,22,50,3.5212015799999987,-5.525826519999999,7.3271802,"Julio Rodriguez","23697",677594
"Kyle Tucker",2025,"KC",46,0.2,0.2,0.6,0,0,27,19,46,3.1616828913043475,-5.388067065217392,6.773084521739132,"Kyle Tucker","18345",663656
"Tyrone Taylor",2025,"KC",30,0,0.6666666666666666,0.3333333333333333,0,0,19,11,30,2.0946876,-6.100358666666666,6.752796,"Tyrone Taylor","13675",621438
"Brandon Drury",2023,"KC",28,0.16666666666666666,0.5,0.3333333333333333,0.5,0,16,12,28,2.161831428571429,-4.807739060714286,6.325139642857144,"Brandon Drury","11615",592273
"Michael Toglia",2024,"KC",48,0.5,0.25,0.25,0,0,35,13,48,2.2791056666666667,-4.839341560416666,5.8869673958333335,"Michael Toglia","25845",669911
"Mark Vientos",2025,"KC",30,0,1,0,0,0,17,13,30,1.2987647333333334,-6.117472966666666,6.7051656,"Mark Vientos","22184",668901
"Yasmani Grandal",2024,"KC",26,0,1,0,0,0,17,9,26,2.8366175384615384,-5.83456,7.038079230769231,"Yasmani Grandal","11368",518735
"Bryce Harper",2025,"KC",57,0.2,0.5,0.3,0,0,37,20,57,1.8509406210526316,-5.024032785964911,6.152232,"Bryce Harper","11579",547180
"Spencer Steer",2025,"KC",44,0.5,0.5,0,0,0,31,13,44,0.7683346152272726,-3.581764542045454,5.0088145,"Spencer Steer","26323",668715
"Cody Bellinger",2024,"KC",40,0.125,0.5,0.375,0.3333333333333333,0,29,11,40,3.6767545750000012,-5.931905,7.822063,"Cody Bellinger","15998",641355
"Marcell Ozuna",2025,"KC",36,0,0.5,0.5,1,0,21,15,36,2.381750815138889,-3.8369936388888894,5.273724194444444,"Marcell Ozuna","10324",542303
"Luis Rengifo",2025,"KC",54,0,0.8181818181818182,0.18181818181818182,0,0,36,18,54,3.9444650712962965,-6.085510722222223,7.650646574074075,"Luis Rengifo","19858",650859
"Thairo Estrada",2023,"KC",32,0,0,1,0,0,20,12,32,2.05138269375,-5.6847759375,6.376748125000001,"Thairo Estrada","16426",642731
"J.P. Crawford",2023,"KC",31,0.8,0.2,0,0,0,17,14,31,3.767778806451613,-6.0869795087096765,7.811567741935484,"J.P. Crawford","15491",641487
"Dylan Moore",2024,"KC",30,0,0.25,0.75,0,0,15,15,30,3.081018066666667,-4.420327796666666,6.492259333333334,"Dylan Moore","18042",664238
"Manny Machado",2025,"KC",48,0.21428571428571427,0.6428571428571429,0.14285714285714285,0,0.5,33,15,48,2.7343007479166666,-4.138660833333334,6.155191458333332,"Manny Machado","11493",592518
"Matt Vierling",2023,"KC",33,0,1,0,0,0,15,18,33,0.13502027272727293,-4.658522775757576,6.393108090909091,"Matt Vierling","21558",663837
"Orlando Arcia",2023,"KC",51,0.5,0.375,0.125,0,0,28,23,51,3.0603240137254906,-5.5572509803921575,6.882668235294117,"Orlando Arcia","13185",606115
"Oneil Cruz",2024,"KC",78,0.25,0.75,0,0,0,47,31,78,3.7042537782051284,-6.020378051282051,7.768928897435896,"Oneil Cruz","21711",665833
"Justin Turner",2024,"KC",32,0.375,0.5,0.125,0,0,19,13,32,3.223569712499999,-5.282537656249998,6.952846562499998,"Justin Turner","5235",457759
"Manny Machado",2024,"KC",39,0.25,0.375,0.375,0.3333333333333333,0.3333333333333333,26,13,39,3.03383317948718,-5.4192825641025655,7.102403333333334,"Manny Machado","11493",592518
"Jorge Polanco",2025,"KC",42,0,0,1,1,0,22,20,42,4.750947783333333,-6.468916190476191,8.542115714285714,"Jorge Polanco","13152",593871
"Rhys Hoskins",2025,"KC",26,0,0,0,0,0,10,16,26,0.33485130769230775,-2.752934853846154,3.8308134999999996,"Rhys Hoskins","16472",656555
"Francisco Lindor",2025,"KC",58,0.14285714285714285,0.5714285714285714,0.2857142857142857,0,0.5,29,29,58,3.558310915517241,-6.2964683793103475,7.7525460000000015,"Francisco Lindor","12916",596019
"Tommy Edman",2023,"KC",28,0,1,0,0,0,18,10,28,2.8876256428571425,-5.220572250000001,7.065183928571428,"Tommy Edman","19470",669242
"MJ Melendez",2023,"KC",66,0.23076923076923078,0.6153846153846154,0.15384615384615385,0,0,37,29,66,3.91614156060606,-5.064479848484848,6.862925151515152,"MJ Melendez","22197",669004
"Yordan Alvarez",2024,"KC",56,0.18181818181818182,0.45454545454545453,0.36363636363636365,0,0,33,23,56,2.418878839285714,-6.530483750000001,8.394991249999999,"Yordan Alvarez","19556",670541
"Ian Happ",2025,"KC",44,0.5714285714285714,0.42857142857142855,0,0,0,30,14,44,2.7728549272727268,-4.179685522727272,5.692309386363635,"Ian Happ","17919",664023
"Freddie Freeman",2025,"KC",60,0,0,1,0,0,39,21,60,1.621161913333333,-3.4630452333333333,4.594237083333335,"Freddie Freeman","5361",518692
"Kyle Schwarber",2024,"KC",29,0,0,1,0.5,0,17,12,29,1.4029202172413788,-4.640558965517242,5.404067586206897,"Kyle Schwarber","16478",656941
"Bobby Witt Jr.",2025,"KC",36,0.25,0.625,0.125,0,0,24,12,36,2.040193138888889,-3.7217454166666664,5.452980027777779,"Bobby Witt Jr.","25764",677951
"Cal Raleigh",2023,"KC",40,0.3333333333333333,0.3333333333333333,0.3333333333333333,1,0,31,9,40,4.371468325,-5.3749105,7.561801,"Cal Raleigh","21534",663728
"Vinnie Pasquantino",2025,"KC",43,0,0.75,0.25,0,0.3333333333333333,29,14,43,3.5918477906976745,-5.586045744186047,7.26167711627907,"Vinnie Pasquantino","27676",686469
"Jack Suwinski",2025,"KC",31,0.5,0.5,0,0,0,16,15,31,2.9230560470967744,-5.0068072580645175,6.19078470967742,"Jack Suwinski","22244",669261
"Teoscar Hernández",2024,"KC",48,0.2727272727272727,0.5454545454545454,0.18181818181818182,0.5,1,26,22,48,1.3495521145833331,-4.521361416666667,5.739215041666665,"Teoscar Hernandez","13066",606192
"Juan Soto",2025,"KC",62,0,1,0,0,0,28,34,62,2.90539835483871,-6.47035243548387,7.636191919354839,"Juan Soto","20123",665742
"Kerry Carpenter",2023,"KC",51,0.7142857142857143,0,0.2857142857142857,0,0,35,16,51,3.2417351098039204,-4.600709607843138,6.552795098039216,"Kerry Carpenter","25961",681481
"Gavin Sheets",2025,"KC",56,0.4,0.4,0.2,0,0.5,39,17,56,2.9256437732142864,-4.216103733928571,5.693509750000001,"Gavin Sheets","19901",657757
"Jackson Chourio",2025,"KC",34,0.14285714285714285,0.5714285714285714,0.2857142857142857,0,0,24,10,34,2.1195865882352942,-5.046735332941175,6.476313823529413,"Jackson Chourio","28806",694192
"Spencer Horwitz",2024,"KC",31,0.75,0.25,0,0,0,17,14,31,3.6477941935483873,-6.683338064516128,7.929943225806452,"Spencer Horwitz","26477",687462
"Daulton Varsho",2023,"KC",59,0.3333333333333333,0.5,0.16666666666666666,0,0,34,25,59,4.235808576271186,-5.545125133898305,7.443638813559324,"Daulton Varsho","19918",662139
"Cedric Mullins",2024,"KC",43,0,0.3333333333333333,0.6666666666666666,0.25,0,28,15,43,3.951098623255813,-5.186616558139536,6.9208974186046515,"Cedric Mullins","17929",656775
"Max Muncy",2023,"KC",72,0.14285714285714285,0.5714285714285714,0.2857142857142857,0,0.5,40,32,72,3.5543904180555552,-4.535929220833333,6.224054416666666,"Max Muncy","13301",571970
"Riley Greene",2023,"KC",38,0.75,0,0.25,0,0,17,21,38,3.685343973684211,-5.86882105263158,7.376523684210527,"Riley Greene","25976",682985
"Leody Taveras",2023,"KC",39,0.5,0.16666666666666666,0.3333333333333333,1,0,26,13,39,4.159945512820512,-5.868758461538461,8.011895128205127,"Leody Taveras","18900",665750
"Bryan De La Cruz",2023,"KC",54,0.5,0.3,0.2,0,0,31,23,54,3.413546111111111,-5.843207462962964,7.220349259259259,"Bryan De La Cruz","19600",650559
"Corey Seager",2023,"KC",33,0.5,0.3333333333333333,0.16666666666666666,0,1,18,15,33,4.2490460606060605,-6.295888484848484,8.497615454545455,"Corey Seager","13624",608369
"Xander Bogaerts",2025,"KC",37,0.25,0.5,0.25,0,0,19,18,37,3.1746532864864867,-3.70601681081081,6.443649918918919,"Xander Bogaerts","12161",593428
"Lane Thomas",2023,"KC",54,0.16666666666666666,0.5,0.3333333333333333,0.5,0,29,25,54,2.191447537037037,-4.191818342592593,5.694295518518519,"Lane Thomas","16939",657041
"Mike Yastrzemski",2024,"KC",51,0.3,0.4,0.3,0,0.6666666666666666,36,15,51,1.745885774509804,-5.299263921568629,6.335579411764705,"Mike Yastrzemski","14854",573262
"Daniel Vogelbach",2023,"KC",39,0,0.6,0.4,0,0,21,18,39,3.038147023076923,-5.932684823076922,6.972510307692308,"Daniel Vogelbach","14130",596129
"Ian Happ",2023,"KC",45,0.1,0.8,0.1,0,0,27,18,45,3.277251084444445,-5.248866111111112,6.748446,"Ian Happ","17919",664023
"Hunter Renfroe",2024,"KC",38,0.16666666666666666,0.6666666666666666,0.16666666666666666,0,0,28,10,38,0.5107469210526318,-4.209522342105263,4.940902105263158,"Hunter Renfroe","15464",592669
"Isaac Paredes",2024,"KC",50,0.3333333333333333,0.3333333333333333,0.3333333333333333,0,0,35,15,50,4.1456617399999995,-5.5748279200000015,7.945974,"Isaac Paredes","20036",670623
"Alex Bregman",2023,"KC",52,0.25,0.625,0.125,0,0,31,21,52,2.333290146153846,-4.33973148076923,5.703172221153846,"Alex Bregman","17678",608324
"Donovan Solano",2023,"KC",33,0.25,0.5,0.25,0,0,19,14,33,2.232545527272727,-5.465317787878789,6.639117272727273,"Donovan Solano","8623",456781
"Bryson Stott",2025,"KC",33,0,0.75,0.25,0,0,19,14,33,3.3716366666666673,-5.055849545454546,6.493058545454546,"Bryson Stott","26294",681082
"Roman Anthony",2025,"KC",34,0,1,0,0,0,18,16,34,1.4351742470588238,-6.37023,7.162604705882353,"Roman Anthony","31812",701350
"Trent Grisham",2025,"KC",35,0,0,1,0,0,16,19,35,2.365232228571429,-5.6414414285714285,7.1700411428571424,"Trent Grisham","18564",663757
"Juan Soto",2024,"KC",48,0.6,0.2,0.2,0,1,21,27,48,1.6400900083333332,-5.729108729166668,6.989407916666665,"Juan Soto","20123",665742
"Andrés Giménez",2024,"KC",40,0.1,0.7,0.2,0,0.5,28,12,40,2.7547197024999996,-5.0648465,7.16388425,"Andres Gimenez","19950",665926
"Christopher Morel",2023,"KC",28,0,1,0,0,0,17,11,28,4.276959249999999,-5.542580357142858,7.282938571428571,"Christopher Morel","21897",666624
"Riley Greene",2024,"KC",29,0.2,0.4,0.4,0,0,18,11,29,2.620344482758621,-5.392059862068966,6.569367586206897,"Riley Greene","25976",682985
"Francisco Lindor",2024,"KC",49,0.4,0.4,0.2,0,0.5,33,16,49,3.029603916326531,-5.117747163265307,6.746624285714287,"Francisco Lindor","12916",596019
"Bo Naylor",2025,"KC",57,0.125,0.5,0.375,0,0,38,19,57,4.166977894736842,-6.781445438596491,8.246306491228069,"Bo Naylor","21865",666310
"Jeimer Candelario",2024,"KC",73,0.2,0,0.8,0.25,0.25,42,31,73,1.8676951493150682,-4.332064624657536,5.483113246575342,"Jeimer Candelario","13621",600869
"Lars Nootbaar",2024,"KC",31,0,1,0,0,0,16,15,31,2.156936919354839,-3.5642846774193546,5.2489637419354835,"Lars Nootbaar","21454",663457
"Teoscar Hernández",2025,"KC",53,0.1,0.4,0.5,0.2,0,29,24,53,0.7251267207547171,-2.560728303773585,3.5814962641509434,"Teoscar Hernandez","13066",606192
"Xavier Edwards",2025,"KC",32,0.1111111111111111,0.6666666666666666,0.2222222222222222,0,0,20,12,32,1.6849106231250002,-4.3499977874999995,5.215699656250001,"Xavier Edwards","22266",669364
"Eugenio Suárez",2025,"KC",38,0.25,0.25,0.5,0,0.5,26,12,38,2.3921869157894733,-4.416206052631579,5.883857447368421,"Eugenio Suarez","12552",553993
"Carlos Correa",2023,"KC",27,0.375,0.625,0,0,0,21,6,27,2.8622395185185185,-4.56777037037037,6.279194814814815,"Carlos Correa","14162",621043
"Wilmer Flores",2023,"KC",30,0.4,0.4,0.2,0,0,15,15,30,2.0168088999999996,-4.88913,5.518438333333333,"Wilmer Flores","5827",527038
"Lourdes Gurriel Jr.",2024,"KC",41,0.2222222222222222,0.2222222222222222,0.5555555555555556,0.2,0,26,15,41,0.5692240731707315,-3.81951731707317,5.293121975609755,"Lourdes Gurriel Jr.","19238",666971
"Ryan O'Hearn",2023,"KC",41,0.2,0.6,0.2,0,0,22,19,41,5.039629365853657,-6.421148048780488,8.624360975609756,"Ryan O'Hearn","16442",656811
"Austin Riley",2025,"KC",30,0,0.5,0.5,0,0.5,17,13,30,0.9838122666666663,-4.580198386666667,5.803379866666668,"Austin Riley","18360",663586
"Gavin Sheets",2024,"KC",30,0.25,0.5,0.25,0,0,16,14,30,4.565124133333333,-5.660392999999999,7.685334666666667,"Gavin Sheets","19901",657757
"Joey Meneses",2023,"KC",60,0,0.5,0.5,0,0.2,40,20,60,2.4601963166666665,-4.50352635,5.947165166666665,"Joey Meneses","14366",608841
"Willy Adames",2025,"KC",33,0.42857142857142855,0.2857142857142857,0.2857142857142857,0.5,0,24,9,33,1.511236509090909,-4.845464696969697,5.7972745757575765,"Willy Adames","15986",642715
"Jake Cave",2024,"KC",50,0.14285714285714285,0.42857142857142855,0.42857142857142855,0,0,37,13,50,3.186011719999999,-5.7850537574,7.191220100000001,"Jake Cave","14477",595909
"Xander Bogaerts",2024,"KC",43,0.3333333333333333,0.3333333333333333,0.3333333333333333,0,0,25,18,43,1.441105246511628,-4.242907418604651,5.911725906976745,"Xander Bogaerts","12161",593428
"Wilyer Abreu",2024,"KC",32,0,0.75,0.25,0,0,23,9,32,4.2063913254375,-6.237948125,7.827755687499999,"Wilyer Abreu","23772",677800
"DJ LeMahieu",2023,"KC",34,0.4,0.4,0.2,0,0,21,13,34,2.5063875667647055,-6.091749411764705,7.076872647058824,"DJ LeMahieu","9874",518934
"Ryan Noda",2023,"KC",48,0.3333333333333333,0,0.6666666666666666,0,0,21,27,48,3.982116458333333,-6.161079375,8.069680625,"Ryan Noda","23312",676116
"Bryan Reynolds",2023,"KC",51,0.2727272727272727,0.36363636363636365,0.36363636363636365,0,0.25,29,22,51,3.7760260784313724,-5.129351647058823,6.857724921568627,"Bryan Reynolds","19326",668804
"Jo Adell",2025,"KC",44,0,0.5,0.5,0,0,29,15,44,2.725471795454545,-4.989113675227273,6.588508568181819,"Jo Adell","20220",666176
"Victor Caratini",2025,"KC",34,0,0.6666666666666666,0.3333333333333333,0,0,20,14,34,3.301065255882353,-5.862732205882353,7.1940669999999995,"Victor Caratini","14968",605170
"Nathaniel Lowe",2024,"KC",28,0,0.75,0.25,0,0,17,11,28,3.232914607142857,-6.8853632142857135,8.159442142857143,"Nathaniel Lowe","19566",663993
"Nick Ahmed",2024,"KC",31,0.3333333333333333,0.6666666666666666,0,0,0,26,5,31,4.020608322580645,-4.368359883870967,6.560161935483871,"Nick Ahmed","12147",605113
"Marcus Semien",2023,"KC",32,0.42857142857142855,0.42857142857142855,0.14285714285714285,0,0,14,18,32,4.362090875000002,-5.784181593749999,8.11979125,"Marcus Semien","12533",543760
"Josh Smith",2024,"KC",44,0,1,0,0,0,27,17,44,3.5523432409090905,-6.635507954545455,8.027218181818183,"Josh Smith","26396",669701
"Josh Rojas",2024,"KC",36,0.25,0.5,0.25,0,0,23,13,36,4.535269722222222,-6.918010555555555,8.936041388888889,"Josh Rojas","19734",668942
"Salvador Perez",2023,"KC",45,0.3333333333333333,0.3333333333333333,0.3333333333333333,0,0,30,15,45,2.787447824444444,-4.981277111111112,6.7874273333333335,"Salvador Perez","7304",521692
"Willson Contreras",2025,"KC",28,0.75,0,0.25,0,0,12,16,28,0.46888249214285704,-4.6222526071428565,6.071479785714286,"Willson Contreras","11609",575929
"Jeremy Peña",2023,"KC",55,0,0.7777777777777778,0.2222222222222222,0.5,0,33,22,55,1.5992141636363633,-5.574783163636364,7.110953636363636,"Jeremy Pena","21636",665161
"Ryan O'Hearn",2025,"KC",34,0,0,1,0,0.3333333333333333,20,14,34,3.769731235294117,-5.76576788235294,7.529058529411764,"Ryan O'Hearn","16442",656811
"Manny Machado",2023,"KC",56,0,0.5555555555555556,0.4444444444444444,0.25,0,39,17,56,1.7233469642857138,-4.266694075,5.356016964285715,"Manny Machado","11493",592518
"Andrew Vaughn",2023,"KC",43,0.4,0.6,0,0,0,26,17,43,1.7215369162790692,-5.091325279069768,6.767866744186046,"Andrew Vaughn","26197",683734
"Aaron Hicks",2023,"KC",30,0,0.3333333333333333,0.6666666666666666,0.5,0.5,15,15,30,2.7701352433333333,-4.951866402000001,6.667800999999999,"Aaron Hicks","5297",543305
"Wander Franco",2023,"KC",44,0.16666666666666666,0.5833333333333334,0.25,0,0.6666666666666666,29,15,44,2.0511302636363635,-5.979601068181818,7.4510450000000015,"Wander Franco","23667",677551
"Matt Olson",2024,"KC",64,0.3,0.2,0.5,0.2,0.2,39,25,64,3.888758031250001,-4.439783101562499,6.824002812500001,"Matt Olson","14344",621566
"Byron Buxton",2023,"KC",27,0,0.3333333333333333,0.6666666666666666,0.75,0,20,7,27,3.472699925925926,-3.874358407407407,5.756689999999999,"Byron Buxton","14161",621439
"Tommy Edman",2025,"KC",41,0.375,0.375,0.25,0,0,31,10,41,2.0046039724390243,-4.069023048780489,5.534191390243903,"Tommy Edman","19470",669242
"Josh Naylor",2024,"KC",68,0.2857142857142857,0.42857142857142855,0.2857142857142857,0,0.5,33,35,68,3.0854926750000002,-5.526032058823529,7.605051176470589,"Josh Naylor","18839",647304
"Ryan O'Hearn",2024,"KC",34,0.3333333333333333,0.3333333333333333,0.3333333333333333,0,0,25,9,34,4.391205176470588,-6.494016470588235,8.22785117647059,"Ryan O'Hearn","16442",656811
"Paul DeJong",2023,"KC",31,0.75,0.25,0,0,0,20,11,31,1.8943541612903227,-3.7582576129032255,4.882838645161291,"Paul DeJong","18015",657557
"Seiya Suzuki",2023,"KC",27,0.25,0.5,0.25,0,0,15,12,27,1.6927382222222223,-5.696146296296296,7.275589999999999,"Seiya Suzuki","30116",673548
"Ceddanne Rafaela",2024,"KC",29,0.4,0.2,0.4,0,0,22,7,29,1.590847,-4.949966965517242,6.388538620689653,"Ceddanne Rafaela","24262",678882
"Matt Chapman",2023,"KC",36,0.25,0.5,0.25,0,0,23,13,36,3.9422372500000002,-6.46390138888889,8.110343055555553,"Matt Chapman","16505",656305
"Vinnie Pasquantino",2024,"KC",47,0.25,0.5,0.25,0.5,0,32,15,47,1.2957049638297868,-5.302302170212766,6.236095957446809,"Vinnie Pasquantino","27676",686469
"Anthony Volpe",2025,"KC",33,0.5,0.3333333333333333,0.16666666666666666,0,0,21,12,33,2.6617814545454546,-5.726071212121211,7.124164242424243,"Anthony Volpe","27647",683011
"Jackson Holliday",2025,"KC",35,0.2,0.6,0.2,0,0,25,10,35,3.4720024,-5.8297545714285715,8.62724,"Jackson Holliday","31781",702616
"Jazz Chisholm Jr.",2024,"KC",40,0,1,0,0,0,26,14,40,2.498775075,-5.5918082500000015,7.191277749999999,"Jazz Chisholm Jr.","20454",665862
"Taylor Ward",2023,"KC",30,0,0.5,0.5,0.3333333333333333,0,24,6,30,2.0398087833333336,-4.7089339,6.330704000000001,"Taylor Ward","17548",621493
"Adolis García",2023,"KC",28,0.25,0.25,0.5,0,0.25,13,15,28,3.0783832285714285,-6.730943214285714,7.898534285714286,"Adolis Garcia","19287",666969
"Brett Baty",2025,"KC",44,0.14285714285714285,0.5714285714285714,0.2857142857142857,0.5,0,30,14,44,3.8995886613636355,-6.805259517272727,8.336698181818184,"Brett Baty","26123",683146
"James Wood",2025,"KC",64,1,0,0,0,0,35,29,64,3.3418799828125008,-5.206583421875001,6.749473062499999,"James Wood","29518",695578
"Bo Bichette",2025,"KC",53,0.3,0.4,0.3,0,0.3333333333333333,34,19,53,3.6152231398113206,-4.868284473584905,6.722188792452829,"Bo Bichette","19612",666182
"Zach McKinstry",2024,"KC",28,1,0,0,0,0,17,11,28,5.628163928571429,-7.182819285714284,9.396418571428569,"Zach McKinstry","19392",656716
"Alex Bregman",2024,"KC",32,0,0.2,0.8,0.5,0,20,12,32,2.684746134375,-5.5774499125,7.2133061875,"Alex Bregman","17678",608324
"Agustín Ramírez",2025,"KC",29,0.25,0.75,0,0,0,12,17,29,1.2895331172413793,-4.4968979,5.513585068965518,"Agustin Ramirez","26546",682663
"Jazz Chisholm Jr.",2023,"KC",46,0.6666666666666666,0,0.3333333333333333,0,0,28,18,46,4.283803782608696,-5.247313202173912,7.104565000000001,"Jazz Chisholm Jr.","20454",665862
"Starling Marte",2024,"KC",26,0.5,0.5,0,0,0,21,5,26,2.4887543961538463,-3.6970059153846155,5.3968679999999996,"Starling Marte","9241",516782
"Dominic Smith",2023,"KC",47,0.3333333333333333,0.6666666666666666,0,0,0,31,16,47,3.2525520212765953,-3.862071853191489,5.87627080851064,"Dominic Smith","15653",642086
"Steven Kwan",2025,"KC",42,0.09090909090909091,0.7272727272727273,0.18181818181818182,0,0,25,17,42,3.3719804666666655,-5.564700476190476,7.506157142857143,"Steven Kwan","24610",680757
"CJ Abrams",2024,"KC",46,0.625,0.375,0,0,0,27,19,46,3.122159343478261,-5.494844565217391,6.8805950000000005,"CJ Abrams","25768",682928
"Sal Frelick",2024,"KC",41,0.25,0.75,0,0,0,24,17,41,2.985100155853658,-4.8946370487804876,6.209834756097561,"Sal Frelick","29622",686217
"Vladimir Guerrero Jr.",2025,"KC",34,0.1,0.7,0.2,0,0.5,23,11,34,3.505396247058823,-4.852259423529412,6.645739999999999,"Vladimir Guerrero Jr.","19611",665489
"Kyle Schwarber",2023,"KC",69,0.6666666666666666,0,0.3333333333333333,0,1,39,30,69,2.7261272608695646,-5.003067467971014,6.343056666666667,"Kyle Schwarber","16478",656941
"Isiah Kiner-Falefa",2025,"KC",28,0.125,0.75,0.125,0,0,16,12,28,2.5216111428571435,-4.385800214285714,6.022776178571428,"Isiah Kiner-Falefa","16512",643396
"Jackson Merrill",2025,"KC",35,0.2222222222222222,0.4444444444444444,0.3333333333333333,0,0.3333333333333333,23,12,35,2.509295662857143,-5.455696685714286,7.123246285714286,"Jackson Merrill","29490",701538
"Gleyber Torres",2023,"KC",56,0.42857142857142855,0.42857142857142855,0.14285714285714285,0,0,39,17,56,3.890963844642857,-5.82558571607143,7.490687678571429,"Gleyber Torres","16997",650402
"Seiya Suzuki",2024,"KC",34,0.5,0.25,0.25,0,0,18,16,34,2.0153062282352936,-5.472038358823529,6.542673147058823,"Seiya Suzuki","30116",673548
"Bryan Reynolds",2025,"KC",47,0.5,0.25,0.25,0,0,27,20,47,2.92348974893617,-6.01529170212766,7.421505319148937,"Bryan Reynolds","19326",668804
"Julio Rodríguez",2023,"KC",33,0.4,0.6,0,0,0,26,7,33,2.2007582757575754,-4.813111666666668,6.802754848484848,"Julio Rodriguez","23697",677594
"Lawrence Butler",2024,"KC",26,1,0,0,0,0,12,14,26,3.6996346153846154,-5.247877015384616,7.424506923076923,"Lawrence Butler","22542",671732
"Ketel Marte",2023,"KC",53,0.25,0.375,0.375,0,0.3333333333333333,32,21,53,3.1985057924528304,-4.426288064150943,6.40053630188679,"Ketel Marte","13613",606466
"Gabriel Arias",2025,"KC",31,0.75,0.25,0,0,0,21,10,31,0.7020013225806452,-4.554070096774193,5.2764,"Gabriel Arias","22563",672356
"Pete Crow-Armstrong",2025,"KC",44,0.2857142857142857,0.14285714285714285,0.5714285714285714,0.25,0.25,35,9,44,3.5320006477272727,-4.5144062045454545,6.456000818181818,"Pete Crow-Armstrong","27769",691718
"Brendan Donovan",2024,"KC",28,0.2857142857142857,0.14285714285714285,0.5714285714285714,0,0.25,22,6,28,2.932172142857142,-4.816725714285715,6.675407142857142,"Brendan Donovan","24679",680977
"Elias Díaz",2025,"KC",27,0,0.4,0.6,0,0.3333333333333333,19,8,27,1.903455717777778,-4.2338482592592595,5.298221481481482,"Elias Diaz","11680",553869
"Trea Turner",2023,"KC",64,0.15384615384615385,0.5384615384615384,0.3076923076923077,0,0.5,37,27,64,2.25293863484375,-5.162006171874999,6.349484218750001,"Trea Turner","16252",607208
"Jason Heyward",2023,"KC",51,0,0.7142857142857143,0.2857142857142857,1,0,37,14,51,3.4914379450980393,-4.703910356862745,6.453887313725491,"Jason Heyward","4940",518792
"Josh Lowe",2023,"KC",43,0.2,0.5,0.3,0,0,31,12,43,4.80779411627907,-6.7797842558139525,8.852825348837209,"Josh Lowe","19953",666139
"Blake Perkins",2024,"KC",36,0.42857142857142855,0.14285714285714285,0.42857142857142855,0.3333333333333333,0,27,9,36,1.8969690750000001,-4.614287525,6.0248736111111105,"Blake Perkins","19921",663368
"Jake Cronenworth",2024,"KC",52,0,0.6,0.4,0.5,0,27,25,52,3.6655154038461535,-5.772103846153846,8.001717692307693,"Jake Cronenworth","18036",630105
"Christian Walker",2025,"KC",46,0.25,0.5,0.25,0,0,22,24,46,3.4311180282608693,-4.790645978260869,6.776535652173913,"Christian Walker","13419",572233
"Michael Conforto",2023,"KC",37,0,0.6,0.4,0,0.5,17,20,37,4.253609762162163,-6.578545945945945,8.118498378378378,"Michael Conforto","16376",624424