Name,Team,IP,O-Swing%,Z-Swing%,Swing%,O-Contact%,Z-Contact%,Contact%,Zone%,Pace,NameASCII,PlayerId,MLBAMID
"Yuki Matsui","SDP",119,0.31290622,0.70905172,0.49625935,0.46290801,0.83890578,0.71155779,0.46284289,22.69773635,"Yuki Matsui",33826,673513
"Steven Wilson","- - -",138,0.23664122,0.66266986,0.45596708,0.56630824,0.83956574,0.77075812,0.51481481,21.67704918,"Steven Wilson",20353,621051
"Génesis Cabrera","- - -",155.2,0.29290618,0.68838305,0.48781431,0.58854167,0.81527936,0.74623315,0.49284333,21.39674199,"Genesis Cabrera",17490,650893
"Tyler Kinley","- - -",145,0.30849478,0.67946708,0.48930481,0.46376812,0.8177624,0.70335675,0.48739496,21.26078133,"Tyler Kinley",18297,641755
"Alex Vesia","LAD",170,0.27977044,0.684,0.48928818,0.56666667,0.78947368,0.72810734,0.51831375,21.24852071,"Alex Vesia",25007,681911
"Aaron Nola","PHI",468,0.34853678,0.61904762,0.48356002,0.58472012,0.86538462,0.76406335,0.49914169,21.15714286,"Aaron Nola",16149,605400
"Mike Clevinger","CHW",153,0.27493713,0.67575758,0.48547553,0.60670732,0.86210762,0.79344262,0.5252686,21.06111412,"Mike Clevinger",12808,605182
"Kyle Finnegan","- - -",186.1,0.26992897,0.68668252,0.5076297,0.57602339,0.84761905,0.78557114,0.57036283,21.01232877,"Kyle Finnegan",15009,640448
"Devin Williams","- - -",134.1,0.34678045,0.6460945,0.48022356,0.50111857,0.72686567,0.63652641,0.44582975,20.96386222,"Devin Williams",15816,642207
"Andre Pallante","STL",339.1,0.24763292,0.66749733,0.45994599,0.55588235,0.9024,0.81017613,0.50567057,20.9306979,"Andre Pallante",26108,669467
"Alek Manoah","TOR",111.2,0.24860853,0.68027888,0.45677233,0.5858209,0.87262079,0.79179811,0.48222863,20.91741357,"Alek Manoah",26410,666201
"Emilio Pagán","- - -",168,0.31756757,0.718529,0.53579677,0.56117021,0.80905512,0.7420977,0.54426482,20.88599688,"Emilio Pagan",14771,641941
"Pete Fairbanks","TBR",145,0.29569378,0.61502711,0.47217466,0.54045307,0.83501259,0.7524932,0.55265411,20.87130435,"Pete Fairbanks",17998,664126
"Kenley Jansen","- - -",154.1,0.288,0.69300226,0.51910691,0.59027778,0.81867535,0.76426799,0.57063117,20.87123449,"Kenley Jansen",3096,445276
"Ryan Helsley","- - -",152,0.35585971,0.68163593,0.52400662,0.41826923,0.82,0.68799368,0.51614238,20.83849184,"Ryan Helsley",18138,664854
"Adam Ottavino","- - -",119.1,0.23719958,0.58003597,0.42145964,0.52422907,0.84496124,0.76146789,0.53745771,20.81068899,"Adam Ottavino",1247,493603
"Joe Ross","- - -",125,0.27542373,0.68699552,0.49830015,0.55384615,0.84725849,0.77290448,0.54152501,20.8013289,"Joe Ross",12972,605452
"Bryan Woo","SEA",384.2,0.29637263,0.69610231,0.5262697,0.58414465,0.83158355,0.77237937,0.57513135,20.74381158,"Bryan Woo",30279,693433
"JP Sears","- - -",478.2,0.26741259,0.67428967,0.4902581,0.65481172,0.84275437,0.7963871,0.54769737,20.71555556,"JP Sears",23429,676664
"Sam Moll","- - -",118.1,0.25191676,0.59269663,0.43563857,0.55652174,0.84518167,0.76825029,0.53912166,20.71139582,"Sam Moll",14874,594580
"Patrick Sandoval","LAA",224.1,0.27452924,0.6485826,0.46284449,0.52527076,0.83345893,0.74269006,0.50344488,20.71011162,"Patrick Sandoval",19447,663776
"Shane Baz","TBR",234.1,0.28933412,0.66568483,0.49464381,0.54582485,0.84660767,0.76664862,0.54552758,20.66362974,"Shane Baz",22264,669358
"J.T. Ginn","OAK",110.1,0.25816993,0.61767956,0.4366429,0.42194093,0.85867621,0.72864322,0.49643445,20.64662212,"J.T. Ginn",27889,669372
"Jack Leiter","TEX",168,0.26396648,0.67716535,0.47699594,0.52910053,0.85174419,0.76524823,0.51556157,20.60326087,"Jack Leiter",30146,683004
"Josiah Gray","WSN",167.1,0.28607595,0.66264205,0.46352075,0.5840708,0.84244373,0.75812274,0.47121821,20.58762887,"Josiah Gray",24580,680686
"Tylor Megill","NYM",272.2,0.26927835,0.65006227,0.45904013,0.53292496,0.84929757,0.75619648,0.49834506,20.55327414,"Tylor Megill",21318,656731
"Jordan Montgomery","- - -",305.2,0.30641985,0.67273515,0.48080891,0.58226221,0.84085052,0.75450644,0.47606273,20.55322763,"Jordan Montgomery",16511,656756
"Yu Darvish","SDP",275.1,0.28265204,0.64252825,0.47827076,0.55202822,0.847557,0.76784015,0.54357224,20.54837713,"Yu Darvish",13074,506433
"Matt Strahm","PHI",208.2,0.30954064,0.66970021,0.51446847,0.56164384,0.82094325,0.75370041,0.56899178,20.53202774,"Matt Strahm",13799,621381
"Beau Brieske","DET",124.2,0.28972783,0.68809981,0.48005502,0.65454545,0.84937238,0.78796562,0.47776249,20.52503053,"Beau Brieske",26079,689225
"Jason Adam","- - -",193.1,0.30986801,0.66865079,0.48469223,0.48884381,0.75173096,0.66555851,0.48727038,20.48814144,"Jason Adam",11861,592094
"Pierce Johnson","- - -",172.2,0.31014904,0.5885989,0.45165794,0.49199085,0.84480747,0.72565688,0.50820244,20.47144195,"Pierce Johnson",13435,572955
"Trevor Megill","MIL",127,0.33612565,0.63912631,0.49501992,0.42679128,0.85289747,0.71529175,0.52440239,20.44422043,"Trevor Megill",17722,656730
"Chris Bassitt","TOR",532,0.2560915,0.63691983,0.46210911,0.6184466,0.85789997,0.79698691,0.54097238,20.44246554,"Chris Bassitt",12304,605135
"Kyle Bradish","BAL",225,0.27611519,0.61689038,0.44731666,0.47852761,0.87307344,0.75188442,0.50238831,20.42851754,"Kyle Bradish",24586,680694
"Reed Garrett","- - -",130.1,0.31977217,0.63697967,0.46463307,0.48091603,0.80699088,0.68506185,0.45667551,20.40780142,"Reed Garrett",16866,657585
"Jeremiah Estrada","- - -",137.1,0.33126661,0.70321517,0.52391119,0.47860963,0.76318875,0.67644662,0.51793339,20.40626781,"Jeremiah Estrada",22210,669093
"Sonny Gray","- - -",514,0.3046813,0.64289327,0.47756949,0.46527778,0.86664044,0.74147266,0.51118293,20.39386919,"Sonny Gray",12768,543243
"Frankie Montas","- - -",190.2,0.28,0.68676123,0.48440748,0.57569296,0.85370052,0.77375843,0.5025245,20.37504966,"Frankie Montas",14309,593423
"Mark Leiter Jr.","- - -",166.1,0.29300196,0.63069909,0.44920914,0.40625,0.82650602,0.67918623,0.46256591,20.36156042,"Mark Leiter Jr.",15551,643410
"Jhoan Duran","- - -",179.2,0.3064275,0.68988173,0.51048951,0.44390244,0.7952381,0.69657534,0.53216783,20.35121025,"Jhoan Duran",21029,661395
"Aroldis Chapman","- - -",175.1,0.27713459,0.65703276,0.47839401,0.4308094,0.73900293,0.65504979,0.52977203,20.34780642,"Aroldis Chapman",10233,547973
"Tommy Henry","ARI",134,0.28802281,0.66851339,0.48103044,0.63036304,0.87707182,0.80428432,0.50725995,20.29158638,"Tommy Henry",26285,674072
"Fernando Cruz","- - -",173.1,0.31273644,0.65,0.4671907,0.35685484,0.77956372,0.62618873,0.45796309,20.28676471,"Fernando Cruz",7048,518585
"Craig Kimbrel","- - -",128.1,0.25046382,0.6233653,0.44269663,0.49259259,0.8,0.71573604,0.51550562,20.25994065,"Craig Kimbrel",6655,518886
"Caleb Ferguson","- - -",173,0.28687917,0.64020164,0.47786104,0.51937984,0.88188976,0.78189594,0.54053134,20.24850437,"Caleb Ferguson",19349,657571
"Peter Lambert","COL",148.2,0.25577558,0.68519969,0.47609482,0.58709677,0.87314286,0.79831224,0.51305745,20.24041621,"Peter Lambert",17969,663567
"Paul Blackburn","- - -",212,0.27358491,0.67119411,0.4647619,0.59386973,0.8693086,0.78512881,0.48081633,20.23337008,"Paul Blackburn",14739,621112
"Matt Waldron","SDP",192.2,0.23087526,0.63851351,0.45522157,0.65671642,0.86067019,0.81415929,0.55035637,20.22417399,"Matt Waldron",25550,663362
"Mitch Spence","OAK",226,0.30842164,0.69026078,0.50381264,0.51175407,0.89051658,0.7772973,0.51171024,20.22338049,"Mitch Spence",27707,687765
"A.J. Minter","- - -",110,0.30759952,0.66809422,0.49858196,0.49803922,0.80769231,0.71786121,0.52977879,20.19029568,"A.J. Minter",18655,621345
"Zack Greinke","KCR",142.1,0.27663551,0.64142733,0.46552501,0.68581081,0.91316147,0.84801549,0.51780081,20.17530864,"Zack Greinke",1943,425844
"Bryce Miller","SEA",381.2,0.27978339,0.69160305,0.50289495,0.61290323,0.8397351,0.78190789,0.54177006,20.15866994,"Bryce Miller",29837,682243
"Kirby Yates","- - -",160.1,0.31359354,0.68150422,0.48547867,0.53433476,0.77364865,0.69128508,0.46719254,20.15272556,"Kirby Yates",9073,489446
"Kevin Gausman","TOR",534.2,0.31261426,0.69329225,0.49947644,0.5628655,0.85230769,0.76007454,0.49086678,20.14619792,"Kevin Gausman",14107,592332
"Chris Martin","- - -",133.1,0.35529716,0.69204152,0.55699482,0.64363636,0.8525,0.79906977,0.59896373,20.14265233,"Chris Martin",11847,455119
"Kyle Gibson","- - -",374,0.2684078,0.6315427,0.44179546,0.53575615,0.87022901,0.76404913,0.47747451,20.13372223,"Kyle Gibson",10123,502043
"Cristian Javier","HOU",217,0.28578529,0.67332224,0.4689384,0.61565217,0.83360791,0.76355506,0.47260813,20.12036074,"Cristian Javier",17606,664299
"David Bednar","- - -",179.2,0.33310856,0.67607441,0.50887574,0.56680162,0.78652751,0.71640827,0.51249178,20.11145374,"David Bednar",19569,670280
"Jon Gray","TEX",274,0.31347021,0.68373765,0.50864314,0.53035144,0.86202365,0.76536313,0.52711343,20.07860404,"Jon Gray",14916,592351
"Ryan Pressly","- - -",163.1,0.31117825,0.66842105,0.49020347,0.4684466,0.87851519,0.74865488,0.50113037,20.06365503,"Ryan Pressly",7005,519151
"Ryan Gusto","- - -",101.2,0.24870466,0.6791498,0.49034091,0.59895833,0.83308495,0.78099652,0.56136364,20.04451266,"Ryan Gusto",26440,687473
"Abner Uribe","MIL",113.1,0.25419933,0.59680851,0.42989634,0.44493392,0.82709447,0.71700508,0.51282051,20.03961849,"Abner Uribe",25327,682842
"Tommy Kahnle","- - -",137.2,0.28917609,0.64246824,0.45555556,0.48044693,0.81779661,0.70450281,0.47094017,20.03924915,"Tommy Kahnle",11384,592454
"Garrett Cleavinger","TBR",126,0.29166667,0.6344186,0.4706168,0.44250871,0.80791789,0.6996904,0.52209811,20.03022339,"Garrett Cleavinger",17897,664076
"George Kirby","SEA",490.1,0.33391003,0.68937924,0.52700211,0.60103627,0.86282096,0.78705324,0.54320337,20.01760374,"George Kirby",25436,669923
"Dustin May","- - -",180.1,0.23468576,0.62234366,0.45454545,0.62372881,0.89268293,0.83257576,0.56714876,20.01363423,"Dustin May",19716,669160
"Luis García","- - -",170,0.29525223,0.66859206,0.48444932,0.51256281,0.88012959,0.76963746,0.50676912,20.01158107,"Luis Garcia",6984,472610
"Brendon Little","TOR",106.2,0.29895932,0.589309,0.42105263,0.32278481,0.85619469,0.63671875,0.42050439,20.00440852,"Brendon Little",21574,663893
"Luke Weaver","- - -",265.2,0.28761651,0.68386817,0.48804562,0.58487654,0.8230818,0.75370787,0.50581268,19.98471937,"Luke Weaver",16918,596133
"Valente Bellozo","MIA",147.1,0.2435094,0.68340081,0.4744898,0.71691176,0.85663507,0.82258065,0.52508503,19.9808251,"Valente Bellozo",23899,678368
"Yohan Ramírez","- - -",112.1,0.22365591,0.61900192,0.43255578,0.52403846,0.8620155,0.77960141,0.52839757,19.9689441,"Yohan Ramirez",19444,670990
"Danny Coulombe","- - -",120.1,0.32055064,0.64232009,0.47433265,0.56441718,0.83779264,0.74134199,0.47792608,19.93228454,"Danny Coulombe",13293,543056
"Ken Waldichuk","OAK",141,0.27773407,0.66849101,0.47372549,0.5694051,0.84678363,0.76572848,0.50156863,19.93161494,"Ken Waldichuk",27681,686610
"Max Fried","- - -",428,0.2738379,0.644695,0.46206897,0.53427639,0.86233184,0.76659257,0.50755686,19.92666932,"Max Fried",13743,608331
"Ian Gibaut","CIN",103,0.28922237,0.6809681,0.50609013,0.60377358,0.84491115,0.7833935,0.55359318,19.92147034,"Ian Gibaut",17871,664139
"David Robertson","- - -",150,0.25931929,0.61031746,0.43664796,0.50625,0.81924577,0.72727273,0.50521251,19.92061801,"David Robertson",8241,502085
"Jeff Hoffman","- - -",181,0.36019284,0.66806137,0.51316701,0.43403442,0.82359081,0.68602296,0.4968815,19.91150442,"Jeff Hoffman",17432,656546
"Mason Englert","- - -",122.1,0.30019881,0.7075743,0.50756467,0.56622517,0.85094851,0.76826923,0.50902879,19.91053678,"Mason Englert",22288,669438
"Scott Alexander","- - -",104.2,0.28364116,0.69202454,0.49523204,0.54418605,0.92730496,0.82156611,0.51811825,19.90804598,"Scott Alexander",10591,518397
"Griffin Canning","- - -",375,0.29041534,0.66192283,0.4771138,0.51045105,0.8643096,0.75716189,0.50254291,19.90398976,"Griffin Canning",19867,656288
"Yariel Rodríguez","TOR",153.2,0.25884123,0.66317486,0.4540856,0.54360465,0.84447145,0.75578406,0.48287938,19.89802289,"Yariel Rodriguez",33838,684320
"Jacob Latz","TEX",124.1,0.29428304,0.67698259,0.48262732,0.54458599,0.81428571,0.73076923,0.4921466,19.89616111,"Jacob Latz",21306,656641
"Tanner Bibee","CLE",477,0.27186825,0.66908739,0.48130185,0.5898709,0.83248915,0.76770088,0.52724952,19.89453796,"Tanner Bibee",30134,676440
"Enyel De Los Santos","- - -",187.1,0.29034483,0.702558,0.51165762,0.49881235,0.81625741,0.73283396,0.53688917,19.88500852,"Enyel De Los Santos",18403,660853
"Jordan Weems","- - -",100.2,0.24449594,0.67491564,0.46289954,0.58767773,0.87166667,0.79778052,0.50742009,19.83013067,"Jordan Weems",13190,607179
"Jimmy Herget","- - -",117,0.24242424,0.63678805,0.4691358,0.53125,0.8372434,0.77002288,0.57487923,19.8164464,"Jimmy Herget",17556,623474
"Andrew Chafin","- - -",141.1,0.32253711,0.6254902,0.44604317,0.48117155,0.85736677,0.69623656,0.40767386,19.81096912,"Andrew Chafin",12988,605177
"Shelby Miller","- - -",143.2,0.27909177,0.65687122,0.4765131,0.5220339,0.83421053,0.74691943,0.52258356,19.80232558,"Shelby Miller",10197,571946
"Ryne Stanek","- - -",155.2,0.2958153,0.7385159,0.51945734,0.55853659,0.78086124,0.71821306,0.50517672,19.7921215,"Ryne Stanek",15947,592773
"Robert Suarez","SDP",155.1,0.31278749,0.72116119,0.53589316,0.67352941,0.81567797,0.77803738,0.54632721,19.78711485,"Robert Suarez",30115,663158
"Kris Bubic","KCR",162.2,0.33276884,0.6401487,0.49643705,0.51653944,0.81649245,0.72248804,0.53246239,19.78702703,"Kris Bubic",21455,663460
"Mitchell Parker","WSN",304.1,0.30871619,0.68964189,0.50954121,0.58275382,0.89279732,0.80398406,0.5272026,19.78196538,"Mitchell Parker",27636,680730
"Hunter Brown","HOU",493.1,0.27928144,0.63587619,0.45602803,0.57118353,0.85243388,0.76556291,0.49565112,19.77381912,"Hunter Brown",25880,686613
"José Alvarado","PHI",129,0.29015084,0.66014235,0.47490004,0.49847095,0.82614555,0.72591207,0.49933363,19.77216676,"Jose Alvarado",17780,621237
"Greg Weissert","- - -",144.2,0.25782689,0.64677804,0.46649595,0.63571429,0.84624846,0.79231473,0.53649168,19.75,"Greg Weissert",20375,669711
"Tony Santillan","CIN",100.1,0.26692708,0.67973856,0.49169632,0.52195122,0.82532051,0.75030157,0.54448399,19.74861221,"Tony Santillan",19926,663574
"Dennis Santana","- - -",145.1,0.32370518,0.65327869,0.5044964,0.50153846,0.84818068,0.74777184,0.54856115,19.74556575,"Dennis Santana",17878,642701
"Robert Garcia","- - -",148.1,0.3179635,0.66078281,0.50853242,0.59214502,0.79790941,0.74077181,0.55588737,19.73570595,"Robert Garcia",23363,676395
"Scott McGough","- - -",115,0.28989899,0.66167665,0.47690763,0.46689895,0.81297134,0.70842105,0.50301205,19.71352075,"Scott McGough",12056,543518
"Jason Foley","DET",129,0.2897407,0.64882629,0.48565574,0.64980545,0.88856729,0.82383966,0.54559426,19.70007057,"Jason Foley",19531,671345
"José Leclerc","- - -",132.2,0.30089153,0.69143932,0.4732254,0.48148148,0.75510204,0.65789474,0.44126193,19.68948521,"Jose Leclerc",14524,600917
"Kodai Senga","NYM",285,0.28456221,0.65633673,0.45321024,0.49797571,0.8534179,0.73148148,0.45362988,19.67873176,"Kodai Senga",31838,673540
"Josh Winckowski","BOS",172,0.27761194,0.67381112,0.48641017,0.55376344,0.85984095,0.77721335,0.52700318,19.67245538,"Josh Winckowski",22387,670174
"Nick Mears","- - -",129.2,0.32673267,0.65064378,0.50022989,0.54848485,0.84432718,0.75459559,0.53563218,19.65617284,"Nick Mears",25376,683232
"Pablo López","MIN",446,0.32622222,0.67908847,0.5114708,0.51861944,0.83024082,0.73582829,0.52498241,19.64827191,"Pablo Lopez",17085,641154
"Jared Koenig","MIL",120,0.2545676,0.60176991,0.45566376,0.59330144,0.85735294,0.79527559,0.57919016,19.63270963,"Jared Koenig",27517,657649
"Tony Gonsolin","LAD",139,0.29888984,0.66606171,0.47690277,0.58571429,0.8773842,0.78321033,0.48482182,19.62821279,"Tony Gonsolin",19388,664062
"Ryan Yarbrough","- - -",249,0.28096847,0.65165877,0.48224395,0.65531062,0.83418182,0.78655283,0.54297478,19.60405736,"Ryan Yarbrough",16502,642232
"Eric Lauer","- - -",141.2,0.26732673,0.6671875,0.48138854,0.64646465,0.86885246,0.81146829,0.53534086,19.59282109,"Eric Lauer",19316,641778
"Adrian Morejon","SDP",139,0.31578947,0.63016007,0.49197356,0.54081633,0.85695187,0.76775432,0.56043437,19.58566775,"Adrian Morejon",20039,670970
"Jose Quintana","- - -",373.2,0.27908361,0.61632069,0.43216897,0.66098081,0.89837398,0.81466165,0.45393989,19.55747756,"Jose Quintana",11423,500779
"Corbin Burnes","- - -",452.1,0.3083558,0.65263782,0.47233202,0.50524476,0.85831063,0.73759713,0.47628458,19.51976209,"Corbin Burnes",19361,669203
"Logan Gilbert","SEA",513.2,0.31677675,0.69093137,0.51087095,0.46872394,0.83221,0.72374316,0.51875397,19.51636802,"Logan Gilbert",22250,669302
"Joey Wentz","- - -",258,0.29500629,0.66666667,0.47854715,0.55761024,0.85870968,0.7647581,0.49384027,19.51107325,"Joey Wentz",19962,666214
"Justin Verlander","- - -",380.1,0.29673203,0.66756433,0.49031553,0.63986784,0.8556701,0.79324626,0.52202437,19.49526814,"Justin Verlander",8700,434378
"Bowden Francis","TOR",204,0.28903654,0.67397576,0.49505868,0.61149425,0.86472603,0.79600749,0.53520692,19.48438151,"Bowden Francis",20548,670102
"Erik Swanson","TOR",111.1,0.31301653,0.69943503,0.49757151,0.59405941,0.80129241,0.73318872,0.47760389,19.48086643,"Erik Swanson",16587,657024
"Bailey Falter","- - -",348.1,0.27223608,0.65849563,0.4858841,0.63969466,0.89903111,0.83409786,0.55312036,19.47840532,"Bailey Falter",20070,663559
"Taylor Clarke","KCR",107.2,0.30641593,0.6736035,0.4909191,0.566787,0.85528455,0.76569507,0.50247661,19.47434018,"Taylor Clarke",17611,664199
"Bryan Abreu","HOU",216.1,0.30010776,0.62182024,0.45710345,0.37163375,0.77363636,0.63850332,0.488,19.47194719,"Bryan Abreu",16609,650556
"Xzavion Curry","- - -",140.2,0.25146771,0.70462329,0.49315068,0.692607,0.86634265,0.825,0.53333333,19.47154472,"Xzavion Curry",25595,675540
"Framber Valdez","HOU",550.2,0.30613254,0.61551474,0.46260083,0.47738288,0.88182175,0.74953765,0.50574432,19.46807077,"Framber Valdez",17295,664285
"Yennier Cano","BAL",185,0.31707317,0.63086336,0.47591191,0.56263736,0.85883621,0.76138829,0.50619408,19.46794572,"Yennier Cano",25911,666974
"Chris Sale","- - -",387.1,0.3361458,0.6221339,0.48620468,0.52811245,0.80982801,0.71725503,0.52470324,19.46342513,"Chris Sale",10603,519242
"Shawn Armstrong","- - -",184.2,0.27645611,0.66865672,0.50345543,0.63501484,0.83660714,0.78997941,0.57878369,19.45390405,"Shawn Armstrong",12857,542888
"Steven Okert","- - -",159,0.25831202,0.6742532,0.48507173,0.52475248,0.78059072,0.7186251,0.54517255,19.43697917,"Steven Okert",13580,595345
"Gabe Speier","SEA",133.2,0.34989858,0.66068053,0.51076321,0.51304348,0.81831187,0.71743295,0.51761252,19.435247,"Gabe Speier",17170,642100
"Eury Pérez","MIA",172.1,0.30764075,0.70398352,0.50339213,0.52069717,0.80487805,0.71698113,0.49389417,19.4206278,"Eury Perez",27768,691587
"Ryan Thompson","- - -",132.1,0.32157676,0.61560694,0.47402597,0.63225806,0.86697966,0.79030558,0.51848152,19.4084022,"Ryan Thompson",16647,657044
"Anthony Bender","MIA",103,0.23412698,0.5667686,0.42199194,0.49152542,0.89928058,0.80081855,0.56476684,19.36635945,"Anthony Bender",19742,669622
"Shota Imanaga","CHC",302.1,0.34520418,0.72533445,0.54735438,0.57496561,0.83170029,0.75588952,0.53179191,19.35631835,"Shota Imanaga",33829,684007
"Julio Urías","LAD",117.1,0.31497006,0.64102564,0.49378042,0.63498099,0.85076923,0.78860898,0.54840454,19.34218289,"Julio Urias",14765,628711
"José Berríos","TOR",542,0.3040275,0.61799341,0.4642943,0.60177706,0.87804878,0.78948731,0.51045925,19.33807006,"Jose Berrios",14168,621244
"Matt Moore","- - -",101,0.29120198,0.69908467,0.50327186,0.5787234,0.81669394,0.75059102,0.51992861,19.3206951,"Matt Moore",1890,519043
"Héctor Neris","- - -",154.1,0.31272995,0.68735454,0.49509063,0.54823529,0.82505643,0.73531655,0.48678248,19.30656566,"Hector Neris",11804,593576
"Max Scherzer","- - -",270.1,0.29737754,0.69122807,0.50616136,0.54076539,0.82677665,0.7478181,0.53010928,19.2997805,"Max Scherzer",3137,453286
"Elvis Peguero","- - -",122,0.35299456,0.6191052,0.46708139,0.51413882,0.8828125,0.7236404,0.42871954,19.28653295,"Elvis Peguero",21652,665625
"Colin Holderman","PIT",132,0.26325411,0.65841161,0.46754967,0.53472222,0.83787289,0.75542965,0.51699779,19.27990431,"Colin Holderman",22361,670059
"Kyle Freeland","COL",414,0.28846154,0.67996628,0.50553046,0.5830303,0.91528926,0.83081664,0.55444773,19.27941497,"Kyle Freeland",16256,607536
"Hayden Wesneski","- - -",189,0.27436075,0.6130031,0.45297191,0.55163728,0.87575758,0.78298486,0.52743305,19.27517668,"Hayden Wesneski",27581,669713
"Ian Hamilton","NYY",135.2,0.31934932,0.66853408,0.48637785,0.47453083,0.80167598,0.68962351,0.47833854,19.27387387,"Ian Hamilton",19261,641656
"Yusei Kikuchi","- - -",505,0.28221618,0.66262136,0.48326531,0.53023663,0.83949384,0.75434363,0.52851312,19.26921875,"Yusei Kikuchi",20633,579328
"Julian Merryweather","CHC",105.2,0.29148936,0.64184009,0.46411225,0.4270073,0.85324232,0.71744186,0.49271452,19.26772793,"Julian Merryweather",16703,657240
"John Schreiber","- - -",155.1,0.24578313,0.64518414,0.45803538,0.64705882,0.82656422,0.78142975,0.53142642,19.25944584,"John Schreiber",20020,670167
"Bryan Baker","- - -",129.2,0.276,0.67921147,0.48865784,0.60507246,0.82058047,0.76305609,0.52741021,19.25739459,"Bryan Baker",19804,641329
"Nathan Eovaldi","TEX",444.2,0.3172093,0.67005076,0.5019938,0.54056696,0.84301347,0.75198588,0.52370403,19.25416583,"Nathan Eovaldi",9132,543135
"Cionel Pérez","BAL",128.2,0.2407932,0.65921288,0.45567294,0.56862745,0.87788331,0.7983871,0.51355076,19.25269841,"Cionel Perez",19614,672335
"Brandon Woodruff","MIL",126.2,0.28325123,0.65097691,0.49690402,0.54347826,0.82264666,0.75597092,0.58101135,19.25017373,"Brandon Woodruff",16162,605540
"Dylan Cease","- - -",517.1,0.30652963,0.67819905,0.47734698,0.47008547,0.81167016,0.69313256,0.45959486,19.22190285,"Dylan Cease",18525,656302
"Chris Flexen","- - -",306,0.27486239,0.68278066,0.47016067,0.62483311,0.87302516,0.79739626,0.47876817,19.201973,"Chris Flexen",13896,623167
"MacKenzie Gore","WSN",450,0.29800995,0.68877805,0.49315068,0.51001669,0.84286749,0.74217172,0.49937733,19.20119423,"MacKenzie Gore",22201,669022
"Clarke Schmidt","NYY",323,0.26585748,0.64023961,0.46290801,0.53166421,0.84810127,0.76201923,0.52633531,19.19585828,"Clarke Schmidt",19899,657376
"Tyler Wells","BAL",145.2,0.29947917,0.66554054,0.48501712,0.62318841,0.8286802,0.76610768,0.50684932,19.19153802,"Tyler Wells",20000,669330
"Ryne Nelson","ARI",431.2,0.280077,0.68797287,0.50503597,0.65063001,0.88168373,0.82421652,0.55151079,19.1844358,"Ryne Nelson",26253,669194
"Dakota Hudson","- - -",170.1,0.23038516,0.64961458,0.44185224,0.60371517,0.90399137,0.8264,0.50441852,19.18398058,"Dakota Hudson",19206,641712
"Reynaldo López","- - -",206.2,0.29885749,0.68291284,0.49545054,0.50704225,0.84047019,0.74229858,0.51188729,19.18270736,"Reynaldo Lopez",16400,625643
"Brandon Pfaadt","ARI",430.2,0.29275809,0.6631016,0.49105225,0.56736842,0.86572581,0.78309038,0.53543307,19.17568627,"Brandon Pfaadt",27782,694297
"Jorge López","- - -",136.2,0.28686869,0.61259707,0.46254072,0.55633803,0.89014085,0.79476861,0.53932061,19.16365979,"Jorge Lopez",14527,605347
"Phil Maton","- - -",185,0.3069241,0.64671053,0.47782925,0.51843818,0.79348932,0.70567867,0.50297816,19.15524911,"Phil Maton",18064,664208
"Blake Snell","- - -",332.1,0.29746255,0.63198072,0.44201389,0.42959918,0.78067387,0.64650432,0.43211806,19.14649243,"Blake Snell",13543,605483
"Kutter Crawford","BOS",313,0.32583793,0.69781931,0.51979695,0.58463542,0.83984375,0.76328125,0.52142132,19.14585635,"Kutter Crawford",20531,676710
"Dean Kremer","BAL",460.2,0.27295149,0.66403464,0.47564356,0.61746988,0.85654008,0.7904524,0.51828383,19.14426808,"Dean Kremer",19350,665152
"Clay Holmes","- - -",277,0.27066025,0.6090604,0.44337401,0.55735057,0.86363636,0.77209078,0.51038322,19.14289847,"Clay Holmes",13649,605280
"Bryce Jarvis","ARI",103.2,0.23722628,0.6429342,0.45225843,0.61538462,0.87416107,0.81036662,0.53001715,19.13912375,"Bryce Jarvis",27477,686826
"Drew Smyly","CHC",201,0.30188679,0.65655941,0.46957285,0.54595588,0.866164,0.7576324,0.47279111,19.13775308,"Drew Smyly",11760,592767
"Justin Topa","- - -",131.1,0.26995305,0.60989933,0.46819961,0.63043478,0.88308116,0.82236155,0.58317025,19.125,"Justin Topa",15145,623437
"J.P. France","HOU",161.2,0.23914699,0.64206642,0.44377811,0.57961783,0.86551724,0.78969595,0.50787106,19.11734694,"J.P. France",21212,641585
"Lucas Giolito","- - -",314.2,0.28137879,0.6633359,0.4699298,0.53129161,0.85863268,0.75938635,0.49364447,19.11286624,"Lucas Giolito",15474,608337
"Rafael Montero","- - -",159,0.28506787,0.68556701,0.47228916,0.58276644,0.8292159,0.75,0.46746988,19.10440309,"Rafael Montero",12760,606160
"Michael McGreevy","STL",102,0.25633803,0.64868256,0.46383543,0.62637363,0.88974855,0.8211731,0.5288653,19.10202206,"Michael McGreevy",29869,700241
"Justin Lawrence","- - -",146,0.2380531,0.58012327,0.42092257,0.55762082,0.84329349,0.76810176,0.53459638,19.08545557,"Justin Lawrence",17639,664875
"Tanner Scott","- - -",200.1,0.34951456,0.67686875,0.52658389,0.48611111,0.78521739,0.69407497,0.54091054,19.08397933,"Tanner Scott",17586,656945
"Seranthony Domínguez","- - -",165,0.27537212,0.67359667,0.4720986,0.5012285,0.82407407,0.72878898,0.4940089,19.07956104,"Seranthony Dominguez",19249,622554
"Griffin Jax","- - -",195.1,0.34960422,0.64281269,0.50048031,0.41509434,0.81316554,0.67818298,0.51456932,19.06851691,"Griffin Jax",20253,643377
"Gavin Williams","CLE",308.2,0.27078566,0.65809489,0.46944083,0.53943662,0.84424876,0.75860704,0.51291102,19.06364085,"Gavin Williams",30122,668909
"Jhony Brito","- - -",134,0.26821862,0.6758494,0.48194511,0.70188679,0.85869565,0.81718282,0.52431391,19.06014541,"Jhony Brito",25386,666745
"Jordan Hicks","- - -",242.2,0.25647059,0.60577819,0.43198314,0.54678899,0.85923077,0.76693767,0.50245844,19.05074062,"Jordan Hicks",19618,663855
"Luis Medina","OAK",149.2,0.26825633,0.66893424,0.46716698,0.56666667,0.86553672,0.77911647,0.49643527,19.04682779,"Luis Medina",21649,665622
"Ryan Brasier","- - -",113.2,0.33662145,0.69415808,0.5219715,0.6043956,0.86963696,0.78725825,0.51840855,19.04482478,"Ryan Brasier",5615,518489
"Shane Smith","CHW",125.1,0.26275787,0.64834206,0.47653604,0.45454545,0.84253028,0.74720812,0.55442671,19.03861257,"Shane Smith",31687,681343
"Tomoyuki Sugano","BAL",143.2,0.29411765,0.64050633,0.4694575,0.64117647,0.92094862,0.8343949,0.50619393,19.03731778,"Tomoyuki Sugano",35321,608372
"Lucas Erceg","- - -",176,0.26867718,0.64222675,0.45634379,0.5255102,0.83403805,0.74364723,0.50238745,19.03487838,"Lucas Erceg",19360,668674
"Brayan Bello","BOS",472,0.28742668,0.65341647,0.46872587,0.56699201,0.87355865,0.77869303,0.4953668,19.02094972,"Brayan Bello",23920,678394
"Jeffrey Springs","- - -",211,0.28910776,0.63818807,0.46455331,0.55911824,0.83557951,0.75,0.50259366,19.01698842,"Jeffrey Springs",17677,605488
"Shohei Ohtani","- - -",168,0.26472962,0.65301874,0.47350746,0.43902439,0.81827843,0.72025217,0.53768657,19.01454363,"Shohei Ohtani",19755,660271
"Anthony Banda","- - -",116,0.31413613,0.66939611,0.49378882,0.49666667,0.84862385,0.73794549,0.50569358,18.98895028,"Anthony Banda",14706,607455
"Will Warren","NYY",169.2,0.24331551,0.60053086,0.42257742,0.58516484,0.85303867,0.77620173,0.5018315,18.9857461,"Will Warren",30182,701542
"Jake Woodford","- - -",117,0.19815195,0.64169675,0.43419789,0.72020725,0.907173,0.86725664,0.5321806,18.98436482,"Jake Woodford",18674,663765
"Cole Sands","MIN",157.1,0.2786746,0.65902579,0.48503692,0.57012195,0.8576087,0.78205128,0.54255733,18.97749869,"Cole Sands",21461,663485
"Scott Barlow","- - -",186.1,0.28813559,0.58349206,0.42479436,0.46679317,0.83133841,0.69847856,0.46269095,18.96784192,"Scott Barlow",14993,605130
"Chad Patrick","MIL",109.1,0.28555176,0.69206681,0.49755035,0.66135458,0.84313725,0.79321663,0.52150245,18.95976591,"Chad Patrick",30113,694477
"George Soriano","MIA",109.2,0.25649351,0.62585034,0.45110087,0.50632911,0.8431677,0.75255392,0.52688172,18.94824017,"George Soriano",21863,666277
"Yimi García","- - -",126,0.28931452,0.66082949,0.4833895,0.54006969,0.79776848,0.72410359,0.52238806,18.93996127,"Yimi Garcia",12095,554340
"Adam Wainwright","STL",101,0.204947,0.5982906,0.41120448,0.72413793,0.92857143,0.88010899,0.52436975,18.93399847,"Adam Wainwright",2233,425794
"Pedro Avila","- - -",133,0.26875515,0.67120799,0.46024201,0.50613497,0.8714479,0.75962441,0.47579948,18.92988506,"Pedro Avila",18864,658648
"Dylan Lee","ATL",146,0.37121907,0.69090909,0.53561888,0.43703704,0.78696742,0.66916043,0.51424755,18.92964522,"Dylan Lee",19996,669276
"Nick Pivetta","- - -",459.2,0.31564167,0.64966339,0.48942476,0.54982206,0.85771224,0.76245527,0.52027482,18.92777176,"Nick Pivetta",15454,601713
"Robbie Ray","- - -",207.2,0.2913649,0.6969697,0.49153499,0.50478011,0.83018868,0.73249139,0.49351016,18.91719745,"Robbie Ray",11486,592662
"José Buttó","- - -",178.2,0.29596679,0.66483084,0.45451471,0.51102204,0.84970414,0.72395833,0.42982753,18.9123362,"Jose Butto",23313,676130
"Alec Marsh","KCR",203.1,0.27835052,0.6528173,0.46617185,0.51028807,0.8744551,0.76607471,0.50157008,18.91111966,"Alec Marsh",27451,679525
"Luis L. Ortiz","- - -",311,0.25030625,0.66779661,0.46747649,0.5725938,0.86181613,0.78751048,0.52018025,18.90652463,"Luis L. Ortiz",27646,682847
"Tyler Ferguson","OAK",101.1,0.25095541,0.65521064,0.46710136,0.60913706,0.81725888,0.76522843,0.53467694,18.89465283,"Tyler Ferguson",19481,621053
"Hunter Harvey","- - -",122,0.31182796,0.67785844,0.51033465,0.5862069,0.82195448,0.756027,0.54232283,18.89178618,"Hunter Harvey",15507,640451
"Slade Cecconi","- - -",219.1,0.23188406,0.66398795,0.47705899,0.56534091,0.87897126,0.8130227,0.56739812,18.88326848,"Slade Cecconi",27500,677944
"Janson Junk","- - -",107.2,0.30067114,0.70281996,0.52309538,0.69196429,0.89197531,0.84059633,0.55308938,18.8780284,"Janson Junk",23301,676083
"Chris Stratton","- - -",162,0.26342899,0.63746439,0.45349258,0.62290503,0.87039106,0.79968077,0.50814332,18.87317784,"Chris Stratton",13761,608717
"Kenta Maeda","- - -",224.2,0.30905412,0.65530303,0.47633987,0.55482815,0.85796862,0.75631175,0.48313725,18.87176799,"Kenta Maeda",18498,628317
"Luke Jackson","- - -",131,0.30783242,0.64222874,0.46911834,0.49112426,0.85996956,0.73467337,0.48231966,18.84190231,"Luke Jackson",11752,592426
"Camilo Doval","- - -",187,0.28562874,0.64396285,0.46179604,0.42348008,0.82211538,0.69676994,0.49162861,18.83975659,"Camilo Doval",21992,666808
"Jordan Romano","- - -",115.1,0.30944255,0.64705882,0.48498088,0.43382353,0.82142857,0.7027027,0.51993446,18.80766341,"Jordan Romano",16122,605447
"Javier Assad","CHC",281.2,0.22691293,0.61955594,0.42612652,0.6627907,0.8973122,0.83579054,0.50736568,18.806698,"Javier Assad",21741,665871
"Andrew Kittredge","- - -",129.1,0.39032258,0.67592593,0.5362776,0.52892562,0.87671233,0.75294118,0.51104101,18.80218182,"Andrew Kittredge",12828,552640
"Drew Rasmussen","TBR",213,0.29881862,0.64051196,0.48856613,0.55116279,0.87749783,0.7887413,0.5553152,18.80200501,"Drew Rasmussen",25385,656876
"Gerrit Cole","NYY",304,0.2966796,0.67748397,0.494081,0.57994186,0.8415139,0.76586801,0.51838006,18.80044531,"Gerrit Cole",13125,543037
"Jake Bird","- - -",184.2,0.25442478,0.6005988,0.44547257,0.53913043,0.86141575,0.77893175,0.55188367,18.78847027,"Jake Bird",21267,656234
"Merrill Kelly","- - -",428,0.32559524,0.65143205,0.48660042,0.60054845,0.86248831,0.77382426,0.49412827,18.78501229,"Merrill Kelly",11156,518876
"Spencer Arrighetti","HOU",180.1,0.26009582,0.64259928,0.46365674,0.46578947,0.83988764,0.74171271,0.5321806,18.78251507,"Spencer Arrighetti",29921,681293
"Jack Kochanowicz","LAA",176.1,0.26299213,0.6961326,0.4937454,0.61976048,0.90277778,0.83233979,0.53274467,18.77336087,"Jack Kochanowicz",27688,686799
"Albert Suárez","BAL",142.1,0.29927595,0.73177318,0.50339847,0.64247312,0.85116851,0.78565401,0.47196262,18.77050114,"Albert Suarez",6175,544150
"Zack Wheeler","PHI",541.2,0.32404266,0.67953321,0.5086227,0.54151085,0.81869221,0.73379152,0.51922629,18.75518478,"Zack Wheeler",10310,554430
"Tyler Alexander","- - -",244,0.29600953,0.64289044,0.49058577,0.69416499,0.862219,0.81769723,0.56093096,18.74910007,"Tyler Alexander",17735,641302
"Joe Musgrove","SDP",197,0.32808399,0.62935323,0.48275862,0.522,0.86561265,0.75198413,0.51340996,18.74435764,"Joe Musgrove",12970,605397
"Calvin Faucher","- - -",134.2,0.23862729,0.6426799,0.43704305,0.5083612,0.88288288,0.77881041,0.49106418,18.73132724,"Calvin Faucher",20116,676534
"Josh Hader","- - -",180,0.3697949,0.7033195,0.52765957,0.46218487,0.74139626,0.63833747,0.47332242,18.72450728,"Josh Hader",14212,623352
"Graham Ashcraft","CIN",281,0.28710247,0.67993154,0.48663334,0.53384615,0.88483323,0.78293881,0.50793306,18.72003578,"Graham Ashcraft",27552,668933
"Tyler Mahle","- - -",115.1,0.30033746,0.64959839,0.48488064,0.6741573,0.82689335,0.78227571,0.52838196,18.68339223,"Tyler Mahle",16358,641816
"Spencer Strider","ATL",303,0.3356974,0.68302181,0.51037995,0.39906103,0.7958951,0.66615503,0.50293772,18.66701708,"Spencer Strider",27498,675911
"Michael Kopech","- - -",205.2,0.26701031,0.61624027,0.43499197,0.56563707,0.80685921,0.7300123,0.48100589,18.65791341,"Michael Kopech",17282,656629
"Tyler Glasnow","- - -",329.2,0.28373984,0.63890963,0.46885948,0.37249284,0.83050847,0.69779992,0.52121448,18.63959258,"Tyler Glasnow",14374,607192
"Jorge Alcala","- - -",124.2,0.2519685,0.65859983,0.46847676,0.59765625,0.80708661,0.75442043,0.53244363,18.62944785,"Jorge Alcala",19459,660896
"Colin Poche","- - -",107.1,0.27771679,0.67123288,0.46207701,0.58102767,0.85343228,0.76641414,0.46849475,18.62609387,"Colin Poche",19403,621363
"A.J. Puk","- - -",136,0.31098154,0.636,0.48924967,0.471875,0.78867925,0.69775785,0.54848618,18.6222746,"A.J. Puk",19343,640462
"Bryan Hoeing","- - -",132.1,0.27021696,0.62072336,0.44624448,0.59124088,0.89291339,0.8019802,0.50220913,18.62154882,"Bryan Hoeing",26304,663773
"Emmet Sheehan","LAD",120,0.33170254,0.69947644,0.50935761,0.50442478,0.82035928,0.71400199,0.48305513,18.61746784,"Emmet Sheehan",29839,686218
"Victor Vodnik","COL",126.2,0.23484202,0.65438596,0.44180009,0.59636364,0.86327078,0.791381,0.49329295,18.61643836,"Victor Vodnik",24614,680767
"Johan Oviedo","PIT",197.2,0.25890163,0.66141732,0.45979444,0.4988345,0.8525641,0.75279421,0.49909311,18.60664479,"Johan Oviedo",22487,670912
"Sean Burke","CHW",141,0.27699918,0.65403226,0.46759071,0.58333333,0.84956843,0.77157803,0.50550347,18.60645868,"Sean Burke",29878,680732
"Michael King","- - -",341,0.28510789,0.60028653,0.44171561,0.54094293,0.82995227,0.73609992,0.49688557,18.6052506,"Michael King",19853,650633
"Zac Gallen","ARI",532.2,0.30247459,0.62336702,0.45415356,0.53907962,0.89640174,0.77090816,0.47267855,18.59820444,"Zac Gallen",19291,668678
"Randy Vásquez","- - -",253,0.25563525,0.65650849,0.47234643,0.70741483,0.89257294,0.84653712,0.54059779,18.58255851,"Randy Vasquez",24719,681190
"Caleb Thielbar","- - -",131,0.28469388,0.66145833,0.48827392,0.64157706,0.82152231,0.77329491,0.54033771,18.57509387,"Caleb Thielbar",10078,573204
"Carlos Rodón","NYY",415.2,0.30580059,0.67074949,0.48033473,0.51660839,0.83130435,0.7267712,0.47824268,18.57328145,"Carlos Rodon",16137,607074
"Emmanuel Clase","CLE",194.1,0.32808812,0.71989861,0.54510355,0.47482014,0.83890845,0.74114617,0.55387855,18.56990808,"Emmanuel Clase",21032,661403
"Paul Skenes","PIT",311,0.30523627,0.66679507,0.4950455,0.51324965,0.81629116,0.72753268,0.52497472,18.55480924,"Paul Skenes",33677,694973
"Evan Phillips","LAD",121.2,0.27282976,0.63934426,0.47037422,0.46280992,0.84313725,0.74143646,0.53898129,18.54937413,"Evan Phillips",17734,623465
"Matt Brash","SEA",112.1,0.29688973,0.58649789,0.43354903,0.41587302,0.80935252,0.66704937,0.47187656,18.53608924,"Matt Brash",25756,666374
"Ryan Feltner","COL",236,0.25952122,0.66437008,0.47209302,0.58071279,0.85407407,0.78270389,0.5250646,18.53528582,"Ryan Feltner",21446,663372
"Alex Faedo","DET",122,0.30256898,0.65959596,0.47574718,0.52830189,0.84226646,0.73944387,0.48505634,18.53442623,"Alex Faedo",19874,656412
"Taj Bradley","- - -",375.1,0.28235684,0.69626608,0.49484536,0.54865182,0.84948175,0.76595052,0.51336985,18.53313253,"Taj Bradley",22543,671737
"Jacob Lopez","- - -",115.1,0.27103718,0.62904809,0.44977952,0.57039711,0.81903276,0.74400871,0.49926507,18.52741514,"Jacob Lopez",25098,682052
"Yoshinobu Yamamoto","LAD",245.1,0.3081761,0.62421001,0.47213115,0.4914966,0.85280374,0.73931624,0.51878941,18.5210084,"Yoshinobu Yamamoto",33825,808967
"Grant Anderson","- - -",127,0.246138,0.63433476,0.45786517,0.50209205,0.84167794,0.75869121,0.54541199,18.51480781,"Grant Anderson",20546,681982
"Eli Morgan","- - -",116.2,0.35170341,0.69793814,0.52235772,0.56980057,0.84638109,0.75194553,0.49288618,18.51019022,"Eli Morgan",20203,669212
"Eduard Bazardo","- - -",115.2,0.27305825,0.59270517,0.4472667,0.60444444,0.85811966,0.78765432,0.54500276,18.50633855,"Eduard Bazardo",20997,660825
"Yonny Chirinos","- - -",115,0.27446569,0.6714876,0.48142165,0.67622951,0.88615385,0.82885906,0.52127087,18.50485437,"Yonny Chirinos",16401,630023
"Tristan Beck","SFG",147,0.29625984,0.66749585,0.49774977,0.55813953,0.86832298,0.78390597,0.54275428,18.498125,"Tristan Beck",21584,663941
"Jack Flaherty","- - -",458,0.30305974,0.61690744,0.45239308,0.54166667,0.84388552,0.73776027,0.47581466,18.48284519,"Jack Flaherty",17479,656427
"Jacob Webb","- - -",168.1,0.30945122,0.68469101,0.50475146,0.61576355,0.79897436,0.74511224,0.52046784,18.47055913,"Jacob Webb",19274,657097
"Carmen Mlodzinski","PIT",175.2,0.26086957,0.65178571,0.46718277,0.58196721,0.86692759,0.79178674,0.52776843,18.46831461,"Carmen Mlodzinski",27572,669387
"Kevin Ginkel","ARI",161,0.31994554,0.66060127,0.47749726,0.48510638,0.87065868,0.73180077,0.46249543,18.46439024,"Kevin Ginkel",19876,656464
"Mike Baumann","- - -",123,0.27825261,0.68416206,0.48433848,0.5665529,0.86137281,0.77799228,0.50771388,18.4619736,"Mike Baumann",20206,657508
"Joe Jiménez","ATL",125,0.33584499,0.65967153,0.51111111,0.46794872,0.802213,0.70144928,0.54123457,18.45139814,"Joe Jimenez",15761,641729
"Cody Bradford","TEX",132.1,0.3006135,0.64414029,0.4876572,0.64285714,0.8499336,0.79178606,0.54448067,18.44082655,"Cody Bradford",27597,674003
"Grant Holmes","ATL",183.1,0.32816537,0.68611111,0.50066934,0.4507874,0.85425101,0.71724599,0.48192771,18.43826323,"Grant Holmes",16944,656550
"Reid Detmers","LAA",299.2,0.29667722,0.66654425,0.48847839,0.52,0.82424242,0.73528265,0.51856789,18.43521341,"Reid Detmers",27468,672282
"Aaron Bummer","- - -",168,0.28619303,0.54407895,0.41633466,0.52693208,0.85973398,0.74641148,0.50464807,18.43002657,"Aaron Bummer",16258,607481
"Mason Miller","- - -",152,0.34602917,0.66292135,0.50524194,0.39344262,0.76271186,0.63687151,0.50241935,18.41808511,"Mason Miller",31757,695243
"Brock Burke","- - -",151.1,0.29349904,0.71877231,0.53698406,0.6514658,0.8182721,0.77929985,0.5725378,18.41169916,"Brock Burke",17968,656271
"Lance Lynn","- - -",301,0.27654698,0.71020093,0.49212447,0.5980663,0.82426551,0.76034348,0.49711871,18.40909091,"Lance Lynn",2520,458681
"Martín Pérez","- - -",322.1,0.25967292,0.62542437,0.44765413,0.66973886,0.88057901,0.82113469,0.5139589,18.40441372,"Martin Perez",6902,527048
"Carson Spiers","CIN",117,0.28008089,0.64214351,0.4708134,0.59566787,0.88260255,0.80182927,0.52679426,18.40322581,"Carson Spiers",27685,686730
"Simeon Woods Richardson","MIN",232.2,0.26998962,0.69010043,0.48867314,0.61346154,0.87110187,0.80285278,0.52053771,18.40299501,"Simeon Woods Richardson",24494,680573
"Jared Jones","PIT",121.2,0.31644144,0.68945313,0.51621339,0.4911032,0.81586402,0.72340426,0.53556485,18.39828694,"Jared Jones",27863,683003
"Michael Grove","LAD",120,0.31256384,0.64285714,0.47896604,0.49019608,0.87010955,0.74708995,0.50380132,18.39322737,"Michael Grove",23221,675627
"Nick Martinez","- - -",409.1,0.29809301,0.6448514,0.48085443,0.57463524,0.87011173,0.78348141,0.52705696,18.38324653,"Nick Martinez",12730,607259
"Joe Mantiply","ARI",108.1,0.36675127,0.64251781,0.50920245,0.64013841,0.82809612,0.7626506,0.51656442,18.3831058,"Joe Mantiply",14857,573009
"Lucas Sims","- - -",122.2,0.25778547,0.64492078,0.44414536,0.4966443,0.8150289,0.71919192,0.48138179,18.36646707,"Lucas Sims",13470,608371
"Buck Farmer","CIN",146,0.29672131,0.63054608,0.46028428,0.5718232,0.81867388,0.73751135,0.48996656,18.36004515,"Buck Farmer",14814,571656
"Trevor Richards","- - -",143.2,0.33896016,0.61243612,0.45988701,0.5438247,0.83171071,0.71334971,0.44218456,18.35806133,"Trevor Richards",19309,670950
"Nick Sandlin","- - -",134,0.28918692,0.6489649,0.46267361,0.47826087,0.78640777,0.68667917,0.48220486,18.35405872,"Nick Sandlin",20517,680704
"Hunter Gaddis","CLE",176.1,0.29153355,0.67753121,0.49814402,0.6,0.83520983,0.77123696,0.53526355,18.35252525,"Hunter Gaddis",25636,683769
"Keider Montero","DET",175,0.27310924,0.64518318,0.47897898,0.59692308,0.89589905,0.81974922,0.5533033,18.35123967,"Keider Montero",22630,672456
"Brennan Bernardino","BOS",153.1,0.22727273,0.59482759,0.42728694,0.57358491,0.86956522,0.79780421,0.54417514,18.33932347,"Brennan Bernardino",16835,657514
"Chris Paddack","- - -",238.2,0.31980779,0.67490119,0.50423403,0.64941569,0.87188873,0.80407125,0.51937388,18.33694512,"Chris Paddack",20099,663978
"Marcus Stroman","- - -",330.1,0.26362398,0.64929631,0.4458221,0.63178295,0.88635032,0.80693269,0.47241689,18.33301088,"Marcus Stroman",13431,573186
"Cristopher Sánchez","PHI",463.1,0.34153753,0.63424771,0.49463768,0.56672598,0.84665793,0.75446821,0.52304348,18.33286601,"Cristopher Sanchez",20778,650911
"Charlie Morton","- - -",464,0.29455081,0.61266717,0.45141222,0.49083333,0.85667216,0.73566703,0.49309444,18.33255465,"Charlie Morton",4676,450203
"Kyle Hendricks","- - -",417,0.30035223,0.62168464,0.46856881,0.69402985,0.8790436,0.82253338,0.5234971,18.32802013,"Kyle Hendricks",12049,543294
"Sam Long","- - -",123.1,0.27315248,0.65401987,0.46691176,0.66780822,0.86740331,0.81003937,0.50873162,18.32801962,"Sam Long",25379,669674
"Nick Lodolo","CIN",289,0.30624158,0.63330632,0.47816826,0.51026393,0.85860525,0.75278396,0.5256656,18.31810295,"Nick Lodolo",26378,666157
"Dylan Floro","- - -",125.1,0.25902335,0.60077146,0.43810005,0.6557377,0.87961477,0.816609,0.52400202,18.31024931,"Dylan Floro",13394,571670
"Jose A. Ferrer","WSN",135.1,0.28128461,0.63530391,0.48336502,0.56299213,0.86631717,0.79056047,0.57081749,18.30764249,"Jose A. Ferrer",24017,678606
"Gregory Soto","- - -",166.1,0.30399408,0.6256022,0.47058824,0.45985401,0.81188119,0.70227273,0.51800357,18.29651163,"Gregory Soto",19677,642397
"John Brebbia","- - -",117,0.28528827,0.66280107,0.48425012,0.63763066,0.83176312,0.7776699,0.52703338,18.29179712,"John Brebbia",12777,605154
"Andrés Muñoz","SEA",163.2,0.33079585,0.61979576,0.46615158,0.41841004,0.76425856,0.63378058,0.46835909,18.29040157,"Andres Munoz",20373,662253
"Carlos Hernández","- - -",143.1,0.290938,0.71200608,0.50621601,0.53005464,0.82390608,0.74136608,0.51126651,18.28586279,"Carlos Hernandez",22713,672578
"Colin Rea","- - -",433.2,0.26159148,0.64908074,0.47098632,0.63473054,0.87151067,0.81106695,0.54038877,18.2829708,"Colin Rea",12317,607067
"Cade Povich","BAL",175.2,0.26279863,0.62949195,0.45501786,0.57922078,0.85826772,0.78158458,0.52419617,18.27367962,"Cade Povich",30055,700249
"Spencer Bivens","SFG",122.1,0.24284078,0.66604303,0.47579815,0.66509434,0.89466292,0.84199134,0.55046344,18.26990839,"Spencer Bivens",30226,702352
"Bobby Miller","LAD",185.1,0.27806452,0.66012658,0.47092652,0.59164733,0.84467881,0.77069199,0.50479233,18.26929674,"Bobby Miller",27483,676272
"JoJo Romero","STL",150.1,0.26129318,0.59934587,0.43707483,0.47457627,0.83901774,0.7344358,0.51998299,18.26701571,"JoJo Romero",19574,668941
"Nate Pearson","- - -",123.2,0.23108808,0.63985702,0.45057582,0.47533632,0.84916201,0.76038339,0.53694818,18.25179387,"Nate Pearson",20160,663878
"Angel Zerpa","KCR",156.1,0.22696246,0.6097561,0.44291558,0.61278195,0.90594595,0.84047019,0.56415024,18.24813154,"Angel Zerpa",22717,672582
"Jacob deGrom","TEX",196.2,0.33739837,0.69674851,0.51894066,0.44779116,0.82571429,0.70413437,0.50519611,18.24512913,"Jacob deGrom",10954,594798
"Kyle Muller","OAK",126.1,0.25275827,0.6962775,0.49334557,0.55555556,0.88092345,0.80465116,0.54245067,18.23842303,"Kyle Muller",20167,666205
"Matt Manning","DET",105.2,0.23410405,0.65405405,0.47433519,0.64814815,0.8677686,0.82138201,0.572047,18.21805792,"Matt Manning",20369,666159
"Joe Boyle","- - -",100.1,0.21612903,0.60718057,0.41342568,0.49253731,0.84,0.75,0.5045285,18.21111893,"Joe Boyle",29608,671212
"Joey Estes","OAK",148.2,0.30049261,0.73147469,0.54751892,0.69180328,0.86459378,0.82411674,0.57317073,18.20543981,"Joey Estes",26257,683155
"Max Meyer","MIA",121.2,0.27520161,0.66502463,0.47234679,0.46520147,0.88444444,0.76371308,0.50572995,18.20246238,"Max Meyer",27474,676974
"Tim Mayza","- - -",108,0.24970828,0.61581292,0.43703704,0.64953271,0.8716094,0.80964798,0.51168091,18.18682171,"Tim Mayza",15042,641835
"Taylor Rogers","- - -",157.1,0.24647303,0.5720869,0.42804699,0.48484848,0.85500575,0.76072041,0.55763583,18.18554688,"Taylor Rogers",13449,573124
"Tyler Phillips","- - -",105,0.34289277,0.64698331,0.49272612,0.54545455,0.8968254,0.77278562,0.49272612,18.18511957,"Tyler Phillips",20629,663969
"José Soriano","LAA",318.2,0.28878468,0.60613301,0.44595661,0.46955345,0.87647832,0.74347634,0.49526627,18.17119785,"Jose Soriano",22100,667755
"Freddy Peralta","MIL",503,0.29100642,0.67104943,0.46883901,0.5062546,0.81930334,0.71591738,0.46792754,18.16771583,"Freddy Peralta",18679,642547
"Aaron Civale","- - -",377.1,0.27490298,0.63044149,0.45679987,0.62941176,0.8712047,0.80013831,0.51160954,18.15494155,"Aaron Civale",19479,650644
"Matthew Boyd","- - -",277,0.30456598,0.6743393,0.50449412,0.55518946,0.83817952,0.75970763,0.54067758,18.14241002,"Matthew Boyd",15440,571510
"Brandon Williamson","CIN",131.1,0.25503356,0.64397906,0.45865692,0.60902256,0.87262873,0.80278884,0.52352672,18.13476923,"Brandon Williamson",25463,682227
"Braxton Garrett","MIA",196.2,0.32496697,0.61429491,0.47147049,0.52642276,0.89098532,0.76694329,0.506358,18.12236665,"Braxton Garrett",21844,666129
"Brant Hurter","DET",104,0.25801953,0.60777778,0.45269017,0.52972973,0.8702011,0.78415301,0.55658627,18.11928934,"Brant Hurter",30133,676428
"Trent Thornton","- - -",146,0.2944664,0.65916399,0.49556738,0.55704698,0.85731707,0.77728086,0.55141844,18.10158151,"Trent Thornton",17948,663423
"Michael Lorenzen","- - -",407.2,0.26989619,0.66817633,0.47311662,0.61538462,0.86579304,0.79583198,0.51024495,18.09476987,"Michael Lorenzen",14843,547179
"David Festa","MIN",117.2,0.30638723,0.68947906,0.49570924,0.51465798,0.84,0.73828921,0.49419485,18.08242507,"David Festa",30056,701581
"Paul Sewald","- - -",115.2,0.26746988,0.68357934,0.5031348,0.56306306,0.80836707,0.75181724,0.56635319,18.08234473,"Paul Sewald",13892,623149
"Touki Toussaint","- - -",112,0.26248942,0.57961783,0.40320301,0.55483871,0.87912088,0.76168224,0.44371173,18.07178527,"Touki Toussaint",16929,657053
"Alex Cobb","- - -",167.2,0.30456491,0.5952381,0.44683176,0.62997658,0.90875,0.81173594,0.48943918,18.06726014,"Alex Cobb",6562,502171
"Jalen Beeks","- - -",165.1,0.25280112,0.71259259,0.4762419,0.50138504,0.85862786,0.7611489,0.48596112,18.05824767,"Jalen Beeks",17192,656222
"Hayden Birdsong","SFG",137.2,0.26462197,0.62372881,0.42873741,0.48247978,0.86141304,0.73441734,0.45701007,18.05362615,"Hayden Birdsong",31635,806185
"Cal Quantrill","- - -",365.2,0.25732799,0.67544987,0.46214387,0.64148681,0.88629876,0.81675749,0.48984732,18.05294367,"Cal Quantrill",19312,615698
"Tim Herrin","CLE",130.2,0.30344203,0.60093458,0.44986201,0.48059701,0.85692068,0.72801636,0.49218031,18.04140915,"Tim Herrin",25139,682120
"Andrew Abbott","CIN",399,0.27587292,0.66425888,0.47831325,0.60775371,0.85036973,0.78337531,0.52123494,18.02708712,"Andrew Abbott",29911,671096
"Patrick Corbin","- - -",497,0.29111165,0.64462191,0.46521632,0.54492512,0.89276036,0.78229855,0.49250246,18.02595214,"Patrick Corbin",9323,571578
"Adrian Houser","- - -",287.2,0.26119059,0.6439769,0.46329776,0.66254417,0.89173607,0.83074753,0.52798954,18.01766467,"Adrian Houser",12718,605288
"Jameson Taillon","CHC",430.1,0.27847682,0.646964,0.48190448,0.62306778,0.87666113,0.81101878,0.5520617,17.99979769,"Jameson Taillon",11674,592791
"Matthew Liberatore","STL",288.1,0.27537551,0.67075665,0.48362775,0.58181818,0.88780488,0.80534521,0.52671262,17.99558304,"Matthew Liberatore",22294,669461
"Cole Ragans","- - -",331,0.29982238,0.67921796,0.48771741,0.53554502,0.78251599,0.70588235,0.49524834,17.98447576,"Cole Ragans",21846,666142
"Huascar Brazobán","- - -",163.1,0.31644691,0.65201192,0.47826087,0.51754386,0.83314286,0.72501878,0.48221344,17.98413462,"Huascar Brazoban",6107,623211
"Carlos Carrasco","- - -",239.1,0.29814815,0.66771985,0.47105198,0.54813665,0.89432177,0.77771967,0.46784922,17.98350724,"Carlos Carrasco",6632,471911
"David Peterson","NYM",389.1,0.2914743,0.64573845,0.46370394,0.5374868,0.86549118,0.7595498,0.48616163,17.9762419,"David Peterson",20302,656849
"Zack Littell","- - -",417.2,0.31093915,0.68998862,0.52052209,0.5938914,0.87675185,0.80120846,0.55291713,17.96528531,"Zack Littell",15823,641793
"Ben Brown","CHC",161.2,0.30681818,0.62063953,0.47239264,0.42592593,0.85831382,0.72564935,0.52760736,17.96010499,"Ben Brown",23590,676962
"Randy Rodríguez","SFG",103,0.30337079,0.65349887,0.48725548,0.49382716,0.80829016,0.71532847,0.52519265,17.94435612,"Randy Rodriguez",23974,678495
"Tyler Rogers","- - -",212.2,0.26979983,0.68535656,0.52545211,0.70967742,0.8482923,0.82090504,0.61520429,17.9375,"Tyler Rogers",15541,643511
"Brandon Bielak","- - -",109.2,0.24462641,0.66990291,0.45168067,0.64016736,0.87439614,0.80930233,0.48686975,17.93428571,"Brandon Bielak",19866,656232
"Michael Wacha","- - -",460,0.28370044,0.66718427,0.48754987,0.59834369,0.85570209,0.78555305,0.53157243,17.92683837,"Michael Wacha",14078,608379
"Roansy Contreras","- - -",144.2,0.28425532,0.65514334,0.47056332,0.54790419,0.87387387,0.77587759,0.50232952,17.92361111,"Roansy Contreras",22810,672710
"Edwin Uceta","- - -",112,0.34942529,0.68347639,0.52219756,0.50328947,0.75981162,0.67693943,0.51720311,17.92359551,"Edwin Uceta",20539,670955
"Michael Soroka","- - -",195.1,0.24234853,0.62639198,0.44539299,0.52319588,0.87111111,0.78189028,0.5287018,17.91177629,"Michael Soroka",18383,647336
"Grayson Rodriguez","BAL",238.2,0.30942184,0.6713948,0.50163194,0.51038062,0.84014085,0.74474474,0.53100678,17.8898248,"Grayson Rodriguez",24492,680570
"Joey Cantillo","CLE",119,0.23995984,0.60414788,0.43182898,0.54811715,0.7761194,0.71617162,0.52684086,17.88937775,"Joey Cantillo",23335,676282
"Justin Steele","CHC",330.2,0.30416858,0.68640505,0.52074648,0.52861446,0.87595712,0.78802897,0.56660711,17.88737015,"Justin Steele",17312,657006
"Kevin Kelly","TBR",169.1,0.23354958,0.60093897,0.44669261,0.65873016,0.84486607,0.80400697,0.58015564,17.88109266,"Kevin Kelly",25679,687330
"Andrew Nardi","MIA",107,0.33548387,0.68522484,0.51072961,0.54166667,0.8125,0.7237395,0.50107296,17.87863733,"Andrew Nardi",25942,677053
"Tyler Anderson","LAA",456.2,0.29178398,0.69804336,0.49161139,0.5877193,0.82083333,0.7505291,0.4918715,17.87808751,"Tyler Anderson",12880,542881
"Michael Tonkin","- - -",178.2,0.29379686,0.65253693,0.47850529,0.63573086,0.84251969,0.78092605,0.51488095,17.8592233,"Michael Tonkin",10315,543859
"Alexis Díaz","- - -",139.1,0.27137255,0.67283431,0.4650974,0.55780347,0.80125,0.72774869,0.4825487,17.84342608,"Alexis Diaz",21132,664747
"Edward Cabrera","MIA",324.2,0.3038358,0.60435435,0.44588361,0.47508306,0.86273292,0.72343812,0.47267566,17.82376756,"Edward Cabrera",21690,665795
"Kyle Leahy","STL",129,0.28996692,0.68400771,0.50025707,0.51711027,0.87183099,0.77595067,0.53367609,17.82336182,"Kyle Leahy",24763,681517
"Carlos Estévez","- - -",179.2,0.27764888,0.69432581,0.51057299,0.62395543,0.83216169,0.78223113,0.55900409,17.82196796,"Carlos Estevez",14542,608032
"Joe Ryan","MIN",453.2,0.30752555,0.68499511,0.5185084,0.62739174,0.80057082,0.7552687,0.55894004,17.79871795,"Joe Ryan",21390,657746
"José Ruiz","- - -",111.2,0.30177515,0.68432432,0.48427024,0.52941176,0.84992101,0.74547391,0.47705003,17.79050279,"Jose Ruiz",14552,614179
"Sandy Alcantara","MIA",338.2,0.32529152,0.67752212,0.51261295,0.6131026,0.8631139,0.78883584,0.53181476,17.78905034,"Sandy Alcantara",18684,645261
"Tayler Scott","- - -",113.2,0.29411765,0.60942408,0.43909485,0.55757576,0.85395189,0.74671053,0.45979779,17.78557754,"Tayler Scott",13652,605463
"Ranger Suárez","PHI",418.2,0.29443221,0.62392656,0.46415497,0.59188034,0.88467015,0.79461058,0.51510067,17.78100209,"Ranger Suarez",17277,624133
"Stephen Kolek","- - -",139.1,0.25809717,0.64486755,0.4708561,0.61568627,0.89216945,0.82398453,0.55009107,17.77232704,"Stephen Kolek",21487,663568
"Reese Olson","DET",284.2,0.31568853,0.63640596,0.46056782,0.47873633,0.88222385,0.73059361,0.45173502,17.77013423,"Reese Olson",24968,681857
"Trevor Rogers","- - -",238,0.29807191,0.66585127,0.4877618,0.63811189,0.85231447,0.78892913,0.51577088,17.751703,"Trevor Rogers",22286,669432
"Wandy Peralta","- - -",156.2,0.317956,0.67207207,0.47399762,0.58258929,0.85120643,0.75041876,0.44065105,17.73463839,"Wandy Peralta",14295,593974
"Antonio Senzatela","COL",143.1,0.23245985,0.66237699,0.45926518,0.61818182,0.90971429,0.84,0.52755591,17.7319869,"Antonio Senzatela",15488,622608
"Zach Eflin","- - -",414.1,0.32684136,0.64201984,0.49731751,0.6099675,0.87593633,0.79568486,0.54088766,17.71895425,"Zach Eflin",13774,621107
"Osvaldo Bido","- - -",186,0.25394737,0.6712963,0.47598522,0.56476684,0.85258621,0.78072445,0.5320197,17.71144279,"Osvaldo Bido",23150,674370
"Seth Martinez","- - -",102.1,0.25448029,0.64971751,0.45760743,0.61971831,0.84347826,0.78299492,0.51393728,17.70924765,"Seth Martinez",21045,661527
"Domingo Germán","- - -",129.1,0.33949416,0.67134269,0.5029615,0.52148997,0.82985075,0.72423945,0.49259625,17.70027064,"Domingo German",17149,593334
"Tyler Holton","DET",248.1,0.28760529,0.64556962,0.47835863,0.57322176,0.83986928,0.76498237,0.53288364,17.69949981,"Tyler Holton",26231,663947
"Jared Shuster","- - -",141.2,0.24938875,0.69925435,0.47247329,0.58823529,0.86255924,0.78956522,0.49589154,17.680067,"Jared Shuster",27472,694363
"Bailey Ober","MIN",452.1,0.33985612,0.6957359,0.52180028,0.58255715,0.8232503,0.74663073,0.51125176,17.67557252,"Bailey Ober",21224,641927
"Keaton Winn","SFG",104.2,0.33954727,0.70086527,0.52692308,0.56078431,0.8324515,0.74817518,0.51858974,17.66374781,"Keaton Winn",23499,676775
"Cole Irvin","- - -",188.1,0.26331811,0.66164542,0.48947368,0.66184971,0.88441331,0.83266129,0.56776316,17.6582049,"Cole Irvin",19244,608344
"Luis Gil","NYY",187,0.24894515,0.65334972,0.44917833,0.56416465,0.82314205,0.75067751,0.49513086,17.64927184,"Luis Gil",21052,661563
"Ryan Pepiot","- - -",335,0.29345722,0.6749733,0.49221068,0.55408971,0.82964135,0.75094197,0.52095697,17.64905284,"Ryan Pepiot",26221,686752
"Tobias Myers","MIL",180,0.27991137,0.69634551,0.49912557,0.6701847,0.86545802,0.81359495,0.52640783,17.64672092,"Tobias Myers",22191,668964
"Clayton Kershaw","LAD",260.2,0.29712302,0.66187407,0.47954376,0.52587646,0.85992509,0.75646329,0.50012398,17.64442198,"Clayton Kershaw",2036,477132
"Eduardo Rodriguez","- - -",340,0.27679231,0.6519143,0.46911579,0.62750334,0.85506466,0.78963532,0.51269584,17.63505055,"Eduardo Rodriguez",13164,593958
"Bryse Wilson","- - -",228.2,0.26324885,0.67449139,0.47905831,0.66083151,0.8863109,0.82742857,0.52477416,17.62495303,"Bryse Wilson",19990,669060
"Shane Bieber","- - -",163,0.29614767,0.61445783,0.45523886,0.48780488,0.87973856,0.75220459,0.49979928,17.61716172,"Shane Bieber",19427,669456
"Jonathan Cannon","CHW",222.2,0.26477024,0.6726128,0.47295126,0.64256198,0.87285491,0.80973952,0.51044456,17.61566352,"Jonathan Cannon",31730,686563
"Casey Mize","DET",234,0.28555858,0.6784141,0.49252192,0.61450382,0.86507937,0.79633508,0.52681795,17.61346896,"Casey Mize",20492,663554
"Jake Irvin","WSN",471.1,0.2494213,0.63094699,0.46340534,0.6136891,0.88617594,0.82177132,0.56086404,17.58106713,"Jake Irvin",21504,663623
"John King","- - -",139,0.30134159,0.67706422,0.50024284,0.67808219,0.8902439,0.83009709,0.5293832,17.57417582,"John King",22051,667463
"Derek Law","- - -",145,0.31140716,0.67673179,0.48818221,0.50802139,0.86220472,0.74559859,0.48388483,17.56458212,"Derek Law",13133,571882
"Will Vest","DET",179.2,0.30057803,0.64431673,0.48305085,0.59375,0.84241824,0.76982456,0.53084746,17.55424421,"Will Vest",19769,676684
"Brad Lord","WSN",109.1,0.24409449,0.686,0.49489217,0.62903226,0.8483965,0.8016055,0.56753689,17.54237288,"Brad Lord",31972,695418
"Ross Stripling","- - -",174.1,0.27443609,0.66374072,0.47954465,0.69041096,0.86164802,0.8152819,0.52685877,17.53601176,"Ross Stripling",13273,548389
"Emerson Hancock","SEA",156,0.25988225,0.70919881,0.49862042,0.65695793,0.87343096,0.82055336,0.53133622,17.53135135,"Emerson Hancock",27470,676106
"Jordan Lyles","KCR",182.2,0.267645,0.68930041,0.48044306,0.59791123,0.89353234,0.81195965,0.5046729,17.50662879,"Jordan Lyles",7593,543475
"Anthony DeSclafani","- - -",135.2,0.27454719,0.6570632,0.46823529,0.57291667,0.89391796,0.80100503,0.50635294,17.50453368,"Anthony DeSclafani",13050,543101
"Chad Green","TOR",109,0.31145585,0.71444322,0.52091691,0.63984674,0.83333333,0.77777778,0.51977077,17.49688474,"Chad Green",15552,643338
"Cade Horton","CHC",110,0.29638854,0.66020525,0.48630952,0.51260504,0.8791019,0.77233782,0.52202381,17.4807219,"Cade Horton",31872,690990
"Tanner Houck","BOS",328.1,0.2887743,0.62967074,0.4651608,0.55082418,0.86427732,0.77037037,0.5174196,17.47617794,"Tanner Houck",19879,656557
"Garrett Crochet","- - -",344,0.32256762,0.6751634,0.51742821,0.4718398,0.81558567,0.71972077,0.55264584,17.46836983,"Garrett Crochet",27463,676979
"Luis Severino","- - -",417.2,0.27096178,0.68851585,0.4949264,0.6632537,0.88041796,0.82529599,0.53637273,17.43376775,"Luis Severino",15890,622663
"Austin Gomber","COL",361.2,0.25495427,0.66730038,0.48010381,0.63826607,0.88983856,0.82918919,0.54602076,17.42679723,"Austin Gomber",16561,596295
"DL Hall","- - -",100,0.25177305,0.63687783,0.44855491,0.5915493,0.84724689,0.77706186,0.51098266,17.42097147,"DL Hall",22207,669084
"Andrew Heaney","- - -",427.2,0.29710755,0.66324651,0.48614507,0.58884688,0.8587862,0.77898854,0.51629992,17.42041933,"Andrew Heaney",15423,571760
"Chase Anderson","- - -",144.2,0.23529412,0.67914013,0.46163216,0.64788732,0.83939039,0.79155673,0.50994722,17.40611354,"Chase Anderson",6895,502624
"Mitch Keller","PIT",534.2,0.26732673,0.6497802,0.4793964,0.59746589,0.87435567,0.80556901,0.55449797,17.35722231,"Mitch Keller",17594,656605
"Davis Martin","CHW",177.1,0.28806584,0.68048128,0.48679756,0.53333333,0.89096267,0.78650904,0.50643196,17.32053041,"Davis Martin",21448,663436
"Luis Castillo","SEA",533.2,0.31887755,0.69899216,0.51224792,0.57309091,0.83274591,0.7533363,0.50871596,17.29804461,"Luis Castillo",15689,622491
"Garrett Whitlock","BOS",155.1,0.3398533,0.65406977,0.50595467,0.49640288,0.84444444,0.7342445,0.52862082,17.29218107,"Garrett Whitlock",20191,676477
"Trevor Williams","WSN",293.2,0.27941726,0.67115463,0.46665367,0.67780749,0.88632219,0.82114501,0.47796412,17.28470218,"Trevor Williams",16977,592866
"Gavin Stone","LAD",171.1,0.29260935,0.70575382,0.50277881,0.56443299,0.83488132,0.75755343,0.50870693,17.26795721,"Gavin Stone",27792,694813
"James Paxton","- - -",196.1,0.29577465,0.67414404,0.48440259,0.54563492,0.88003503,0.77764277,0.49852855,17.26614173,"James Paxton",11828,572020
"Dane Dunning","- - -",285,0.26704545,0.64918851,0.46280111,0.57119476,0.8724359,0.78765546,0.51225751,17.26479118,"Dane Dunning",19409,641540
"Walker Buehler","- - -",187.2,0.2447205,0.63647128,0.44528645,0.61928934,0.89674419,0.82232811,0.51197333,17.25328407,"Walker Buehler",19374,621111
"Ty Blach","COL",149.1,0.2891791,0.66037736,0.49436796,0.7,0.92228571,0.86413502,0.5527743,17.24868344,"Ty Blach",14361,621389
"Ryan Walker","SFG",197.1,0.28055556,0.58508822,0.44791992,0.54455446,0.81712062,0.74022346,0.54957773,17.23841618,"Ryan Walker",20423,676254
"Ronel Blanco","HOU",267.2,0.30379189,0.68088033,0.48864913,0.50217707,0.81885522,0.71849126,0.49022252,17.22085706,"Ronel Blanco",19407,669854
"Landon Knack","LAD",107.2,0.24613687,0.65348595,0.45581146,0.61883408,0.84872611,0.78848414,0.51472951,17.17987152,"Landon Knack",27487,689017
"Germán Márquez","COL",136.2,0.26912181,0.67654752,0.48096102,0.55087719,0.90979381,0.8133836,0.5199456,17.1522293,"German Marquez",15038,608566
"Miles Mikolas","STL",514.1,0.26312684,0.65645468,0.4923058,0.71636771,0.89346637,0.85396349,0.5826665,17.13891709,"Miles Mikolas",9803,571945
"Tarik Skubal","DET",452.1,0.34213198,0.67817642,0.52912038,0.48466864,0.79713604,0.70751773,0.55643951,17.13642843,"Tarik Skubal",22267,669373
"Carson Fulmer","LAA",126,0.29079307,0.64149043,0.45741627,0.56112853,0.8744113,0.76987448,0.47511962,17.09043928,"Carson Fulmer",18311,608334
"Joel Payamps","MIL",150,0.25601375,0.6400665,0.45120406,0.59395973,0.81818182,0.75561798,0.50823828,17.09033734,"Joel Payamps",14332,606303
"Keegan Akin","BAL",158.2,0.28371711,0.66925247,0.49126803,0.54492754,0.81981033,0.74652241,0.53834472,17.08929477,"Keegan Akin",19362,669211
"Louis Varland","- - -",182.2,0.3095952,0.69815951,0.52327935,0.5157385,0.85940246,0.76789168,0.54993252,17.08055556,"Louis Varland",27691,686973
"Ben Lively","- - -",284.1,0.23748773,0.64331984,0.45984916,0.64876033,0.88735053,0.83164496,0.54791482,17.04552352,"Ben Lively",14932,594902
"José Ureña","- - -",198.2,0.25703794,0.68734793,0.4728493,0.64761905,0.86548673,0.80645161,0.50152532,17.02840434,"Jose Urena",11589,570632
"Ryan Weathers","- - -",169,0.2549435,0.64701897,0.45504841,0.56232687,0.8460733,0.76823708,0.51037344,17.00928936,"Ryan Weathers",23796,677960
"Sean Hjelle","SFG",124.2,0.26889849,0.59620853,0.4432105,0.54216867,0.89825119,0.79726651,0.53255931,16.98527349,"Sean Hjelle",21481,663546
"Shane McClanahan","TBR",115,0.32914286,0.67864693,0.5107084,0.45138889,0.80062305,0.69247312,0.51949478,16.98066914,"Shane McClanahan",21483,663556
"Erick Fedde","- - -",308.1,0.23520126,0.65660085,0.4479187,0.63422819,0.88561321,0.82024433,0.50478796,16.96888186,"Erick Fedde",17425,607200
"Bryce Elder","ATL",362.1,0.28672226,0.63777856,0.45365854,0.56040268,0.8985025,0.78642937,0.47552565,16.95552499,"Bryce Elder",27779,693821
"Tanner Banks","- - -",195.2,0.25326012,0.67311072,0.47977244,0.56910569,0.84856397,0.78063241,0.53950695,16.9500427,"Tanner Banks",16990,621383
"Quinn Priester","- - -",241,0.27340824,0.64093625,0.46376064,0.55968689,0.87257187,0.7836485,0.51792623,16.90973703,"Quinn Priester",25977,682990
"Sean Newcomb","- - -",115.1,0.25273523,0.62347418,0.45224861,0.64069264,0.87951807,0.81787709,0.53815058,16.9097035,"Sean Newcomb",16943,656794
"Nestor Cortes","- - -",272,0.25866917,0.69802604,0.49036545,0.6576087,0.83152828,0.78816621,0.52735327,16.88333333,"Nestor Cortes",17874,641482
"Spencer Schwellenbach","ATL",234.1,0.34397394,0.66649351,0.5234104,0.49242424,0.84645362,0.74323578,0.55635838,16.84183267,"Spencer Schwellenbach",31846,680885
"Brady Singer","- - -",488.2,0.26494871,0.62659158,0.44771687,0.51935788,0.88550215,0.77833057,0.505383,16.84180507,"Brady Singer",25377,663903
"Rich Hill","- - -",159,0.24367089,0.6083499,0.44212045,0.66233766,0.88235294,0.82707993,0.54417598,16.8403526,"Rich Hill",4806,448179
"Zebby Matthews","MIN",107,0.28985507,0.68199609,0.49869724,0.51153846,0.84648494,0.75548589,0.53256905,16.83949756,"Zebby Matthews",31827,805673
"Hunter Greene","CIN",352.2,0.30624787,0.69076053,0.50646375,0.5206243,0.81210191,0.7276252,0.52070038,16.82392386,"Hunter Greene",22182,668881
"Seth Lugo","- - -",498.1,0.26021098,0.62535954,0.45380607,0.58316008,0.88309697,0.80229628,0.53018173,16.76879212,"Seth Lugo",12447,607625
"Sean Manaea","- - -",349.1,0.28380386,0.67032967,0.49597855,0.55235602,0.83970856,0.76554054,0.54892761,16.75646744,"Sean Manaea",15873,640455
"Orion Kerkering","PHI",119.2,0.2699784,0.56971771,0.4372315,0.512,0.83633634,0.74781659,0.55799523,16.74761602,"Orion Kerkering",31776,689147
"Tim Hill","- - -",174.1,0.27819549,0.68075117,0.51311155,0.73648649,0.91330049,0.8733791,0.58356164,16.73410724,"Tim Hill",16814,657612
"Noah Cameron","KCR",120,0.27597765,0.64417178,0.46823278,0.52226721,0.85396825,0.76054732,0.52215697,16.68253968,"Noah Cameron",30184,702070
"Cade Smith","CLE",140,0.31237525,0.66398066,0.50691039,0.514377,0.79490291,0.7176781,0.55327686,16.60548272,"Cade Smith",27867,671922
"Edwin Díaz","NYM",107.2,0.27802691,0.66129032,0.47365532,0.41935484,0.72357724,0.63615295,0.5104281,16.56372906,"Edwin Diaz",14710,621242
"Hoby Milner","- - -",193.2,0.25172891,0.5774563,0.4257649,0.69230769,0.88308977,0.83055976,0.53429952,16.51875809,"Hoby Milner",13346,571948
"Taijuan Walker","PHI",368,0.26445744,0.62241888,0.4426497,0.66216216,0.89836756,0.82749724,0.49779736,16.5133452,"Taijuan Walker",11836,592836
"Logan Webb","SFG",605.1,0.33247423,0.5988347,0.46533907,0.63178295,0.89189189,0.79875087,0.49881593,16.48450125,"Logan Webb",17995,657277
"Hogan Harris","OAK",190,0.23109244,0.61493951,0.45028537,0.61212121,0.85714286,0.80320213,0.57104236,16.48324586,"Hogan Harris",21520,663687
"Brad Keller","- - -",150,0.25618632,0.61441013,0.42775882,0.53409091,0.89046392,0.77925532,0.47895336,16.46423135,"Brad Keller",15734,641745
"Alex Wood","- - -",137,0.24832215,0.62794349,0.44444444,0.62837838,0.87,0.80474453,0.51662612,16.4640914,"Alex Wood",13781,622072
"Jesús Luzardo","- - -",407,0.31543819,0.65456182,0.48214813,0.46274149,0.83998166,0.71450428,0.49159044,16.39245283,"Jesus Luzardo",19959,666200
"Kyle Harrison","- - -",185.2,0.2561925,0.64142012,0.46600064,0.58839779,0.85239852,0.78630705,0.54463422,16.22256231,"Kyle Harrison",27758,690986
"Jesse Chavez","ATL",106,0.22817229,0.58911419,0.41648107,0.71938776,0.85507246,0.81951872,0.52171492,16.21017203,"Jesse Chavez",5448,445926
"Daniel Lynch IV","KCR",156,0.26791809,0.632083,0.45608247,0.54458599,0.85227273,0.76491863,0.51670103,16.19977234,"Daniel Lynch IV",21537,663738
"Steven Matz","- - -",221,0.27985303,0.63710843,0.47977346,0.64113786,0.8570348,0.80157392,0.55960086,16.01635174,"Steven Matz",13361,571927
"Cooper Criswell","- - -",150,0.28515929,0.61816782,0.45243619,0.72207084,0.90286426,0.84615385,0.50232019,15.93893528,"Cooper Criswell",24975,681867
"Jakob Junis","- - -",214,0.28405202,0.60520487,0.46158555,0.51566265,0.86459286,0.76856764,0.55280073,15.9210084,"Jakob Junis",13619,596001
"Raisel Iglesias","ATL",185.2,0.3520687,0.67795389,0.52154365,0.50332594,0.79702444,0.70186782,0.52004496,15.80238589,"Raisel Iglesias",17130,628452
"Logan Allen","CLE",367,0.26258416,0.64176305,0.45457423,0.61050061,0.87579152,0.80013928,0.50633112,15.48688979,"Logan Allen",27589,671106
"Brent Suter","- - -",201.2,0.26725776,0.65734682,0.46840491,0.63033175,0.86606335,0.80091683,0.51564417,15.31159119,"Brent Suter",13942,608718
"Landen Roupp","SFG",157,0.28138528,0.57142857,0.42567078,0.60769231,0.8494898,0.76916525,0.49746193,15.25866276,"Landen Roupp",30076,694738
"Wade Miley","- - -",139.1,0.24195032,0.64201984,0.44398907,0.68060837,0.89606742,0.83794872,0.50500911,14.12290503,"Wade Miley",8779,489119