Name,Team,IP,FA%,FT%,FC%,FS%,FO%,SI%,SL%,CU%,KC%,EP%,CH%,SC%,KN%,UN%,NameASCII,PlayerId,MLBAMID
"Adam Ottavino","- - -",119.1,0.07878202,,0.12759787,,,0.35959401,0.34122765,,,,0.09279845,,,,"Adam Ottavino",1247,493603
"Matt Moore","- - -",101,0.4907793,,0.0035693,,,,,,0.19155265,,0.31409875,,,,"Matt Moore",1890,519043
"Zack Greinke","KCR",142.1,0.26543488,,0.07030194,,,0.1568274,0.20009013,0.14060388,0.00045065,,0.16629112,,,,"Zack Greinke",1943,425844
"Clayton Kershaw","LAD",260.2,0.35829407,,,0.02454748,,0.00322341,0.42722539,0.17505579,,0.00024795,0.0114059,,,,"Clayton Kershaw",2036,477132
"Adam Wainwright","STL",101,0.09915966,,0.22633053,,,0.31428571,0.00280112,0.30588235,0.00168067,,0.04985994,,,,"Adam Wainwright",2233,425794
"Lance Lynn","- - -",301,0.45101806,,0.22704572,,,0.14214368,0.04341145,0.06934307,,,0.06703803,,,,"Lance Lynn",2520,458681
"Kenley Jansen","- - -",154.1,,,0.82009446,,,0.08458566,0.09489051,,,,0.00042937,,,,"Kenley Jansen",3096,445276
"Max Scherzer","- - -",270.1,0.46384562,,0.07556382,,,,0.19460591,0.12485468,,,0.14112997,,,,"Max Scherzer",3137,453286
"Charlie Morton","- - -",464,0.29501058,,0.08187135,,,0.10401891,,0.41445813,,,0.10464104,,,,"Charlie Morton",4676,450203
"Rich Hill","- - -",159,0.33898305,,0.14713307,,,0.04579877,0.09304003,0.3469167,0.00685179,,0.0212766,,,,"Rich Hill",4806,448179
"Jesse Chavez","ATL",106,0.00055679,,0.49777283,,,0.28563474,0.01336303,0.06458797,,,0.13808463,,,,"Jesse Chavez",5448,445926
"Ryan Brasier","- - -",113.2,0.34619952,,0.13064133,,,0.1543943,0.36817102,,,,0.00059382,,,,"Ryan Brasier",5615,518489
"Huascar Brazobán","- - -",163.1,0.17678764,,0.24326267,,,0.26661876,,,,,0.31333094,,,,"Huascar Brazoban",6107,623211
"Albert Suárez","BAL",142.1,0.49745115,,0.19626168,,,,,0.13848768,,,0.16779949,,,,"Albert Suarez",6175,544150
"Alex Cobb","- - -",167.2,0.00254916,,,0.39220685,,0.39949017,0.04661326,,0.15914057,,,,,,"Alex Cobb",6562,502171
"Carlos Carrasco","- - -",239.1,0.27494457,,0.0014782,,,0.15102242,0.23626509,0.08277901,,,0.25351072,,,,"Carlos Carrasco",6632,471911
"Craig Kimbrel","- - -",128.1,0.66337079,,,,,,0.0247191,,0.30696629,,0.00494382,,,,"Craig Kimbrel",6655,518886
"Chase Anderson","- - -",144.2,0.24482339,,0.29435648,,,0.04953309,0.11043443,0.04060089,,,0.26025173,,,,"Chase Anderson",6895,502624
"Martín Pérez","- - -",322.1,0.04381543,,0.2312912,,,0.3796045,0.00445909,0.08801861,,,0.25281117,,,,"Martin Perez",6902,527048
"Luis García","- - -",170,0.07281376,,0.00548847,0.15806806,,0.46212953,0.30150018,,,,,,,,"Luis Garcia",6984,472610
"Ryan Pressly","- - -",163.1,0.30256217,,0.00452148,,,0.03654861,0.31273549,0.25470987,,,0.08892238,,,,"Ryan Pressly",7005,519151
"Fernando Cruz","- - -",173.1,0.30041012,,0.19138756,0.43848257,,0.03656869,0.03246753,,,,0.00068353,,,,"Fernando Cruz",7048,518585
"Jordan Lyles","KCR",182.2,0.30460367,,0.07892004,,,0.13014884,0.24437522,0.13118726,,,0.11076497,,,,"Jordan Lyles",7593,543475
"David Robertson","- - -",150,0.00080192,,0.57738573,,,0.01162791,0.12830794,0.00080192,0.26623897,,0.01483561,,,,"David Robertson",8241,502085
"Justin Verlander","- - -",380.1,0.48313027,,,,,0.00124961,0.25382693,0.18666042,,,0.07513277,,,,"Justin Verlander",8700,434378
"Wade Miley","- - -",139.1,0.19899818,,0.42941712,,,0.06147541,0.04690346,0.0204918,,,0.24271403,,,,"Wade Miley",8779,489119
"Kirby Yates","- - -",160.1,0.57045536,,,0.41986375,,,0.00932234,,,,0.00035855,,,,"Kirby Yates",9073,489446
"Nathan Eovaldi","TEX",444.2,0.331118,,0.17220499,0.29936494,,0.0143258,0.02953773,0.15344853,,,,,,,"Nathan Eovaldi",9132,543135
"Patrick Corbin","- - -",497,0.09685349,,0.13753687,,,0.35287611,0.34476401,0.00762045,0.00024582,,0.06010324,,,,"Patrick Corbin",9323,571578
"Miles Mikolas","STL",514.1,0.27280561,,,,,0.21654561,0.26357257,0.16225532,0.00307768,,0.0817432,,,,"Miles Mikolas",9803,571945
"Caleb Thielbar","- - -",131,0.45168856,,,,,,0.2978424,0.25046904,,,,,,,"Caleb Thielbar",10078,573204
"Kyle Gibson","- - -",374,0.13137126,,0.18349227,,,0.26701743,0.1954949,0.08648471,,,0.13613943,,,,"Kyle Gibson",10123,502043
"Shelby Miller","- - -",143.2,0.60117435,,0.00090334,0.24254743,,,0.15537489,,,,,,,,"Shelby Miller",10197,571946
"Aroldis Chapman","- - -",175.1,0.40353862,,,0.10343654,,0.25280708,0.24021776,,,,,,,,"Aroldis Chapman",10233,547973
"Zack Wheeler","PHI",541.2,0.42099744,,0.10976462,0.05080401,,0.18154276,0.13050571,0.10487066,,,0.0015148,,,,"Zack Wheeler",10310,554430
"Michael Tonkin","- - -",178.2,0.23412698,,,,,0.3531746,0.41269841,,,,,,,,"Michael Tonkin",10315,543859
"Scott Alexander","- - -",104.2,,,,,,0.69612206,0.19326128,,,,0.11061666,,,,"Scott Alexander",10591,518397
"Chris Sale","- - -",387.1,0.40583895,,,,,0.0587103,0.41770934,,,,0.11774142,,,,"Chris Sale",10603,519242
"Jacob deGrom","TEX",196.2,0.46664432,,,,,,0.3851827,0.04190412,,,0.10626886,,,,"Jacob deGrom",10954,594798
"Merrill Kelly","- - -",428,0.25549533,,0.20219813,,,0.12887684,0.07121349,0.09861488,,,0.24360132,,,,"Merrill Kelly",11156,518876
"Tommy Kahnle","- - -",137.2,0.16923077,,,,,0.02222222,0.02649573,,,,0.78205128,,,,"Tommy Kahnle",11384,592454
"Jose Quintana","- - -",373.2,0.19073924,,,,,0.354671,,0.25312754,,,0.20146223,,,,"Jose Quintana",11423,500779
"Robbie Ray","- - -",207.2,0.51749436,,,,,,0.24858916,,0.12556433,,0.10835214,,,,"Robbie Ray",11486,592662
"José Ureña","- - -",198.2,0.16961562,,,0.00732154,,0.31025015,0.29957291,,,,0.21323978,,,,"Jose Urena",11589,570632
"Jameson Taillon","CHC",430.1,0.33743696,,0.21136161,,,0.09581726,0.15499852,0.14639573,,,0.05398991,,,,"Jameson Taillon",11674,592791
"Luke Jackson","- - -",131,0.31117397,,0.00660066,,,,0.56482791,0.11692598,,,0.00047148,,,,"Luke Jackson",11752,592426
"Drew Smyly","CHC",201,,,0.09245173,,,0.4157402,0.00029257,,0.49151551,,,,,,"Drew Smyly",11760,592767
"Héctor Neris","- - -",154.1,0.47356495,,0.00151057,0.36178248,,0.11669184,0.03549849,,,,0.01095166,,,,"Hector Neris",11804,593576
"James Paxton","- - -",196.1,0.55856386,,0.09770453,,,0.02825191,,,0.24896998,,0.06650971,,,,"James Paxton",11828,572020
"Taijuan Walker","PHI",368,0.13721651,,0.19774841,0.27116985,,0.23413281,0.0885952,0.07113722,,,,,,,"Taijuan Walker",11836,592836
"Chris Martin","- - -",133.1,0.3238342,,0.39015544,0.13005181,,0.12797927,0.02797927,,,,,,,,"Chris Martin",11847,455119
"Jason Adam","- - -",193.1,0.3106671,,0.00096681,,,,0.37673219,,,,0.3116339,,,,"Jason Adam",11861,592094
"Kyle Hendricks","- - -",417,0.16005493,,,,,0.36206897,,0.08254501,,,0.3953311,,,,"Kyle Hendricks",12049,543294
"Scott McGough","- - -",115,0.49096386,,,0.36746988,,0.01656627,0.12449799,,0.00050201,,,,,,"Scott McGough",12056,543518
"Yimi García","- - -",126,0.36061627,,,,,0.158883,0.14203178,0.26191623,,,0.07655272,,,,"Yimi Garcia",12095,554340
"Chris Bassitt","TOR",532,0.07509701,,0.17438941,0.04051586,,0.40447386,0.11527049,0.14129194,,,0.04896142,,,,"Chris Bassitt",12304,605135
"Colin Rea","- - -",433.2,0.2699784,,0.17595392,0.08927286,,0.23786897,0.15853132,0.06839453,,,,,,,"Colin Rea",12317,607067
"Seth Lugo","- - -",498.1,0.25505147,,0.07497776,0.01219977,,0.17727793,0.10967086,0.28211971,0.01448723,,0.07421528,,,,"Seth Lugo",12447,607625
"Adrian Houser","- - -",287.2,0.17948159,,,,,0.46373339,0.15530386,0.10063167,,,0.10084949,,,,"Adrian Houser",12718,605288
"Nick Martinez","- - -",409.1,0.19272152,,0.19462025,,,0.18670886,0.06234177,0.13544304,,,0.22816456,,,,"Nick Martinez",12730,607259
"Rafael Montero","- - -",159,0.45886403,,,0.15283993,,0.13218589,0.10533563,,,,0.15077453,,,,"Rafael Montero",12760,606160
"Sonny Gray","- - -",514,0.24654169,,0.14363284,,,0.16806723,0.20698125,0.16224952,0.00051713,,0.07201034,,,,"Sonny Gray",12768,543243
"John Brebbia","- - -",117,0.47437706,,,,,,0.50681711,0.00188058,,,0.01692525,,,,"John Brebbia",12777,605154
"Mike Clevinger","CHW",153,0.46557899,,0.09231994,,,0.02785515,0.25825706,0.01671309,,,0.13927577,,,,"Mike Clevinger",12808,605182
"Andrew Kittredge","- - -",129.1,0.12250263,,0.00315457,0.00368034,,0.37539432,0.49526814,,,,,,,,"Andrew Kittredge",12828,552640
"Shawn Armstrong","- - -",184.2,0.28299931,,0.3064962,,,0.27919834,0.13096061,0.00034554,,,,,,,"Shawn Armstrong",12857,542888
"Tyler Anderson","LAA",456.2,0.38457537,,0.20340747,0.00026011,,0.04109767,0.01781766,0.00169073,,,0.35115099,,,,"Tyler Anderson",12880,542881
"Joe Musgrove","SDP",197,0.24521073,,0.20402299,,,0.04885057,0.1743295,0.23180077,,,0.09578544,,,,"Joe Musgrove",12970,605397
"Joe Ross","- - -",125,0.25157844,,,,,0.32200097,0.3108305,0.0320544,,,0.0835357,,,,"Joe Ross",12972,605452
"Andrew Chafin","- - -",141.1,0.1902478,,,,,0.40407674,0.4008793,,,,0.00479616,,,,"Andrew Chafin",12988,605177
"Anthony DeSclafani","- - -",135.2,0.13741176,,,0.05129412,,0.25270588,0.39294118,,0.09411765,,0.07152941,,,,"Anthony DeSclafani",13050,543101
"Yu Darvish","SDP",275.1,0.16496018,,0.0850967,0.0894198,,0.18748578,0.33924915,0.08168373,0.05028441,,0.00182025,,,,"Yu Darvish",13074,506433
"Gerrit Cole","NYY",304,0.50841121,,0.09968847,,,0.00062305,0.18836968,,0.14184839,,0.06105919,,,,"Gerrit Cole",13125,543037
"Derek Law","- - -",145,0.15771379,,0.37301246,,,0.10743446,0.24795875,0.06403094,,,0.04984959,,,,"Derek Law",13133,571882
"Eduardo Rodriguez","- - -",340,0.45759049,,0.18278408,,,0.08589951,0.06410949,0.01026472,,,0.1993517,,,,"Eduardo Rodriguez",13164,593958
"Jordan Weems","- - -",100.2,0.543379,,,0.01769406,,,0.38984018,0.00799087,,,0.04109589,,,,"Jordan Weems",13190,607179
"Ross Stripling","- - -",174.1,0.28068303,,0.07684098,0.00462469,,0.11632871,0.21558164,,0.09284952,,0.21309143,,,,"Ross Stripling",13273,548389
"Danny Coulombe","- - -",120.1,0.13398357,,0.38655031,0.00051335,,0.17659138,0.20841889,,0.08418891,,0.00975359,,,,"Danny Coulombe",13293,543056
"Hoby Milner","- - -",193.2,0.18389694,,,,,0.31497585,0.33977456,,,,0.16135266,,,,"Hoby Milner",13346,571948
"Steven Matz","- - -",221,0.00026969,,,,,0.57740022,0.02777778,0.15291262,,,0.2416397,,,,"Steven Matz",13361,571927
"Dylan Floro","- - -",125.1,0.24709449,,,,,0.40020212,0.24608388,,,,0.1066195,,,,"Dylan Floro",13394,571670
"Marcus Stroman","- - -",330.1,0.05300988,,0.14770889,0.09667565,,0.39748428,0.1047619,0.20035939,,,,,,,"Marcus Stroman",13431,573186
"Pierce Johnson","- - -",172.2,0.27993019,,0.02931937,,,,0.02233857,0.66841187,,,,,,,"Pierce Johnson",13435,572955
"Taylor Rogers","- - -",157.1,0.00036711,,0.00624082,,,0.48348018,0.50991189,,,,,,,,"Taylor Rogers",13449,573124
"Lucas Sims","- - -",122.2,0.3867205,,0.06415433,0.0013459,,0.00628084,0.47869,0.06280843,,,,,,,"Lucas Sims",13470,608371
"Blake Snell","- - -",332.1,0.47274306,,,,,,0.1171875,0.22048611,,,0.18958333,,,,"Blake Snell",13543,605483
"Steven Okert","- - -",159,0.35982939,,0.00348972,,,0.02210159,0.59519193,,,,0.01938736,,,,"Steven Okert",13580,595345
"Jakob Junis","- - -",214,0.05754515,,0.00061218,,,0.29752066,0.5261708,,,,0.11815121,,,,"Jakob Junis",13619,596001
"Clay Holmes","- - -",277,0.03125669,,0.04774138,,,0.50289017,0.33119246,,,,0.08691929,,,,"Clay Holmes",13649,605280
"Tayler Scott","- - -",113.2,0.41887338,,,0.21184401,,0.09292248,0.25806452,,,,0.01829562,,,,"Tayler Scott",13652,605463
"Max Fried","- - -",428,0.2434336,,0.15084373,,,0.15730007,0.1239912,0.19838591,,,0.12604549,,,,"Max Fried",13743,608331
"Chris Stratton","- - -",162,0.4665219,,,,,0.03546869,0.19652552,0.20304017,,,0.09844372,,,,"Chris Stratton",13761,608717
"Zach Eflin","- - -",414.1,0.0851894,,0.26142091,,,0.28027963,0.08275077,0.21476183,,,0.07559746,,,,"Zach Eflin",13774,621107
"Alex Wood","- - -",137,,,,,,0.45093268,0.27737226,,0.00040552,,0.27128954,,,,"Alex Wood",13781,622072
"Matt Strahm","PHI",208.2,0.45659458,,0.12001218,,,0.1663113,0.25373134,,,,0.00335059,,,,"Matt Strahm",13799,621381
"Paul Sewald","- - -",115.2,0.5830721,,,,,,0.41483804,,,,0.00208986,,,,"Paul Sewald",13892,623149
"Chris Flexen","- - -",306,0.3882938,,0.27467483,,,0.00765111,0.09066565,0.09812548,,,0.14058914,,,,"Chris Flexen",13896,623167
"Brent Suter","- - -",201.2,0.38343558,,,,,0.25,0.1297546,,,,0.23680982,,,,"Brent Suter",13942,608718
"Michael Wacha","- - -",460,0.27128904,,0.13000413,,,0.12945385,0.07387536,0.08928326,,,0.30609437,,,,"Michael Wacha",14078,608379
"Kevin Gausman","TOR",534.2,0.52600349,,,0.3628854,,0.01838278,0.09272833,,,,,,,,"Kevin Gausman",14107,592332
"José Berríos","TOR",542,0.19055061,,0.03017552,,,0.32628036,,0.28203895,,,0.17095456,,,,"Jose Berrios",14168,621244
"Josh Hader","- - -",180,,,,,,0.67364975,0.29885434,,,,0.02749591,,,,"Josh Hader",14212,623352
"Wandy Peralta","- - -",156.2,0.0627233,,,,,0.40095276,0.13854704,,,,0.3977769,,,,"Wandy Peralta",14295,593974
"Frankie Montas","- - -",190.2,0.31125631,,0.16929017,0.18918919,,0.19097119,0.13929314,,,,,,,,"Frankie Montas",14309,593423
"Joel Payamps","MIL",150,0.28263625,,0.00084495,,,0.19940853,0.42839037,,,,0.0887199,,,,"Joel Payamps",14332,606303
"Ty Blach","COL",149.1,0.16312057,,0.15185649,,,0.36670839,0.00041719,0.08552357,,,0.2323738,,,,"Ty Blach",14361,621389
"Tyler Glasnow","- - -",329.2,0.42351109,,,,,0.08038147,0.29252627,0.20260802,,,0.00097314,,,,"Tyler Glasnow",14374,607192
"José Leclerc","- - -",132.2,0.34910751,,0.15691158,,,0.05936073,0.30884184,0.00373599,,,0.12204234,,,,"Jose Leclerc",14524,600917
"Jorge López","- - -",136.2,0.19450907,,,,,0.33597022,0.1777571,,0.17822243,,0.11354118,,,,"Jorge Lopez",14527,605347
"Carlos Estévez","- - -",179.2,0.6074352,,,,,,0.28581173,0.00238745,,,0.10436562,,,,"Carlos Estevez",14542,608032
"José Ruiz","- - -",111.2,0.30892212,,,,,0.2114492,0.01856627,0.36823105,,,0.09283136,,,,"Jose Ruiz",14552,614179
"Anthony Banda","- - -",116,0.3121118,,0.0015528,,,0.22308489,0.37060041,0.00258799,,,0.09006211,,,,"Anthony Banda",14706,607455
"Edwin Díaz","NYM",107.2,0.52579583,,,,,,0.47365532,,,,0.00054885,,,,"Edwin Diaz",14710,621242
"Paul Blackburn","- - -",212,0.14585034,,0.21904762,,,0.21496599,0.17333333,0.11455782,,,0.1322449,,,,"Paul Blackburn",14739,621112
"Julio Urías","LAD",117.1,0.45051379,,0.09248242,,,,,0.30016225,,,0.15684154,,,,"Julio Urias",14765,628711
"Emilio Pagán","- - -",168,0.57736721,,0.25250192,0.15973826,,,,0.01039261,,,,,,,"Emilio Pagan",14771,641941
"Buck Farmer","CIN",146,0.31772575,,,,,0.1187291,0.34322742,,,,0.22031773,,,,"Buck Farmer",14814,571656
"Michael Lorenzen","- - -",407.2,0.28100447,,0.06701587,,,0.17038977,0.22153751,0.06701587,,,0.19303651,,,,"Michael Lorenzen",14843,547179
"Joe Mantiply","ARI",108.1,0.04907975,,,,,0.41349693,,0.2809816,,,0.25644172,,,,"Joe Mantiply",14857,573009
"Sam Moll","- - -",118.1,0.28470469,,,,,0.31398284,0.34780414,,,,0.05350833,,,,"Sam Moll",14874,594580
"Jon Gray","TEX",274,0.43405162,,,,,,0.41510774,0.05399005,,,0.09685058,,,,"Jon Gray",14916,592351
"Ben Lively","- - -",284.1,0.3121118,,0.02883762,,,0.26774623,0.22138421,0.07786158,,,0.09205856,,,,"Ben Lively",14932,594902
"Scott Barlow","- - -",186.1,0.20652174,,,,,0.12044653,0.43390129,0.23913043,,,,,,,"Scott Barlow",14993,605130
"Kyle Finnegan","- - -",186.1,0.66598847,,,0.28111224,,,0.05289929,,,,,,,,"Kyle Finnegan",15009,640448
"Germán Márquez","COL",136.2,0.32547597,,,,,0.22529465,0.13689937,,0.29011786,,0.02221215,,,,"German Marquez",15038,608566
"Tim Mayza","- - -",108,0.00626781,,,,,0.73561254,0.25811966,,,,,,,,"Tim Mayza",15042,641835
"Justin Topa","- - -",131.1,,,0.19178082,,,0.40215264,0.2964775,,,,0.10958904,,,,"Justin Topa",15145,623437
"Andrew Heaney","- - -",427.2,0.50991578,,0.0004075,,,0.03721815,0.23499049,0.02607987,0.01969573,,0.17169247,,,,"Andrew Heaney",15423,571760
"Matthew Boyd","- - -",277,0.4286702,,,,,0.05577322,0.19013598,0.0974879,,,0.2279327,,,,"Matthew Boyd",15440,571510
"Nick Pivetta","- - -",459.2,0.4840361,,0.07624949,0.00215546,,0.01454937,0.21392968,0.20907989,,,,,,,"Nick Pivetta",15454,601713
"Lucas Giolito","- - -",314.2,0.44678429,,,,,,0.26920888,0.02371467,,,0.26029216,,,,"Lucas Giolito",15474,608337
"Antonio Senzatela","COL",143.1,0.54392971,,,,,0.03434505,0.20806709,0.12899361,,,0.08466454,,,,"Antonio Senzatela",15488,622608
"Hunter Harvey","- - -",122,0.60679134,,,0.20767717,,,0.10137795,0.08415354,,,,,,,"Hunter Harvey",15507,640451
"Tyler Rogers","- - -",212.2,0.00267917,,,,,0.6229069,0.37441393,,,,,,,,"Tyler Rogers",15541,643511
"Mark Leiter Jr.","- - -",166.1,0.03339192,,0.11036907,0.33567663,,0.31775044,0.03901582,0.16309315,,,0.00070299,,,,"Mark Leiter Jr.",15551,643410
"Chad Green","TOR",109,0.55644699,,0.0034384,,,0.00916905,0.43037249,,,,0.00057307,,,,"Chad Green",15552,643338
"Luis Castillo","SEA",533.2,0.4527743,,,,,0.19334625,0.214538,,,,0.13934146,,,,"Luis Castillo",15689,622491
"Brad Keller","- - -",150,0.37353053,,,,,0.1027683,0.3306788,0.06977626,,,0.12324611,,,,"Brad Keller",15734,641745
"Joe Jiménez","ATL",125,0.5362963,,,,,,0.40839506,,,,0.05530864,,,,"Joe Jimenez",15761,641729
"Devin Williams","- - -",134.1,0.44926913,,0.01504729,,,,,,,,0.53568358,,,,"Devin Williams",15816,642207
"Zack Littell","- - -",417.2,0.24547885,,,0.24139016,,0.13948734,0.37364365,,,,,,,,"Zack Littell",15823,641793
"Sean Manaea","- - -",349.1,0.34215818,,0.03602547,,,0.22788204,0.26759383,,,,0.12634048,,,,"Sean Manaea",15873,640455
"Luis Severino","- - -",417.2,0.34929255,,0.12891239,,,0.1833643,0.24481921,,,,0.09361155,,,,"Luis Severino",15890,622663
"Ryne Stanek","- - -",155.2,0.60514102,,,0.1720814,,0.00749732,0.21456623,0.00035702,,,0.00035702,,,,"Ryne Stanek",15947,592773
"Jordan Romano","- - -",115.1,0.42490442,,,,,0.0010923,0.57400328,,,,,,,,"Jordan Romano",16122,605447
"Carlos Rodón","NYY",415.2,0.48089261,,0.01589958,,,0.03863319,0.27601116,0.06290098,,,0.12566248,,,,"Carlos Rodon",16137,607074
"Aaron Nola","PHI",468,0.28773273,,0.08385052,,,0.19397861,,,0.3173115,,0.11712663,,,,"Aaron Nola",16149,605400
"Brandon Woodruff","MIL",126.2,0.36635707,,0.0619195,,,0.26470588,0.05675955,0.06037152,,,0.18988648,,,,"Brandon Woodruff",16162,605540
"Kyle Freeland","COL",414,0.24022433,,0.05281196,,,0.19738277,0.19660383,,0.20719738,,0.10577972,,,,"Kyle Freeland",16256,607536
"Aaron Bummer","- - -",168,0.09196547,,0.05478088,0.00033201,,0.40172643,0.33001328,0.11553785,,,0.00564409,,,,"Aaron Bummer",16258,607481
"Tyler Mahle","- - -",115.1,0.50291777,,0.09071618,0.25835544,,,0.14801061,,,,,,,,"Tyler Mahle",16358,641816
"Reynaldo López","- - -",206.2,0.58379806,,,,,,0.29439389,0.07836807,,,0.04343998,,,,"Reynaldo Lopez",16400,625643
"Yonny Chirinos","- - -",115,0.05869682,,,0.22563274,,0.42110932,0.29456112,,,,,,,,"Yonny Chirinos",16401,630023
"Ryan Yarbrough","- - -",249,0.23031395,,0.19119918,,,0.15079774,0.04786413,0.20226454,,,0.17756047,,,,"Ryan Yarbrough",16502,642232
"Jordan Montgomery","- - -",305.2,0.13289311,,0.00990508,,,0.37928188,0.0070161,0.25588114,,,0.2150227,,,,"Jordan Montgomery",16511,656756
"Austin Gomber","COL",361.2,0.40657439,,0.00709343,0.00778547,,0.00467128,0.17802768,,0.20692042,,0.18892734,,,,"Austin Gomber",16561,596295
"Erik Swanson","TOR",111.1,0.40906638,,,0.41284404,,,0.17808958,,,,,,,,"Erik Swanson",16587,657024
"Bryan Abreu","HOU",216.1,0.45903448,,,,,0.00303448,0.53434483,0.00027586,,,0.00331034,,,,"Bryan Abreu",16609,650556
"Ryan Thompson","- - -",132.1,0.08691309,,0.0004995,0.000999,,0.59140859,0.31968032,,,,0.0004995,,,,"Ryan Thompson",16647,657044
"Julian Merryweather","CHC",105.2,0.42633567,,,,,,0.50404749,,,,0.06961684,,,,"Julian Merryweather",16703,657240
"Tim Hill","- - -",174.1,0.28258317,,0.01252446,,,0.65440313,0.04970646,,,,0.00078278,,,,"Tim Hill",16814,657612
"Brennan Bernardino","BOS",153.1,,,0.07818608,,,0.4910086,0.03713839,0.34792807,0.00039093,,0.04534793,,,,"Brennan Bernardino",16835,657514
"Reed Garrett","- - -",130.1,0.13881521,,0.21883289,0.23297966,,0.17374005,0.2316534,0.00397878,,,,,,,"Reed Garrett",16866,657585
"Luke Weaver","- - -",265.2,0.48716824,,0.13994297,,,,0.07150691,,0.06229436,,0.23908752,,,,"Luke Weaver",16918,596133
"Touki Toussaint","- - -",112,0.20631182,,,0.23221856,,0.26377767,0.0178992,0.27979275,,,,,,,"Touki Toussaint",16929,657053
"Sean Newcomb","- - -",115.1,0.34663972,,0.10813542,,,0.1859525,,0.29762506,,,0.0616473,,,,"Sean Newcomb",16943,656794
"Grant Holmes","ATL",183.1,0.34170013,,0.12751004,,,0.00133869,0.34203481,0.17570281,,,0.01171352,,,,"Grant Holmes",16944,656550
"Trevor Williams","WSN",293.2,0.41653666,,,,,0.12304992,0.26696568,0.0351014,,,0.15834633,,,,"Trevor Williams",16977,592866
"Tanner Banks","- - -",195.2,0.29108723,,,,,0.07901391,0.40486726,0.10335019,,,0.12168142,,,,"Tanner Banks",16990,621383
"Pablo López","MIN",446,0.38240676,,,,,0.08655876,0.21421534,0.10992259,,,0.20689655,,,,"Pablo Lopez",17085,641154
"Raisel Iglesias","ATL",185.2,0.32633945,,,,,0.20382166,0.15736231,,,,0.31247658,,,,"Raisel Iglesias",17130,628452
"Domingo Germán","- - -",129.1,0.29960513,,,,,0.09378085,,0.39486673,,,0.21174729,,,,"Domingo German",17149,593334
"Gabe Speier","SEA",133.2,0.33072407,,,,,0.36594912,0.29403131,,,,0.0092955,,,,"Gabe Speier",17170,642100
"Jalen Beeks","- - -",165.1,0.50647948,,0.13606911,,,0.00071994,0.0050396,0.00431965,,,0.34701224,0.00035997,,,"Jalen Beeks",17192,656222
"Ranger Suárez","PHI",418.2,0.18288591,,0.14322758,,,0.29347163,0.01327029,0.18608908,,,0.18105552,,,,"Ranger Suarez",17277,624133
"Michael Kopech","- - -",205.2,0.67469235,,0.03959337,,,,0.21107544,0.02594971,,,0.04868914,,,,"Michael Kopech",17282,656629
"Framber Valdez","HOU",550.2,0.00916646,,0.01222195,,,0.4561232,0.05536544,0.29613786,,,0.17098509,,,,"Framber Valdez",17295,664285
"Justin Steele","CHC",330.2,0.60948978,,,,,0.03513996,0.32042883,0.01449275,,,0.02044868,,,,"Justin Steele",17312,657006
"Erick Fedde","- - -",308.1,0.00175884,,0.30525699,,,0.3255814,0.22552277,,,,0.14188001,,,,"Erick Fedde",17425,607200
"Jeff Hoffman","- - -",181,0.37595288,,,0.18052668,,0.05717256,0.38634789,,,,,,,,"Jeff Hoffman",17432,656546
"Jack Flaherty","- - -",458,0.44259165,,0.03042261,,,0.01973014,0.25560081,,0.22275967,,0.02889511,,,,"Jack Flaherty",17479,656427
"Génesis Cabrera","- - -",155.2,0.2622824,,0.31605416,0.02978723,,0.20077369,0.00038685,0.14468085,,,0.04603482,,,,"Genesis Cabrera",17490,650893
"Jimmy Herget","- - -",117,0.07783145,,,,,0.25389157,0.27428878,0.33709071,,,0.05689748,,,,"Jimmy Herget",17556,623474
"Tanner Scott","- - -",200.1,0.54250239,,,,,,0.45717924,,,,0.00031837,,,,"Tanner Scott",17586,656945
"Mitch Keller","PIT",534.2,0.3081834,,0.12861288,,,0.20208938,0.24445734,0.08357516,,,0.03308183,,,,"Mitch Keller",17594,656605
"Cristian Javier","HOU",217,0.54102228,,,,,0.00812582,0.28597641,,0.07549148,,0.08938401,,,,"Cristian Javier",17606,664299
"Taylor Clarke","KCR",107.2,0.26912493,,,,,0.07044579,0.49312053,,,,0.16730875,,,,"Taylor Clarke",17611,664199
"Justin Lawrence","- - -",146,0.00617792,,,,,0.53706755,0.45634267,,,,0.00041186,,,,"Justin Lawrence",17639,664875
"Jeffrey Springs","- - -",211,0.4259366,,0.04697406,,,0.00028818,0.25792507,,,,0.26887608,,,,"Jeffrey Springs",17677,605488
"Trevor Megill","MIL",127,0.67679283,,,,,0.00099602,,,0.32221116,,,,,,"Trevor Megill",17722,656730
"Evan Phillips","LAD",121.2,0.28222453,,0.18814969,,,0.1039501,0.42567568,,,,,,,,"Evan Phillips",17734,623465
"Tyler Alexander","- - -",244,0.24895397,,0.26882845,,,0.14670502,0.18410042,,,,0.15141213,,,,"Tyler Alexander",17735,641302
"José Alvarado","PHI",129,0.00266548,,0.38605064,,,0.6001777,,0.01110618,,,,,,,"Jose Alvarado",17780,621237
"Ian Gibaut","CIN",103,0.45736906,,0.24177832,,,,0.23142509,,,,0.06942753,,,,"Ian Gibaut",17871,664139
"Nestor Cortes","- - -",272,0.45160576,,0.29036545,,,0.0110742,0.16101883,,,,0.08593577,,,,"Nestor Cortes",17874,641482
"Dennis Santana","- - -",145.1,0.26663669,,0.15107914,,,0.12769784,0.375,,,,0.07958633,,,,"Dennis Santana",17878,642701
"Garrett Cleavinger","TBR",126,0.20106848,,0.14230209,,,0.22389509,0.43224866,,,,0.00048567,,,,"Garrett Cleavinger",17897,664076
"Trent Thornton","- - -",146,0.26551418,,0.0873227,0.00664894,,0.07890071,0.40957447,0.1356383,,,0.01640071,,,,"Trent Thornton",17948,663423
"Brock Burke","- - -",151.1,0.53248876,,,,,0.0641602,0.23865958,,,,0.16469146,,,,"Brock Burke",17968,656271
"Peter Lambert","COL",148.2,0.4202491,,0.00401768,,,0.00964243,0.26637204,0.07874648,,,0.22097228,,,,"Peter Lambert",17969,663567
"Logan Webb","SFG",605.1,0.05532831,,0.03293864,,,0.3613563,0.2270183,,,,0.32335845,,,,"Logan Webb",17995,657277
"Pete Fairbanks","TBR",145,0.51284247,,0.00256849,,,,0.45291096,,,,0.03167808,,,,"Pete Fairbanks",17998,664126
"Phil Maton","- - -",185,,,0.34414295,,,0.0840503,0.21674388,0.35506287,,,,,,,"Phil Maton",18064,664208
"Ryan Helsley","- - -",152,0.48675497,,0.00538079,,,,0.44453642,0.06332781,,,,,,,"Ryan Helsley",18138,664854
"Tyler Kinley","- - -",145,0.29640947,,0.00038197,0.00076394,,0.00305577,0.62796028,0.04927426,,,0.02215432,,,,"Tyler Kinley",18297,641755
"Carson Fulmer","LAA",126,0.22488038,,,,,0.23923445,0.18851675,0.06698565,,,0.28038278,,,,"Carson Fulmer",18311,608334
"Michael Soroka","- - -",195.1,0.37798057,,,,,0.16691198,0.19723285,0.14424492,,,0.11362967,,,,"Michael Soroka",18383,647336
"Enyel De Los Santos","- - -",187.1,0.52507186,,,,,,0.36984989,0.00031939,,,0.10475886,,,,"Enyel De Los Santos",18403,660853
"Kenta Maeda","- - -",224.2,0.2454902,,0.00862745,0.31738562,,0.06823529,0.33542484,0.0248366,,,,,,,"Kenta Maeda",18498,628317
"Dylan Cease","- - -",517.1,0.42528861,,0.00206927,,,0.01470268,0.4363973,,0.10400784,,0.01753431,,,,"Dylan Cease",18525,656302
"A.J. Minter","- - -",110,0.46795235,,0.38513897,,,,,,,,0.14690868,,,,"A.J. Minter",18655,621345
"Jake Woodford","- - -",117,0.08885687,,0.10854947,,,0.43227666,0.24495677,0.04418828,,,0.08117195,,,,"Jake Woodford",18674,663765
"Freddy Peralta","MIL",503,0.53002165,,,,,,0.17545858,0.11666857,,,0.1778512,,,,"Freddy Peralta",18679,642547
"Sandy Alcantara","MIA",338.2,0.21347892,,,,,0.25978916,0.17884036,0.09902108,,,0.24887048,,,,"Sandy Alcantara",18684,645261
"Pedro Avila","- - -",133,0.36689715,,,,,0.15514261,0.06698358,0.17718237,,,0.2337943,,,,"Pedro Avila",18864,658648
"Dakota Hudson","- - -",170.1,0.18487098,,0.00247437,,,0.35030046,0.27995758,0.11770944,,,0.06468717,,,,"Dakota Hudson",19206,641712
"Cole Irvin","- - -",188.1,0.27039474,,0.13026316,,,0.20296053,0.02368421,0.20657895,,,0.16611842,,,,"Cole Irvin",19244,608344
"Seranthony Domínguez","- - -",165,0.40842177,,,0.05922629,,0.19821979,0.30023964,0.01814447,,,0.01574803,,,,"Seranthony Dominguez",19249,622554
"Ian Hamilton","NYY",135.2,0.20008933,,,,,0.30370701,0.49620366,,,,,,,,"Ian Hamilton",19261,641656
"Jacob Webb","- - -",168.1,0.45906433,,,,,,0.23976608,,,,0.30116959,,,,"Jacob Webb",19274,657097
"Zac Gallen","ARI",532.2,0.47174648,,0.06256554,,,0.01176745,0.0671094,,0.24408715,,0.14272399,,,,"Zac Gallen",19291,668678
"Trevor Richards","- - -",143.2,0.45423729,,,0.00112994,,,0.00451977,,,,0.54011299,,,,"Trevor Richards",19309,670950
"Cal Quantrill","- - -",365.2,0.06705493,,0.18920195,0.23201637,,0.33149693,0.02597198,0.11884149,,,0.03541634,,,,"Cal Quantrill",19312,615698
"Eric Lauer","- - -",141.2,0.45002091,,0.26390632,,,0.00041824,0.09159348,0.1371811,,,0.05687997,,,,"Eric Lauer",19316,641778
"A.J. Puk","- - -",136,0.476086,,,0.01491882,,0.09960509,0.39842036,,,,0.01096972,,,,"A.J. Puk",19343,640462
"Caleb Ferguson","- - -",173,0.48365123,,0.26839237,,,0.10422343,0.01089918,0.13283379,,,,,,,"Caleb Ferguson",19349,657571
"Dean Kremer","BAL",460.2,0.3219802,,0.22613861,0.12026403,,0.16052805,0.01306931,0.11062706,,,0.04739274,,,,"Dean Kremer",19350,665152
"Lucas Erceg","- - -",176,0.30491132,,0.01603001,,,0.24488404,0.23738063,,,,0.196794,,,,"Lucas Erceg",19360,668674
"Corbin Burnes","- - -",452.1,,,0.50945793,,,0.07989836,0.11180124,0.19297007,,,0.10587239,,,,"Corbin Burnes",19361,669203
"Keegan Akin","BAL",158.2,0.54517844,,,,,,0.30599848,0.00037965,,,0.14844343,,,,"Keegan Akin",19362,669211
"Walker Buehler","- - -",187.2,0.26189754,,0.18793574,,,0.16368597,0.17005153,,0.15550167,,0.06092755,,,,"Walker Buehler",19374,621111
"Tony Gonsolin","LAD",139,0.39683238,,,0.27056753,,,0.17685878,0.15574131,,,,,,,"Tony Gonsolin",19388,664062
"Colin Poche","- - -",107.1,0.6697783,,,,,,0.3302217,,,,,,,,"Colin Poche",19403,621363
"Ronel Blanco","HOU",267.2,0.38255788,,,,,,0.34164981,0.09867386,,,0.17711845,,,,"Ronel Blanco",19407,669854
"Dane Dunning","- - -",285,0.02899169,,0.2104029,,0.00021317,0.34342358,0.22511192,0.00895331,0.03730548,,0.14559795,,,,"Dane Dunning",19409,641540
"Shane Bieber","- - -",163,0.35688479,,0.23725411,,,,0.21156162,,0.13970293,,0.05459655,,,,"Shane Bieber",19427,669456
"Yohan Ramírez","- - -",112.1,0.18154158,,0.00811359,,,0.42342799,0.27484787,0.09939148,,,0.01267748,,,,"Yohan Ramirez",19444,670990
"Patrick Sandoval","LAA",224.1,0.22194882,,,,,0.13312008,0.28813976,0.09005906,,,0.26673228,,,,"Patrick Sandoval",19447,663776
"Jorge Alcala","- - -",124.2,0.42153705,,,,,0.10538426,0.29728486,0.09433962,,,0.08145421,,,,"Jorge Alcala",19459,660896
"Aaron Civale","- - -",377.1,0.12288738,,0.342284,0.0295372,,0.20565471,0.10977729,0.18985942,,,,,,,"Aaron Civale",19479,650644
"Tyler Ferguson","OAK",101.1,0.3787789,,0.12033195,,,0.18316538,0.28393598,,,,0.03378779,,,,"Tyler Ferguson",19481,621053
"Jason Foley","DET",129,0.03944672,,,,,0.6244877,0.2392418,,,,0.09682377,,,,"Jason Foley",19531,671345
"David Bednar","- - -",179.2,0.53451677,,0.00032873,0.1965812,,,0.00098619,0.26758711,,,,,,,"David Bednar",19569,670280
"JoJo Romero","STL",150.1,0.09778912,,0.00085034,,,0.35161565,0.32738095,0.00467687,,,0.21768707,,,,"JoJo Romero",19574,668941
"Cionel Pérez","BAL",128.2,0.22508039,,0.00275609,,,0.38677079,0.31511254,0.0702802,,,,,,,"Cionel Perez",19614,672335
"Jordan Hicks","- - -",242.2,0.07890424,,,0.10840553,,0.55654413,0.2561461,,,,,,,,"Jordan Hicks",19618,663855
"Gregory Soto","- - -",166.1,0.12513369,,0.00249554,0.00142602,,0.47344029,0.39679144,,,,0.00071301,,,,"Gregory Soto",19677,642397
"Dustin May","- - -",180.1,0.19249311,,0.10984848,,,0.33539945,0.29373278,0.05130854,,,0.01721763,,,,"Dustin May",19716,669160
"Anthony Bender","MIA",103,0.02993667,,,,,0.36787565,0.56534254,,,,0.03684514,,,,"Anthony Bender",19742,669622
"Shohei Ohtani","- - -",168,0.3358209,,0.13619403,0.06007463,,0.0641791,0.35783582,0.04589552,,,,,,,"Shohei Ohtani",19755,660271
"Will Vest","DET",179.2,0.53389831,,,,,0.1179661,0.25288136,,,,0.09525424,,,,"Will Vest",19769,676684
"Bryan Baker","- - -",129.2,0.51134216,,,,,,0.27032136,0.01606805,,,0.20226843,,,,"Bryan Baker",19804,641329
"Michael King","- - -",341,0.23687489,,,,,0.29756184,0.25502758,,,,0.21053568,,,,"Michael King",19853,650633
"Brandon Bielak","- - -",109.2,0.28518908,,0.00262605,,,0.22163866,0.12657563,0.10819328,,,0.25577731,,,,"Brandon Bielak",19866,656232
"Griffin Canning","- - -",375,0.36045772,,0.00810553,,,0.00762873,0.27574698,0.09329307,0.01382708,,0.24094088,,,,"Griffin Canning",19867,656288
"Alex Faedo","DET",122,0.41940225,,,,,0.02645762,0.38853503,,,,0.1656051,,,,"Alex Faedo",19874,656412
"Kevin Ginkel","ARI",161,0.49396268,,0.0003659,,,0.09586535,0.40980607,,,,,,,,"Kevin Ginkel",19876,656464
"Tanner Houck","BOS",328.1,0.04153905,,0.04364472,0.19506126,,0.32484686,0.39490812,,,,,,,,"Tanner Houck",19879,656557
"Clarke Schmidt","NYY",323,0.01854599,,0.32696588,,,0.19621662,0.26242582,,0.18675816,,0.00908754,,,,"Clarke Schmidt",19899,657376
"Tony Santillan","CIN",100.1,0.62455516,,,,,,0.23250297,0.13938316,,,0.00355872,,,,"Tony Santillan",19926,663574
"Jesús Luzardo","- - -",407,0.402036,,0.0016229,,,0.07140749,0.32797285,0.00029507,,,0.19666568,,,,"Jesus Luzardo",19959,666200
"Joey Wentz","- - -",258,0.41546304,,0.21537808,,,,0.08814783,0.15548003,,,0.12553101,,,,"Joey Wentz",19962,666214
"Bryse Wilson","- - -",228.2,0.1604161,,0.32302217,0.00027375,,0.30988229,,0.14371749,,,0.0626882,,,,"Bryse Wilson",19990,669060
"Dylan Lee","ATL",146,0.33392698,,,,,,0.54318789,,,,0.12288513,,,,"Dylan Lee",19996,669276
"Tyler Wells","BAL",145.2,0.37157534,,0.19178082,,,,0.15967466,0.08946918,,,0.1875,,,,"Tyler Wells",20000,669330
"John Schreiber","- - -",155.1,0.28039142,,0.12570568,,,0.23560406,0.30748965,,,,0.05080918,,,,"John Schreiber",20020,670167
"Adrian Morejon","SDP",139,0.17610954,,0.01652502,0.03824363,,0.43720491,0.28706327,0.0108593,,,0.03163362,,0.00236072,,"Adrian Morejon",20039,670970
"Bailey Falter","- - -",348.1,0.46935364,,,0.03603269,,0.12332838,0.19650817,0.16381872,,,0.0109584,,,,"Bailey Falter",20070,663559
"Chris Paddack","- - -",238.2,0.44136515,,0.04259687,,,0.02437773,0.12548114,0.12214524,,,0.24403387,,,,"Chris Paddack",20099,663978
"Calvin Faucher","- - -",134.2,0.06945573,,0.36474411,,,0.24167344,0.15718928,0.16653128,,,0.00040617,,,,"Calvin Faucher",20116,676534
"Nate Pearson","- - -",123.2,0.52495202,,0.00095969,0.00047985,,0.01103647,0.34836852,0.11420345,,,,,,,"Nate Pearson",20160,663878
"Kyle Muller","OAK",126.1,0.52271684,,,,,,0.25103258,0.1459385,,,0.08031207,,,,"Kyle Muller",20167,666205
"Garrett Whitlock","BOS",155.1,0.00192086,,0.02381867,,,0.46638494,0.27660392,,,,0.23127161,,,,"Garrett Whitlock",20191,676477
"Eli Morgan","- - -",116.2,0.39634146,,,,,,0.29115854,0.0152439,,,0.2972561,,,,"Eli Morgan",20203,669212
"Mike Baumann","- - -",123,0.45956054,,,,,0.00187003,0.22346891,,0.29359514,,0.02150538,,,,"Mike Baumann",20206,657508
"Griffin Jax","- - -",195.1,0.2337496,,0.02081332,,,0.11399296,0.44860711,0.02273455,,,0.16010247,,,,"Griffin Jax",20253,643377
"David Peterson","NYM",389.1,0.25446782,,,,,0.284675,0.19199747,0.10295746,,,0.16590226,,,,"David Peterson",20302,656849
"Steven Wilson","- - -",138,0.35884774,,0.00781893,,,,0.57325103,,,,0.0600823,,,,"Steven Wilson",20353,621051
"Matt Manning","DET",105.2,0.47866419,,,0.01113173,,,0.33209647,0.15213358,,,0.02597403,,,,"Matt Manning",20369,666159
"Andrés Muñoz","SEA",163.2,0.33554084,,,,,0.17181751,0.48454746,,,,0.00809419,,,,"Andres Munoz",20373,662253
"Greg Weissert","- - -",144.2,0.27443449,,0.00981647,,,0.31199317,0.30089629,0.01621852,,,0.08664106,,,,"Greg Weissert",20375,669711
"Ryan Walker","SFG",197.1,0.00187676,,,,,0.5555208,0.44228965,0.00031279,,,,,,,"Ryan Walker",20423,676254
"Casey Mize","DET",234,0.36178442,,,0.21351212,,0.10288809,0.20397112,0.08329036,0.03455389,,,,,,"Casey Mize",20492,663554
"Nick Sandlin","- - -",134,0.27473958,,,0.15928819,,0.13541667,0.4296875,,0.00086806,,,,,,"Nick Sandlin",20517,680704
"Kutter Crawford","BOS",313,0.36040609,,0.3035533,0.08182741,,,0.16243655,,0.09177665,,,,,,"Kutter Crawford",20531,676710
"Edwin Uceta","- - -",112,0.24417314,,0.17702553,,,0.16925638,0.03052164,0.00277469,,,0.37624861,,,,"Edwin Uceta",20539,670955
"Grant Anderson","- - -",127,0.27762172,,,,,0.25608614,0.41432584,,,,0.05196629,,,,"Grant Anderson",20546,681982
"Bowden Francis","TOR",204,0.5302656,,,0.16769611,,0.02007412,0.08863496,0.19332922,,,,,,,"Bowden Francis",20548,670102
"Tyler Phillips","- - -",105,0.12776724,,,0.08791904,,0.30676787,0.24604681,0.20746363,,,0.02403542,,,,"Tyler Phillips",20629,663969
"Yusei Kikuchi","- - -",505,0.42553936,,,,,0.00303207,0.28408163,0.17655977,,,0.11078717,,,,"Yusei Kikuchi",20633,579328
"Cristopher Sánchez","PHI",463.1,,,0.00043478,,,0.46347826,0.17652174,,,,0.35956522,,,,"Cristopher Sanchez",20778,650911
"Eduard Bazardo","- - -",115.2,0.19933738,,0.00165654,0.04307013,,0.30535616,0.45057979,,,,,,,,"Eduard Bazardo",20997,660825
"Jhoan Duran","- - -",179.2,0.4020979,,0.00104895,0.32587413,,,0.02132867,0.18426573,0.06503497,,0.00034965,,,,"Jhoan Duran",21029,661395
"Emmanuel Clase","CLE",194.1,0.00596701,,0.71498771,,,0.00351,0.27553528,,,,,,,,"Emmanuel Clase",21032,661403
"Seth Martinez","- - -",102.1,0.35423926,,0.0116144,,,0.18466899,0.29965157,,,,0.14982578,,,,"Seth Martinez",21045,661527
"Luis Gil","NYY",187,0.48752282,,,,,,0.26506391,,,,0.24741327,,,,"Luis Gil",21052,661563
"Alexis Díaz","- - -",139.1,0.54017857,,,,,,0.45982143,,,,,,,,"Alexis Diaz",21132,664747
"J.P. France","HOU",161.2,0.40704648,,0.19790105,,,0.0029985,0.0802099,0.14692654,,,0.16491754,,,,"J.P. France",21212,641585
"Bailey Ober","MIN",452.1,0.40070323,,0.07398031,,,0.00970464,0.19057665,0.03839662,,,0.28663854,,,,"Bailey Ober",21224,641927
"Jake Bird","- - -",184.2,0.00363516,,0.0849306,,,0.47918044,0.22703239,0.20389954,,,0.00132188,,,,"Jake Bird",21267,656234
"Jacob Latz","TEX",124.1,0.49643027,,,,,,0.21275583,0.05330795,,,0.23750595,,,,"Jacob Latz",21306,656641
"Tylor Megill","NYM",272.2,0.49731072,,0.03847745,0.02151427,,0.07778237,0.19383533,0.07943732,,,0.09164253,,,,"Tylor Megill",21318,656731
"Joe Ryan","MIN",453.2,0.52602104,,,0.20311433,,0.05532031,0.20297774,0.01256659,,,,,,,"Joe Ryan",21390,657746
"Ryan Feltner","COL",236,0.35193798,,,,,0.13074935,0.27131783,0.09379845,,,0.15219638,,,,"Ryan Feltner",21446,663372
"Davis Martin","CHW",177.1,0.31211916,,0.21902505,,,0.07312119,0.11475965,0.05450237,,,0.22647258,,,,"Davis Martin",21448,663436
"Kris Bubic","KCR",162.2,0.39707047,,0.00197941,,,0.05146477,0.32462391,0.01900238,,,0.20585907,,,,"Kris Bubic",21455,663460
"Cole Sands","MIN",157.1,0.29459775,,0.24135251,0.1966576,,0.10415857,0.0007773,0.16245628,,,,,,,"Cole Sands",21461,663485
"Sean Hjelle","SFG",124.2,0.00151439,,0.08278647,,,0.53760727,,,0.36850076,,0.00959112,,,,"Sean Hjelle",21481,663546
"Shane McClanahan","TBR",115,0.41900055,,,,,,0.15321252,0.16968699,,,0.25809995,,,,"Shane McClanahan",21483,663556
"Stephen Kolek","- - -",139.1,0.21357013,,0.17030965,,,0.30510018,0.22586521,0.00045537,,,0.08469945,,,,"Stephen Kolek",21487,663568
"Jake Irvin","WSN",471.1,0.35158831,,0.03989835,,,0.2296061,0.01651842,0.30660737,,,0.05578145,,,,"Jake Irvin",21504,663623
"Hogan Harris","OAK",190,0.53229198,,0.0759988,,,0.00090117,0.07870231,0.1456894,,,0.16641634,,,,"Hogan Harris",21520,663687
"Daniel Lynch IV","KCR",156,0.32742268,,0.00123711,,,0.10927835,0.25113402,0.00041237,0.08742268,,0.22309278,,,,"Daniel Lynch IV",21537,663738
"Brendon Little","TOR",106.2,0.00274123,,0.08004386,,,0.50548246,,,0.41173246,,,,,,"Brendon Little",21574,663893
"Tristan Beck","SFG",147,0.36993699,,,,,,0.50045005,0.12736274,,,0.00225023,,,,"Tristan Beck",21584,663941
"Luis Medina","OAK",149.2,0.41801126,,,,,0.14258912,0.2412758,0.11294559,,,0.08517824,,,,"Luis Medina",21649,665622
"Elvis Peguero","- - -",122,,,,,,0.49300156,0.50648004,0.0005184,,,,,,,"Elvis Peguero",21652,665625
"Edward Cabrera","MIA",324.2,0.2217885,,,,,0.13484741,0.11834634,0.2287083,,,0.29630944,,,,"Edward Cabrera",21690,665795
"Javier Assad","CHC",281.2,0.16941075,,0.23700173,,,0.34207106,0.12001733,0.08817158,,,0.04332756,,,,"Javier Assad",21741,665871
"Braxton Garrett","MIA",196.2,0.08738181,,0.16106945,,,0.32018259,0.25953701,0.07662211,,,0.09520704,,,,"Braxton Garrett",21844,666129
"Cole Ragans","- - -",331,0.4237045,,0.10776403,,,,0.12282589,,0.11475704,,0.23094854,,,,"Cole Ragans",21846,666142
"George Soriano","MIA",109.2,0.35279058,,,,,0.05478751,0.37480799,,,,0.21761393,,,,"George Soriano",21863,666277
"Camilo Doval","- - -",187,0.00030441,,0.37564688,,,0.17534247,0.44870624,,,,,,,,"Camilo Doval",21992,666808
"John King","- - -",139,0.01311316,,,,,0.58232152,0.11607576,0.01359883,,,0.27489072,,,,"John King",22051,667463
"José Soriano","LAA",318.2,0.12998028,,,0.0913215,,0.43786982,0.05838264,,0.28047337,,0.00197239,,,,"Jose Soriano",22100,667755
"Hunter Greene","CIN",352.2,0.54851906,,,0.06021928,,,0.36557028,0.00769105,,,0.01800033,,,,"Hunter Greene",22182,668881
"Tobias Myers","MIL",180,0.41483036,,0.22035677,0.03287863,,0.00349773,0.20391745,0.03462749,,,0.08989157,,,,"Tobias Myers",22191,668964
"MacKenzie Gore","WSN",450,0.54657534,,0.01506849,,,,0.15529265,0.20809465,,,0.07496887,,,,"MacKenzie Gore",22201,669022
"DL Hall","- - -",100,0.41849711,,0.0583815,,,0.02312139,0.18034682,0.13179191,,,0.18786127,,,,"DL Hall",22207,669084
"Jeremiah Estrada","- - -",137.1,0.60076857,,,0.19214347,,,0.20409906,0.00042699,,,0.00256191,,,,"Jeremiah Estrada",22210,669093
"Logan Gilbert","SEA",513.2,0.36350922,,0.04081373,0.15270184,,0.01055308,0.31977114,0.06280992,0.04984107,,,,,,"Logan Gilbert",22250,669302
"Shane Baz","TBR",234.1,0.45286556,,0.09748259,,,,0.09078736,0.0661489,0.18318157,,0.10953401,,,,"Shane Baz",22264,669358
"Tarik Skubal","DET",452.1,0.32317622,,,,,0.20279195,0.15025518,,0.03977784,,0.2839988,,,,"Tarik Skubal",22267,669373
"Trevor Rogers","- - -",238,0.3545294,,,,,0.20565228,0.19606359,,,,0.24375473,,,,"Trevor Rogers",22286,669432
"Mason Englert","- - -",122.1,0.26159102,,0.09272816,,,0.07711079,0.20107369,0.06979014,,,0.2977062,,,,"Mason Englert",22288,669438
"Matthew Liberatore","STL",288.1,0.31021112,,0.0891857,,,0.15489013,0.21283929,0.14304179,,,0.08983197,,,,"Matthew Liberatore",22294,669461
"Colin Holderman","PIT",132,0.01721854,,0.23002208,0.00838852,,0.38233996,0.36203091,,,,,,,,"Colin Holderman",22361,670059
"Josh Winckowski","BOS",172,0.06812566,,0.32721497,,,0.34380515,0.16378397,0.00035298,,,0.09671726,,,,"Josh Winckowski",22387,670174
"Johan Oviedo","PIT",197.2,0.38996372,,,,,0.05441354,0.36457074,0.14993954,,,0.04111245,,,,"Johan Oviedo",22487,670912
"Taj Bradley","- - -",375.1,0.44249356,,0.23228093,0.19362113,,0.00016108,,0.1314433,,,,,,,"Taj Bradley",22543,671737
"Keider Montero","DET",175,0.36411411,,,,,0.13551051,0.25487988,,0.13025526,,0.11524024,,,,"Keider Montero",22630,672456
"Carlos Hernández","- - -",143.1,0.53651904,,0.000777,0.13752914,,0.01204351,0.21639472,0.0003885,0.0959596,,0.0003885,,,,"Carlos Hernandez",22713,672578
"Angel Zerpa","KCR",156.1,0.23242841,,,,,0.38527334,0.27928598,0.00111566,,,0.10189662,,,,"Angel Zerpa",22717,672582
"Roansy Contreras","- - -",144.2,0.3896654,,,,,0.05379077,0.37145277,0.11139348,,,0.07369759,,,,"Roansy Contreras",22810,672710
"Osvaldo Bido","- - -",186,0.35406404,,0.08405172,,,0.16194581,0.28232759,,,,0.11761084,,,,"Osvaldo Bido",23150,674370
"Michael Grove","LAD",120,0.19766853,,0.11049164,,,0.11708059,0.44450076,,0.12823112,,0.00202737,,,,"Michael Grove",23221,675627
"Janson Junk","- - -",107.2,0.39172166,,,0.00779844,,0.0119976,0.40431914,0.12237552,,,0.06178764,,,,"Janson Junk",23301,676083
"José Buttó","- - -",178.2,0.36050051,,,,,0.16672303,0.26039905,0.01352722,,,0.19885019,,,,"Jose Butto",23313,676130
"Joey Cantillo","CLE",119,0.43752969,,,,,,0.08456057,0.17529691,,,0.30261283,,,,"Joey Cantillo",23335,676282
"Robert Garcia","- - -",148.1,0.49104096,,0.00042662,,,,0.21800341,,,,0.29052901,,,,"Robert Garcia",23363,676395
"JP Sears","- - -",478.2,0.42421559,,,,,0.0555415,0.34109312,0.01100709,,,0.16814271,,,,"JP Sears",23429,676664
"Keaton Winn","SFG",104.2,0.25833333,,,0.46346154,,0.18461538,0.09358974,,,,,,,,"Keaton Winn",23499,676775
"Ben Brown","CHC",161.2,0.57898773,,,,,,,,0.38496933,,0.03604294,,,,"Ben Brown",23590,676962
"Ryan Weathers","- - -",169,0.4664592,,,,,0.06639004,0.21127248,,,,0.25587828,,,,"Ryan Weathers",23796,677960
"Valente Bellozo","MIA",147.1,0.3295068,,0.30442177,0.01020408,,,0.12967687,0.0837585,,,0.14243197,,,,"Valente Bellozo",23899,678368
"Brayan Bello","BOS",472,0.13590734,,0.05045045,,,0.37117117,0.21904762,0.0002574,,,0.22316602,,,,"Brayan Bello",23920,678394
"Randy Rodríguez","SFG",103,0.51215175,,,,,0.03793717,0.42086544,,,,0.02904564,,,,"Randy Rodriguez",23974,678495
"Jose A. Ferrer","WSN",135.1,0.23003802,,,,,0.49001901,0.05608365,,,,0.22385932,,,,"Jose A. Ferrer",24017,678606
"Grayson Rodriguez","BAL",238.2,0.48129551,,0.02736631,,,0.00552347,0.15264876,0.1157419,,,0.21742405,,,,"Grayson Rodriguez",24492,680570
"Simeon Woods Richardson","MIN",232.2,0.42867812,,,0.02638785,,,0.29375156,0.11177496,,,0.13940752,,,,"Simeon Woods Richardson",24494,680573
"Josiah Gray","WSN",167.1,0.16967871,,0.18507363,,,0.1710174,0.29484605,0.15829987,,,0.02108434,,,,"Josiah Gray",24580,680686
"Kyle Bradish","BAL",225,0.20792357,,,,,0.25344198,0.30767069,0.16942962,,,0.06153414,,,,"Kyle Bradish",24586,680694
"Victor Vodnik","COL",126.2,0.6140199,,0.01817395,,,,0.17048897,,,,0.19731718,,,,"Victor Vodnik",24614,680767
"Randy Vásquez","- - -",253,0.24264533,,0.19604613,,,0.18263121,0.12614733,0.15391857,,,0.09861144,,,,"Randy Vasquez",24719,681190
"Kyle Leahy","STL",129,0.36195373,,,,,0.04061697,0.37275064,0.13161954,,,0.09305913,,,,"Kyle Leahy",24763,681517
"Reese Olson","DET",284.2,0.24037855,,,,,0.22166141,0.27423764,0.05825447,,,0.20546793,,,,"Reese Olson",24968,681857
"Cooper Criswell","- - -",150,,,0.17478732,,,0.30433101,0.28228925,,,,0.23859242,,,,"Cooper Criswell",24975,681867
"Alex Vesia","LAD",170,0.62888735,,,,,,0.32688321,,,,0.04422944,,,,"Alex Vesia",25007,681911
"Jacob Lopez","- - -",115.1,0.33806957,,0.13032827,,,0.09015189,0.30916218,,,,0.13228809,,,,"Jacob Lopez",25098,682052
"Tim Herrin","CLE",130.2,0.29116835,,,,,0.1200552,0.27966881,0.30910764,,,,,,,"Tim Herrin",25139,682120
"Abner Uribe","MIL",113.1,0.03764321,,,,,0.55482815,0.40752864,,,,,,,,"Abner Uribe",25327,682842
"Nick Mears","- - -",129.2,0.57977011,,,,,,0.28965517,0.13057471,,,,,,,"Nick Mears",25376,683232
"Brady Singer","- - -",488.2,0.07610444,,0.03143175,,,0.44140577,0.42383368,,,,0.02722435,,,,"Brady Singer",25377,663903
"Sam Long","- - -",123.1,0.41038603,,,0.07628676,,0.03446691,0.23391544,0.23805147,,,0.00689338,,,,"Sam Long",25379,669674
"Drew Rasmussen","TBR",213,0.34487021,,0.31396786,,,0.21631644,0.0710754,0.04511743,,,0.00865266,,,,"Drew Rasmussen",25385,656876
"Jhony Brito","- - -",134,0.19595571,,,,,0.3033221,0.11506981,,0.0794415,,0.30621088,,,,"Jhony Brito",25386,666745
"George Kirby","SEA",490.1,0.34602213,,0.00144889,0.06967861,,0.23261328,0.23195469,,0.10537408,,0.01251317,,0.00039515,,"George Kirby",25436,669923
"Brandon Williamson","CIN",131.1,0.35678392,,0.31749657,,,,0.09045226,0.06441297,,,0.17085427,,,,"Brandon Williamson",25463,682227
"Matt Waldron","SDP",192.2,0.19181903,,0.09265572,,,0.16114038,0.18500155,,,,,,0.36938333,,"Matt Waldron",25550,663362
"Xzavion Curry","- - -",140.2,0.48447489,,,0.00365297,,,0.356621,0.12465753,,,0.03059361,,,,"Xzavion Curry",25595,675540
"Hunter Gaddis","CLE",176.1,0.36822569,,0.00927988,,,,0.44691908,0.01670379,,,0.15887157,,,,"Hunter Gaddis",25636,683769
"Kevin Kelly","TBR",169.1,0.02684825,,0.09844358,,,0.55797665,0.31673152,,,,,,,,"Kevin Kelly",25679,687330
"Matt Brash","SEA",112.1,0.2369338,,0.02638128,,,0.09158785,0.54405177,,0.05923345,,0.04181185,,,,"Matt Brash",25756,666374
"Hunter Brown","HOU",493.1,0.39731819,,0.15450592,0.01570428,,0.13300314,0.03769026,,0.17854554,,0.08323266,,,,"Hunter Brown",25880,686613
"Yennier Cano","BAL",185,0.08465244,,0.00963524,0.01204405,,0.51651755,0.15278734,,,,0.22436339,,,,"Yennier Cano",25911,666974
"Andrew Nardi","MIA",107,0.61051502,,,,,,0.38090129,,,,0.00858369,,,,"Andrew Nardi",25942,677053
"Quinn Priester","- - -",241,0.07273665,,0.1067836,,,0.38328605,0.26489554,0.11245809,,,0.05984008,,,,"Quinn Priester",25977,682990
"Beau Brieske","DET",124.2,0.41861531,,,,,0.17010546,0.1568088,,,,0.25447043,,,,"Beau Brieske",26079,689225
"Andre Pallante","STL",339.1,0.51305131,,,,,0.129973,0.22538254,0.02754275,0.10405041,,,,,,"Andre Pallante",26108,669467
"Ryan Pepiot","- - -",335,0.47848665,,0.05860534,,,0.01168398,0.16895401,0.02689169,,,0.25537834,,,,"Ryan Pepiot",26221,686752
"Tyler Holton","DET",248.1,0.1866217,,0.25238898,,,0.1846543,0.15851602,0.02866779,,,0.18915121,,,,"Tyler Holton",26231,663947
"Ryne Nelson","ARI",431.2,0.57338129,,0.14517986,,,,0.12172662,0.07107914,,,0.08863309,,,,"Ryne Nelson",26253,669194
"Joey Estes","OAK",148.2,0.51429773,,0.0117746,,,0.03448276,0.32506308,,,,0.11438183,,,,"Joey Estes",26257,683155
"Tommy Henry","ARI",134,0.42482436,,,,,0.05948478,0.11522248,0.21498829,,,0.18548009,,,,"Tommy Henry",26285,674072
"Bryan Hoeing","- - -",132.1,0.07265587,,,0.12714777,,0.51644575,0.26951399,,,,0.01423662,,,,"Bryan Hoeing",26304,663773
"Nick Lodolo","CIN",289,0.36634718,,,,,0.15910543,,0.2913738,,,0.18317359,,,,"Nick Lodolo",26378,666157
"Alek Manoah","TOR",111.2,0.28722382,,,,,0.28001921,0.30115274,,,,0.13160423,,,,"Alek Manoah",26410,666201
"Ryan Gusto","- - -",101.2,0.43693182,,0.10852273,,,0.10454545,0.10397727,0.14943182,,,0.09659091,,,,"Ryan Gusto",26440,687473
"Alec Marsh","KCR",203.1,0.37082501,,,,,0.11276049,0.23922352,0.15843563,,,0.11875535,,,,"Alec Marsh",27451,679525
"Garrett Crochet","- - -",344,0.45566191,,0.26927939,,,0.08542532,0.13834206,,,,0.05129131,,,,"Garrett Crochet",27463,676979
"Reid Detmers","LAA",299.2,0.44448676,,,0.00038088,,0.00704628,0.29556275,0.18301276,,,0.06951057,,,,"Reid Detmers",27468,672282
"Emerson Hancock","SEA",156,0.30311391,,,,,0.33070556,0.16121403,,,,0.2049665,,,,"Emerson Hancock",27470,676106
"Jared Shuster","- - -",141.2,0.39235826,,,,,0.02958094,0.29827445,,,,0.27978636,,,,"Jared Shuster",27472,694363
"Max Meyer","MIA",121.2,0.30493274,,,,,0.08071749,0.43846537,,,,0.1758844,,,,"Max Meyer",27474,676974
"Bryce Jarvis","ARI",103.2,0.39736993,,0.08290452,,,0.10348771,0.24585477,0.02515723,,,0.14522584,,,,"Bryce Jarvis",27477,686826
"Bobby Miller","LAD",185.1,0.31853035,,,,,0.17412141,0.14504792,0.18977636,,,0.17252396,,,,"Bobby Miller",27483,676272
"Landon Knack","LAD",107.2,0.46813069,,,,,,0.18853776,0.09962507,0.05249063,,0.19121585,,,,"Landon Knack",27487,689017
"Spencer Strider","ATL",303,0.56365061,,,,,,0.34586761,0.03094399,,,0.0595378,,,,"Spencer Strider",27498,675911
"Slade Cecconi","- - -",219.1,0.49814762,,0.01054431,0.00370476,,0.05357652,0.22542035,0.12396694,,,0.0846395,,,,"Slade Cecconi",27500,677944
"Jared Koenig","MIL",120,0.00512558,,0.21988724,,,0.57098924,,0.14351615,,,0.0604818,,,,"Jared Koenig",27517,657649
"Graham Ashcraft","CIN",281,,,0.51684416,,,0.09910889,0.37513584,,,,0.00891111,,,,"Graham Ashcraft",27552,668933
"Carmen Mlodzinski","PIT",175.2,0.40255806,,0.08717604,,,0.07606866,0.29720633,0.03399529,,,0.10299562,,,,"Carmen Mlodzinski",27572,669387
"Hayden Wesneski","- - -",189,0.33050294,,0.09830176,,,0.14761594,0.35989549,0.01534944,,,0.04833442,,,,"Hayden Wesneski",27581,669713
"Logan Allen","CLE",367,0.41674581,,0.11269389,,,0.05017411,0.22697056,,,,0.19341564,,,,"Logan Allen",27589,671106
"Cody Bradford","TEX",132.1,0.53330228,,0.06427573,,,,0.05822077,0.06986493,,,0.27433628,,,,"Cody Bradford",27597,674003
"Mitchell Parker","WSN",304.1,0.51908242,,,0.14961429,,,0.1090134,0.22228989,,,,,,,"Mitchell Parker",27636,680730
"Luis L. Ortiz","- - -",311,0.27037618,,0.11951411,,,0.24666928,0.28232759,,,,0.08111285,,,,"Luis L. Ortiz",27646,682847
"Ken Waldichuk","OAK",141,0.54313725,,,,,,0.27058824,0.02039216,,,0.16588235,,,,"Ken Waldichuk",27681,686610
"Carson Spiers","CIN",117,0.27655502,,0.17320574,,,0.17751196,0.23827751,,,,0.13444976,,,,"Carson Spiers",27685,686730
"Jack Kochanowicz","LAA",176.1,0.15011038,,,,,0.54856512,0.13760118,0.05813098,,,0.10559235,,,,"Jack Kochanowicz",27688,686799
"Louis Varland","- - -",182.2,0.43488529,,0.20175439,,,0.03576248,0.07051282,,0.1717274,,0.08535762,,,,"Louis Varland",27691,686973
"Mitch Spence","OAK",226,,,0.416939,,,0.12527233,0.31372549,0.13316993,,,0.01089325,,,,"Mitch Spence",27707,687765
"Kyle Harrison","- - -",185.2,0.58878505,,,,,0.00032227,0.00741218,0.23718982,,,0.16629069,,,,"Kyle Harrison",27758,690986
"Eury Pérez","MIA",172.1,0.49084125,,,,,0.00474898,0.29715061,0.11906377,,,0.08819539,,,,"Eury Perez",27768,691587
"Bryce Elder","ATL",362.1,0.12615643,,,,,0.40168209,0.34768713,,,,0.12447435,,,,"Bryce Elder",27779,693821
"Brandon Pfaadt","ARI",430.2,0.32884753,,0.02949177,0.00229062,,0.19742305,0.24194703,0.06871868,,,0.13128132,,,,"Brandon Pfaadt",27782,694297
"Gavin Stone","LAD",171.1,0.2537977,,0.07669507,,,0.20896628,0.14449796,0.03445721,,,0.28158577,,,,"Gavin Stone",27792,694813
"Jared Jones","PIT",121.2,0.49267782,,,,,,0.34832636,0.09309623,,,0.06589958,,,,"Jared Jones",27863,683003
"Cade Smith","CLE",140,0.69772626,,,0.20508248,,,0.09719126,,,,,,,,"Cade Smith",27867,671922
"J.T. Ginn","OAK",110.1,0.01151947,,0.08667032,,,0.51782776,0.26714207,,,,0.11684037,,,,"J.T. Ginn",27889,669372
"Joe Boyle","- - -",100.1,0.5700586,,,0.05114544,,,0.34736281,0.03143314,,,,,,,"Joe Boyle",29608,671212
"Bryce Miller","SEA",381.2,0.47295285,,0.01323408,0.11166253,,0.13928867,0.19718776,0.00297767,0.0433416,,0.01935484,,,,"Bryce Miller",29837,682243
"Emmet Sheehan","LAD",120,0.52908447,,,,,,0.2635306,0.03338392,,,0.17400101,,,,"Emmet Sheehan",29839,686218
"Michael McGreevy","STL",102,0.24087591,,0.10285335,,,0.24817518,0.20769741,0.10550763,,,0.09489051,,,,"Michael McGreevy",29869,700241
"Sean Burke","CHW",141,0.42356298,,,,,0.04606604,0.24092947,0.22992254,,,0.05951896,,,,"Sean Burke",29878,680732
"Andrew Abbott","CIN",399,0.50316265,,0.01551205,,,,0.16009036,0.14578313,,,0.17545181,,,,"Andrew Abbott",29911,671096
"Spencer Arrighetti","HOU",180.1,0.39161063,,0.18507845,,,0.01761127,0.11335255,0.20493116,,,0.08741595,,,,"Spencer Arrighetti",29921,681293
"Cade Povich","BAL",175.2,0.39883079,,0.0337772,,,0.10620331,0.12569016,0.20136408,,,0.13413446,,,,"Cade Povich",30055,700249
"David Festa","MIN",117.2,0.36446239,,,,,0.05552751,0.2953054,,,,0.28470469,,,,"David Festa",30056,701581
"Landen Roupp","SFG",157,0.01232777,,0.04350979,,,0.40029007,0.0137781,0.38433648,,,0.1457578,,,,"Landen Roupp",30076,694738
"Chad Patrick","MIL",109.1,0.21829069,,0.41535112,0.00326619,,0.23189984,0.05879151,0.01034295,,,0.0620577,,,,"Chad Patrick",30113,694477
"Robert Suarez","SDP",155.1,0.60809683,,0.0033389,,,0.16777963,0.00834725,,,,0.2124374,,,,"Robert Suarez",30115,663158
"Gavin Williams","CLE",308.2,0.46312465,,0.10421698,,,0.02563626,0.17963961,0.19877392,,,0.02860858,,,,"Gavin Williams",30122,668909
"Brant Hurter","DET",104,0.06246135,,,,,0.51762523,0.30735931,,,,0.11255411,,,,"Brant Hurter",30133,676428
"Tanner Bibee","CLE",477,0.38978941,,0.06662412,,,0.05692406,0.24045948,0.08028079,,,0.16592214,,,,"Tanner Bibee",30134,676440
"Jack Leiter","TEX",168,0.41069012,,0.00405954,,,0.10554804,0.24864682,0.09539919,,,0.13565629,,,,"Jack Leiter",30146,683004
"Will Warren","NYY",169.2,0.3956044,,0.00666001,,,0.22111222,0.21678322,0.05661006,,,0.1032301,,,,"Will Warren",30182,701542
"Noah Cameron","KCR",120,0.27495996,,0.2066204,,,,0.15323011,0.18312867,,,0.18206086,,,,"Noah Cameron",30184,702070
"Spencer Bivens","SFG",122.1,0.06333677,,0.20133883,,,0.41349125,0.14212152,0.03501545,,,0.14469619,,,,"Spencer Bivens",30226,702352
"Bryan Woo","SEA",384.2,0.47688266,,,,,0.24921191,0.2028021,,,,0.07110333,,,,"Bryan Woo",30279,693433
"Hayden Birdsong","SFG",137.2,0.44384198,,,,,,0.21146398,0.16808675,,,0.17660728,,,,"Hayden Birdsong",31635,806185
"Shane Smith","CHW",125.1,0.44799226,,,,,0.10208031,0.12868892,0.14029995,,,0.18093856,,,,"Shane Smith",31687,681343
"Jonathan Cannon","CHW",222.2,0.14756294,,0.2155865,,,0.25388324,0.18559186,,,,0.19737547,,,,"Jonathan Cannon",31730,686563
"Mason Miller","- - -",152,0.57459677,,0.03870968,0.00120968,,,0.35887097,,,,0.0266129,,,,"Mason Miller",31757,695243
"Orion Kerkering","PHI",119.2,0.30405728,,,,,0.16229117,0.53365155,,,,,,,,"Orion Kerkering",31776,689147
"Zebby Matthews","MIN",107,0.40750391,,0.1427827,,,0.03699844,0.25065138,0.06513809,,,0.09692548,,,,"Zebby Matthews",31827,805673
"Kodai Senga","NYM",285,0.34830046,,0.22975241,,0.25786823,0.02391943,0.11728913,0.02266051,,0.00020982,,,,,"Kodai Senga",31838,673540
"Spencer Schwellenbach","ATL",234.1,0.31936416,,0.14277457,0.13294798,,0.08265896,0.19075145,0.13150289,,,,,,,"Spencer Schwellenbach",31846,680885
"Cade Horton","CHC",110,0.50119048,,,,,0.05416667,0.21309524,0.10535714,,,0.12619048,,,,"Cade Horton",31872,690990
"Brad Lord","WSN",109.1,0.5045403,,,,,0.17253121,0.19239501,0.00113507,,,0.12939841,,,,"Brad Lord",31972,695418
"Paul Skenes","PIT",311,0.39312437,,,0.08149646,,0.17654196,0.19271992,0.07340748,,,0.08270981,,,,"Paul Skenes",33677,694973
"Yoshinobu Yamamoto","LAD",245.1,0.37755359,,0.09281211,0.2481715,,0.05624212,0.03127364,0.19394704,,,,,,,"Yoshinobu Yamamoto",33825,808967
"Yuki Matsui","SDP",119,0.4,,,0.28578554,,0.00049875,0.30773067,0.00598504,,,,,,,"Yuki Matsui",33826,673513
"Shota Imanaga","CHC",302.1,0.51178301,,0.00266785,0.31169409,,0.01578479,0.10915963,0.0264562,0.00022232,,0.0222321,,,,"Shota Imanaga",33829,684007
"Yariel Rodríguez","TOR",153.2,0.40972763,,,0.10583658,,0.08832685,0.33501946,0.06108949,,,,,,,"Yariel Rodriguez",33838,684320
"Tomoyuki Sugano","BAL",143.2,0.19393422,,0.12516019,0.23707817,,0.15207176,0.19179838,0.09995728,,,,,,,"Tomoyuki Sugano",35321,608372