,BF,IP,H,ER,BB,SO
Zack Greinke,98.0,19.313999999999997,27.0,32.0,13.0,11.0
Hunter Strickland,76.0,16.983000000000004,15.0,15.0,10.0,9.0
Jordan Lyles,122.0,24.975,40.0,29.0,7.0,13.0
Taylor Clarke,114.0,22.644,35.0,18.0,11.0,13.0
Justin Lawrence,127.0,30.63599999999999,22.0,56.0,13.0,15.0
Will Smith,74.0,18.315000000000005,17.0,11.0,2.0,8.0
Jeffrey Springs,123.0,27.30599999999999,29.0,28.0,12.0,15.0
Jose Cuas,122.0,28.304999999999996,18.0,17.0,19.0,16.0
David Robertson,58.0,12.987000000000005,13.0,6.0,6.0,12.0
Kris Bubic,127.0,27.971999999999994,34.0,70.0,9.0,10.0
Justin Verlander,68.0,14.652000000000006,13.0,13.0,11.0,14.0
James McArthur,120.0,26.972999999999992,29.0,55.0,10.0,22.0
Daniel Lynch IV,118.0,25.641000000000005,32.0,52.0,9.0,14.0
Wade Miley,75.0,17.649000000000004,14.0,12.0,8.0,10.0
Chase Shugart,106.0,24.308999999999994,28.0,27.0,5.0,18.0
Kirby Yates,86.0,17.316000000000006,25.0,27.0,9.0,7.0
Angel Zerpa,138.0,32.966999999999985,29.0,39.0,10.0,15.0
Brad Hand,83.0,16.650000000000006,27.0,13.0,6.0,8.0
Roansy Contreras,128.0,29.636999999999993,29.0,72.0,10.0,16.0
Tyler Anderson,84.0,21.311999999999998,15.0,12.0,5.0,8.0
Yoendrys Gómez,129.0,28.63799999999999,32.0,15.0,11.0,13.0
Carson Fulmer,65.0,13.653000000000004,18.0,10.0,6.0,4.0
Carlos Vargas,117.0,27.638999999999992,28.0,28.0,6.0,16.0
Jaime Barria,70.0,16.983000000000008,13.0,2.0,6.0,5.0
Steven Cruz,136.0,30.303,32.0,32.0,13.0,20.0
Michael Soroka,76.0,19.314000000000004,14.0,7.0,4.0,14.0
Sandy Alcantara,95.0,20.64599999999999,22.0,88.0,11.0,10.0
Enyel De Los Santos,66.0,15.651000000000007,15.0,18.0,4.0,15.0
José Urquidy,76.0,16.317000000000007,18.0,37.0,9.0,4.0
Danny Young,66.0,14.652000000000006,17.0,12.0,5.0,12.0
Kenta Maeda,89.0,19.314000000000004,24.0,15.0,7.0,15.0
Phil Bickford,86.0,17.316000000000006,20.0,10.0,14.0,8.0
Dylan Cease,69.0,15.318000000000007,13.0,4.0,10.0,10.0
Patrick Sandoval,58.0,11.655000000000005,18.0,15.0,5.0,7.0
Jorge Alcala,78.0,20.646000000000004,10.0,3.0,6.0,13.0
Aaron Civale,73.0,17.982000000000003,14.0,13.0,5.0,11.0
Kenny Rosenberg,64.0,14.319000000000004,11.0,18.0,10.0,3.0
Kolby Allard,122.0,27.639,29.0,16.0,10.0,12.0
John Schreiber,73.0,14.652000000000006,17.0,9.0,12.0,7.0
Pedro Avila,107.0,23.976,24.0,9.0,11.0,14.0
Darren McCaughan,59.0,13.986000000000006,11.0,5.0,6.0,10.0
Lake Bachar,102.0,22.644,28.0,13.0,6.0,18.0
Cole Irvin,109.0,24.641999999999996,30.0,32.0,5.0,15.0
José Soriano,80.0,18.648000000000003,15.0,14.0,9.0,12.0
Seranthony Domínguez,134.0,33.632999999999996,22.0,64.0,11.0,22.0
Ryan Zeferjahn,77.0,18.648000000000003,12.0,5.0,9.0,8.0
Anthony Bender,108.0,24.642,20.0,26.0,14.0,18.0
Reid Detmers,87.0,20.313000000000002,20.0,13.0,6.0,12.0
Jack Kochanowicz,71.0,18.981000000000005,12.0,4.0,2.0,7.0
Edward Cabrera,119.0,26.30699999999999,31.0,33.0,9.0,21.0
Braxton Garrett,122.0,27.638999999999996,29.0,70.0,10.0,12.0
Louis Varland,83.0,21.312000000000005,18.0,9.0,1.0,16.0
Cole Ragans,109.0,25.308,23.0,44.0,10.0,13.0
George Soriano,112.0,23.642999999999997,34.0,76.0,7.0,10.0
Justin Sterner,75.0,16.983000000000008,22.0,9.0,2.0,9.0
Gerrit Cole,106.0,24.308999999999976,24.0,270.0,9.0,11.0
Brent Headrick,57.0,11.988000000000003,13.0,3.0,8.0,3.0
Chase Silseth,68.0,13.653000000000006,18.0,14.0,9.0,9.0
Derek Law,122.0,26.30699999999999,32.0,13.0,11.0,11.0
Eduardo Rodriguez,119.0,26.306999999999995,32.0,30.0,8.0,16.0
Carlos Rodón,135.0,28.63799999999999,31.0,23.0,18.0,18.0
Albert Abreu,118.0,23.643,31.0,11.0,16.0,13.0
Génesis Cabrera,116.0,27.305999999999994,27.0,43.0,7.0,14.0
Jimmy Herget,131.0,30.635999999999996,20.0,41.0,19.0,20.0
Tanner Scott,116.0,26.97299999999999,26.0,119.0,9.0,15.0
Ian Hamilton,117.0,25.64099999999999,30.0,42.0,10.0,19.0
Thomas Hatch,131.0,26.639999999999997,39.0,72.0,12.0,12.0
Jacob Webb,123.0,29.969999999999988,29.0,43.0,4.0,13.0
Jonathan Loáisiga,117.0,24.308999999999997,39.0,35.0,5.0,15.0
Shohei Ohtani,129.0,30.30299999999999,29.0,58.0,9.0,18.0
Clarke Schmidt,117.0,22.643999999999995,38.0,19.0,11.0,12.0
José Suarez,123.0,25.307999999999996,36.0,16.0,11.0,19.0
Buck Farmer,137.0,31.967999999999982,26.0,271.0,15.0,16.0
Michael Lorenzen,183.0,41.624999999999986,42.0,98.0,16.0,23.0
Ian Gibaut,159.0,38.29499999999997,31.0,32.0,13.0,18.0
Nestor Cortes,159.0,35.63099999999999,43.0,212.0,9.0,15.0
Dennis Santana,172.0,38.62800000000001,43.0,57.0,13.0,27.0
Tony Santillan,177.0,38.96099999999999,49.0,49.0,11.0,24.0
Hunter Greene,161.0,37.295999999999985,40.0,99.0,9.0,17.0
Lyon Richardson,163.0,34.96499999999999,38.0,50.0,20.0,23.0
Brandon Williamson,156.0,33.63299999999999,32.0,96.0,23.0,15.0
Joe La Sorsa,152.0,34.299,37.0,18.0,12.0,25.0
Nick Lodolo,162.0,38.294999999999995,31.0,111.0,16.0,22.0
Graham Ashcraft,168.0,34.96499999999999,45.0,58.0,18.0,23.0
Carson Spiers,167.0,37.629,42.0,141.0,12.0,19.0
Nathan Eovaldi,95.0,20.645999999999983,26.0,51.0,7.0,13.0
Patrick Corbin,135.0,32.967,25.0,40.0,11.0,13.0
Dallas Keuchel,108.0,21.312,27.0,58.0,17.0,14.0
Joe Kelly,118.0,28.305,17.0,80.0,16.0,17.0
Jacob deGrom,130.0,28.637999999999995,37.0,64.0,7.0,14.0
Merrill Kelly,119.0,25.973999999999997,25.0,95.0,16.0,27.0
Tommy Kahnle,115.0,27.971999999999987,17.0,10.0,14.0,17.0
Jose Quintana,127.0,28.637999999999995,23.0,165.0,18.0,12.0
Robbie Ray,127.0,28.637999999999995,28.0,87.0,13.0,20.0
José Ureña,129.0,25.307999999999996,40.0,73.0,13.0,8.0
Jon Gray,119.0,25.974,27.0,59.0,14.0,18.0
Ben Lively,124.0,27.30599999999999,35.0,161.0,7.0,14.0
Chad Kuhl,107.0,26.972999999999995,20.0,11.0,6.0,18.0
Josh Sborz,121.0,27.971999999999998,27.0,80.0,10.0,22.0
Jacob Latz,126.0,27.639,31.0,132.0,12.0,13.0
Cole Winn,123.0,27.30599999999999,34.0,85.0,7.0,16.0
Cody Bradford,112.0,22.976999999999997,32.0,52.0,11.0,14.0
Clayton Kershaw,73.0,13.320000000000004,22.0,203.0,11.0,11.0
Daniel Hudson,63.0,14.652000000000006,9.0,5.0,10.0,9.0
Jay Jackson,66.0,15.318000000000007,17.0,66.0,3.0,10.0
Blake Treinen,66.0,16.983000000000004,9.0,8.0,6.0,11.0
Nick Ramirez,68.0,15.318000000000007,21.0,75.0,1.0,6.0
Adrian Houser,47.0,7.992000000000003,14.0,6.0,9.0,9.0
Nick Martinez,74.0,14.319000000000006,28.0,23.0,3.0,5.0
Rafael Montero,74.0,15.651000000000007,17.0,141.0,10.0,10.0
Chris Devenski,55.0,12.654000000000005,11.0,119.0,6.0,9.0
Sonny Gray,81.0,18.981000000000005,16.0,8.0,8.0,12.0
John Brebbia,71.0,16.983000000000008,15.0,5.0,5.0,13.0
Burch Smith,76.0,20.313000000000002,10.0,5.0,5.0,7.0
Michael Kelly,74.0,16.983000000000004,20.0,67.0,3.0,6.0
Julio Urías,60.0,13.986000000000006,14.0,8.0,4.0,7.0
Emilio Pagán,80.0,18.981000000000005,18.0,55.0,5.0,10.0
Corey Kluber,73.0,14.652000000000005,22.0,258.0,7.0,9.0
Lance Lynn,79.0,17.649000000000004,19.0,15.0,7.0,13.0
Kenley Jansen,64.0,16.650000000000006,11.0,3.0,3.0,10.0
Max Scherzer,67.0,13.986000000000004,22.0,149.0,3.0,7.0
T.J. McFarland,72.0,17.649000000000004,16.0,4.0,3.0,11.0
Justin Wilson,70.0,17.316000000000006,16.0,4.0,2.0,10.0
Charlie Morton,70.0,15.984000000000007,15.0,55.0,7.0,11.0
Rich Hill,73.0,16.317000000000004,19.0,103.0,5.0,7.0
Jake Diekman,70.0,12.987000000000005,25.0,126.0,6.0,10.0
Brennan Bernardino,73.0,16.650000000000006,18.0,8.0,5.0,6.0
Reed Garrett,81.0,20.646000000000004,14.0,187.0,5.0,21.0
Luke Weaver,71.0,14.985000000000005,21.0,7.0,5.0,9.0
Touki Toussaint,88.0,19.647000000000006,14.0,9.0,15.0,10.0
Jesse Chavez,74.0,15.984000000000005,19.0,283.0,7.0,12.0
Ryan Brasier,92.0,21.645000000000007,23.0,8.0,4.0,10.0
Huascar Brazobán,85.0,17.649000000000004,24.0,7.0,8.0,12.0
Collin McHugh,98.0,20.313000000000002,22.0,15.0,15.0,15.0
Joe Jiménez,91.0,22.311,21.0,106.0,3.0,18.0
Devin Williams,75.0,15.318000000000007,23.0,74.0,6.0,7.0
Zack Littell,89.0,21.645,20.0,99.0,4.0,7.0
Sean Manaea,94.0,24.308999999999997,16.0,195.0,5.0,18.0
Luis Severino,81.0,18.981000000000005,23.0,148.0,1.0,10.0
Ryne Stanek,100.0,24.308999999999997,22.0,75.0,5.0,16.0
Cam Booser,98.0,22.977,19.0,72.0,10.0,11.0
Jordan Romano,81.0,21.645,10.0,3.0,6.0,13.0
James Kaprielian,112.0,27.97199999999998,20.0,309.0,8.0,14.0
Alex Young,136.0,30.96899999999999,32.0,159.0,11.0,20.0
Nick Anderson,155.0,39.96,30.0,209.0,5.0,25.0
Tyler Ferguson,138.0,29.969999999999995,34.0,12.0,14.0,21.0
Kyle Muller,138.0,32.30099999999999,32.0,24.0,9.0,14.0
Zach Pop,127.0,25.973999999999997,37.0,19.0,12.0,6.0
Adrián Martínez,140.0,30.96899999999999,37.0,17.0,10.0,10.0
Jhoan Duran,136.0,30.96899999999999,32.0,125.0,11.0,16.0
Hogan Harris,130.0,27.971999999999998,40.0,21.0,6.0,13.0
Luis Medina,127.0,29.636999999999986,28.0,11.0,10.0,20.0
Zack Wheeler,85.0,17.982000000000003,22.0,517.0,9.0,10.0
Erasmo Ramírez,76.0,16.650000000000006,23.0,106.0,3.0,10.0
Michael Tonkin,79.0,17.316000000000006,21.0,186.0,6.0,7.0
Scott Alexander,76.0,16.650000000000006,21.0,4.0,5.0,7.0
Chris Sale,82.0,20.646,16.0,103.0,4.0,10.0
Taijuan Walker,77.0,19.314,13.0,95.0,6.0,10.0
Chris Martin,100.0,22.311000000000003,29.0,133.0,4.0,12.0
Jason Adam,69.0,15.984000000000007,16.0,7.0,5.0,6.0
Kyle Hendricks,72.0,15.984000000000007,20.0,102.0,4.0,5.0
Scott McGough,73.0,15.984000000000007,19.0,9.0,6.0,12.0
Lance McCullers Jr.,125.0,26.97299999999998,28.0,772.0,16.0,12.0
Bryan Abreu,175.0,40.625999999999976,40.0,15.0,13.0,30.0
Ryan Thompson,142.0,32.30099999999998,38.0,184.0,7.0,18.0
Framber Valdez,167.0,38.29499999999999,29.0,402.0,23.0,28.0
Cristian Javier,167.0,38.294999999999995,42.0,108.0,10.0,14.0
Tanner Rainey,163.0,36.62999999999998,39.0,298.0,14.0,22.0
Ronel Blanco,158.0,36.29699999999998,36.0,21.0,13.0,18.0
Dane Dunning,149.0,32.633999999999986,36.0,15.0,15.0,13.0
Shane Bieber,150.0,33.632999999999996,36.0,120.0,13.0,19.0
Yohan Ramírez,142.0,26.30699999999999,51.0,180.0,12.0,16.0
J.P. France,148.0,33.96599999999998,30.0,12.0,16.0,20.0
Hunter Brown,156.0,34.29899999999999,43.0,212.0,10.0,22.0
Bryan King,131.0,27.305999999999983,41.0,308.0,8.0,13.0
Spencer Arrighetti,161.0,36.63,32.0,223.0,19.0,24.0
Colton Gordon,153.0,32.300999999999995,42.0,84.0,14.0,18.0
Adam Wainwright,75.0,16.983,15.0,404.0,9.0,7.0
Miles Mikolas,62.0,12.987000000000005,20.0,13.0,3.0,7.0
Drew VerHagen,73.0,16.983000000000004,14.0,2.0,8.0,7.0
Marcus Stroman,75.0,13.986000000000006,18.0,111.0,15.0,9.0
Pierce Johnson,70.0,15.318000000000007,14.0,4.0,10.0,9.0
Taylor Rogers,67.0,14.652000000000006,17.0,6.0,6.0,13.0
Lucas Sims,78.0,17.982000000000006,15.0,125.0,9.0,14.0
Matt Bowman,73.0,16.650000000000006,20.0,354.0,3.0,9.0
Blake Snell,41.0,7.6590000000000025,12.0,7.0,6.0,9.0
Steven Okert,66.0,16.650000000000006,12.0,8.0,4.0,6.0
Robert Stephenson,54.0,12.654000000000005,16.0,93.0,0.0,11.0
Logan Webb,167.0,36.629999999999974,40.0,309.0,17.0,21.0
Ryan Walker,247.0,55.61099999999998,48.0,611.0,32.0,37.0
Sean Hjelle,241.0,54.278999999999996,54.0,226.0,24.0,31.0
Tristan Beck,228.0,53.613,48.0,142.0,19.0,23.0
Keaton Winn,240.0,51.282,69.0,465.0,17.0,25.0
Randy Rodríguez,222.0,49.283999999999985,56.0,354.0,18.0,24.0
Erik Miller,228.0,51.614999999999974,53.0,382.0,20.0,32.0
Landen Roupp,228.0,52.280999999999985,47.0,184.0,24.0,30.0
Spencer Bivens,227.0,48.951,68.0,497.0,12.0,24.0
Andrés Machado,81.0,18.314999999999994,23.0,233.0,3.0,7.0
Anthony Banda,102.0,23.310000000000002,22.0,267.0,10.0,15.0
Trevor Williams,101.0,25.307999999999996,13.0,1.0,12.0,15.0
Tanner Banks,101.0,21.644999999999996,29.0,128.0,7.0,10.0
Jake Irvin,101.0,25.640999999999995,17.0,105.0,7.0,14.0
Mason Thompson,109.0,26.639999999999993,24.0,147.0,5.0,13.0
MacKenzie Gore,104.0,23.643,27.0,144.0,6.0,16.0
DL Hall,97.0,19.313999999999997,27.0,10.0,12.0,10.0
Jeremiah Estrada,119.0,26.307,30.0,230.0,10.0,10.0
Joan Adon,96.0,19.647000000000006,32.0,272.0,5.0,11.0
Eduardo Salazar,84.0,20.313000000000002,14.0,136.0,9.0,9.0
Osvaldo Bido,101.0,22.311000000000003,26.0,363.0,8.0,13.0
Jose A. Ferrer,90.0,20.313000000000002,24.0,229.0,5.0,13.0
Ronny Henriquez,84.0,20.979,15.0,4.0,6.0,15.0
Josiah Gray,106.0,24.974999999999998,22.0,234.0,9.0,10.0
Ty Blach,55.0,11.322000000000005,19.0,130.0,2.0,5.0
Tyler Glasnow,52.0,11.322000000000003,14.0,9.0,4.0,5.0
Germán Márquez,39.0,7.992000000000001,13.0,106.0,2.0,2.0
Tim Mayza,51.0,11.655000000000005,8.0,359.0,8.0,7.0
Trevor Gott,43.0,10.656000000000004,8.0,4.0,3.0,8.0
Austin Voth,54.0,13.320000000000006,9.0,143.0,5.0,8.0
Yency Almonte,48.0,9.990000000000004,15.0,6.0,3.0,6.0
Rob Zastryzny,45.0,11.655000000000005,7.0,5.0,3.0,4.0
Justin Topa,60.0,12.654000000000005,19.0,146.0,3.0,7.0
Keynan Middleton,48.0,10.656000000000004,10.0,2.0,6.0,8.0
Austin Pruitt,56.0,13.986000000000006,10.0,116.0,4.0,8.0
Andrew Heaney,51.0,11.988000000000003,10.0,3.0,5.0,4.0
Albert Suárez,71.0,15.318000000000007,21.0,442.0,4.0,5.0
José Cisnero,79.0,17.649000000000004,16.0,8.0,10.0,9.0
Alex Cobb,70.0,17.316000000000006,10.0,3.0,8.0,9.0
Carlos Carrasco,80.0,17.982,17.0,479.0,9.0,10.0
Craig Kimbrel,86.0,19.314000000000004,17.0,290.0,11.0,12.0
Julio Teheran,75.0,18.648000000000003,13.0,129.0,6.0,9.0
Johnny Cueto,66.0,14.985000000000005,15.0,111.0,6.0,4.0
Chase Anderson,86.0,17.982000000000006,20.0,17.0,12.0,9.0
Martín Pérez,61.0,13.986000000000006,11.0,124.0,8.0,3.0
Luis García,81.0,16.983000000000008,25.0,168.0,5.0,8.0
Ryan Pressly,81.0,18.315000000000005,13.0,1.0,13.0,11.0
Fernando Cruz,68.0,13.653000000000006,20.0,136.0,7.0,4.0
Dean Kremer,70.0,15.651000000000007,16.0,151.0,7.0,8.0
Lucas Erceg,77.0,16.650000000000006,20.0,221.0,7.0,9.0
Mitch Keller,85.0,19.97999999999999,21.0,151.0,4.0,18.0
Isaac Mattson,123.0,28.970999999999993,32.0,331.0,4.0,12.0
Josh Fleming,97.0,19.98,22.0,271.0,15.0,6.0
Dauri Moreta,111.0,23.310000000000002,35.0,179.0,6.0,15.0
Alexis Díaz,115.0,25.307999999999996,31.0,287.0,8.0,13.0
Connor Brogdon,105.0,22.644,28.0,147.0,9.0,13.0
Jose E. Hernandez,106.0,23.642999999999997,27.0,192.0,8.0,16.0
Colin Holderman,124.0,29.303999999999995,25.0,294.0,11.0,22.0
Johan Oviedo,118.0,27.638999999999992,27.0,253.0,8.0,16.0
Taj Bradley,131.0,29.969999999999995,28.0,165.0,13.0,23.0
Braxton Ashcraft,114.0,25.308000000000003,28.0,335.0,10.0,14.0
Ryan Weathers,121.0,24.641999999999996,36.0,414.0,11.0,17.0
Mike Burrows,120.0,26.639999999999997,31.0,319.0,9.0,12.0
Carmen Mlodzinski,114.0,25.973999999999993,28.0,13.0,8.0,16.0
Hayden Wesneski,130.0,32.633999999999986,27.0,565.0,5.0,23.0
Davis Daniel,132.0,29.969999999999985,35.0,20.0,7.0,11.0
Kyle Nicolas,120.0,28.970999999999993,26.0,147.0,7.0,15.0
Jared Jones,113.0,27.638999999999992,16.0,134.0,14.0,12.0
Paul Skenes,121.0,29.63699999999999,20.0,171.0,12.0,13.0
Zach Davies,72.0,16.983,16.0,598.0,5.0,7.0
Jordan Weems,88.0,19.314000000000004,21.0,345.0,9.0,11.0
Michael Fulmer,78.0,16.650000000000006,21.0,1.0,7.0,12.0
Ross Stripling,68.0,14.985000000000007,20.0,6.0,3.0,6.0
Danny Coulombe,94.0,18.648000000000007,30.0,480.0,8.0,7.0
Hoby Milner,80.0,20.313000000000002,14.0,152.0,5.0,4.0
Steven Matz,78.0,18.315000000000005,16.0,143.0,7.0,14.0
Dylan Floro,86.0,17.982000000000006,26.0,14.0,6.0,4.0
Joe Mantiply,83.0,18.315000000000005,18.0,10.0,10.0,9.0
Sam Moll,65.0,12.321000000000005,15.0,9.0,13.0,6.0
Zac Gallen,78.0,16.983000000000008,20.0,322.0,7.0,3.0
Trevor Richards,103.0,23.310000000000002,27.0,159.0,6.0,10.0
Cal Quantrill,76.0,14.985000000000007,20.0,169.0,11.0,6.0
Eric Lauer,67.0,16.317000000000007,14.0,6.0,4.0,7.0
Joey Lucchesi,101.0,19.314000000000007,32.0,15.0,11.0,12.0
Matt Festa,81.0,17.649000000000004,24.0,452.0,4.0,6.0
Garrett Cleavinger,101.0,23.309999999999985,25.0,311.0,6.0,14.0
Trent Thornton,168.0,38.96099999999998,36.0,535.0,15.0,26.0
Tyler Gilbert,134.0,30.302999999999994,37.0,322.0,6.0,14.0
Brock Burke,148.0,33.965999999999994,34.0,464.0,12.0,21.0
Pete Fairbanks,138.0,32.63399999999999,31.0,710.0,9.0,18.0
Manuel Rodríguez,132.0,32.633999999999986,29.0,148.0,5.0,15.0
Eduard Bazardo,143.0,30.968999999999994,41.0,20.0,9.0,23.0
Shane McClanahan,151.0,31.96799999999999,45.0,354.0,10.0,22.0
Stephen Kolek,135.0,31.96799999999999,32.0,341.0,7.0,10.0
Shane Baz,156.0,36.296999999999976,33.0,171.0,14.0,21.0
Drew Rasmussen,147.0,32.63399999999999,34.0,299.0,15.0,22.0
Brandon Woodruff,138.0,28.970999999999986,37.0,473.0,14.0,18.0
Trevor Megill,186.0,44.28899999999998,42.0,1176.0,11.0,22.0
Nabil Crismatt,166.0,38.961000000000006,35.0,7.0,14.0,25.0
Freddy Peralta,164.0,37.962,41.0,306.0,9.0,15.0
Tobias Myers,161.0,35.96399999999999,42.0,357.0,11.0,20.0
Aaron Ashby,167.0,34.29899999999999,47.0,383.0,17.0,21.0
Abner Uribe,158.0,34.96499999999999,39.0,374.0,14.0,23.0
Nick Mears,209.0,48.285000000000004,51.0,401.0,13.0,30.0
Brady Singer,149.0,33.96599999999999,34.0,10.0,13.0,18.0
Sam Long,183.0,42.95699999999999,29.0,19.0,25.0,22.0
Chris Bassitt,80.0,16.650000000000006,25.0,570.0,5.0,12.0
Colin Rea,88.0,20.313000000000006,22.0,222.0,5.0,9.0
Jacob Barnes,71.0,15.651000000000007,20.0,9.0,4.0,5.0
Seth Lugo,83.0,17.316000000000006,21.0,334.0,10.0,7.0
Kevin Gausman,73.0,15.318000000000005,21.0,207.0,6.0,11.0
José Berríos,87.0,22.311,14.0,176.0,6.0,9.0
Josh Hader,89.0,21.312,19.0,346.0,6.0,9.0
Wandy Peralta,81.0,16.650000000000006,20.0,9.0,11.0,14.0
Frankie Montas,60.0,12.654000000000005,15.0,209.0,7.0,6.0
Joel Payamps,88.0,20.313000000000002,20.0,156.0,7.0,16.0
Hyun Jin Ryu,71.0,14.985000000000007,16.0,11.0,10.0,8.0
José Leclerc,83.0,18.315000000000005,22.0,358.0,6.0,8.0
Jorge López,82.0,18.648000000000003,19.0,6.0,7.0,8.0
Carlos Estévez,68.0,14.652000000000006,17.0,1.0,7.0,5.0
Joe Musgrove,103.0,22.31099999999999,25.0,802.0,11.0,9.0
Joe Ross,139.0,30.635999999999996,37.0,31.0,10.0,11.0
Andrew Chafin,132.0,29.636999999999993,28.0,152.0,15.0,14.0
Anthony DeSclafani,154.0,34.63199999999999,35.0,193.0,15.0,21.0
Yu Darvish,124.0,28.970999999999993,27.0,216.0,10.0,17.0
Adrian Morejon,136.0,29.969999999999988,38.0,183.0,8.0,17.0
Kaleb Ort,138.0,30.635999999999992,33.0,366.0,13.0,16.0
Bailey Falter,144.0,31.301999999999985,43.0,418.0,7.0,15.0
Chris Paddack,139.0,29.63699999999999,43.0,978.0,7.0,11.0
Calvin Faucher,135.0,29.63699999999999,31.0,9.0,15.0,18.0
Adam Oller,122.0,27.305999999999994,26.0,409.0,14.0,16.0
Nate Pearson,139.0,34.964999999999996,25.0,348.0,9.0,21.0
Matt Waldron,126.0,29.969999999999985,26.0,176.0,10.0,19.0
Xzavion Curry,142.0,35.29799999999999,25.0,201.0,11.0,14.0
Pablo López,128.0,28.30499999999998,38.0,238.0,5.0,13.0
Bailey Ober,192.0,47.951999999999984,42.0,376.0,6.0,23.0
Jake Bird,202.0,50.28299999999998,42.0,821.0,9.0,34.0
Andre Jackson,194.0,46.287000000000006,40.0,928.0,15.0,25.0
Joe Ryan,216.0,51.61500000000002,50.0,534.0,11.0,25.0
Yerry De los Santos,179.0,38.961000000000006,47.0,416.0,15.0,17.0
Cole Sands,202.0,46.61999999999999,49.0,999.0,13.0,23.0
Simeon Woods Richardson,199.0,48.951,35.0,235.0,17.0,30.0
Kody Funderburk,203.0,48.28499999999998,49.0,495.0,9.0,29.0
David Festa,193.0,44.62199999999999,47.0,225.0,12.0,31.0
Zebby Matthews,198.0,45.62099999999998,52.0,426.0,9.0,25.0
Luis Castillo,99.0,23.642999999999986,19.0,232.0,9.0,13.0
Brad Keller,153.0,33.96599999999999,34.0,766.0,17.0,19.0
Gabe Speier,137.0,30.968999999999987,33.0,418.0,11.0,16.0
Jalen Beeks,141.0,31.301999999999996,33.0,19.0,14.0,15.0
Tayler Saucedo,121.0,25.97399999999999,34.0,11.0,9.0,13.0
Andrés Muñoz,133.0,30.63599999999999,30.0,693.0,11.0,27.0
Greg Weissert,152.0,30.968999999999998,42.0,252.0,17.0,12.0
Logan Gilbert,136.0,31.634999999999987,30.0,23.0,11.0,18.0
George Kirby,127.0,29.303999999999988,32.0,347.0,7.0,19.0
Matt Brash,156.0,34.298999999999985,36.0,1268.0,17.0,24.0
Noah Davis,131.0,28.637999999999995,31.0,380.0,14.0,17.0
Emerson Hancock,128.0,31.301999999999985,28.0,161.0,6.0,14.0
Mike Clevinger,116.0,25.973999999999982,27.0,431.0,11.0,11.0
Andrew Kittredge,188.0,42.29099999999999,50.0,1244.0,11.0,25.0
Shawn Armstrong,181.0,38.295,52.0,16.0,14.0,27.0
Justin Anderson,180.0,40.626,38.0,880.0,20.0,26.0
Spencer Turnbull,200.0,46.620000000000005,52.0,878.0,8.0,27.0
Davis Martin,192.0,47.28599999999999,39.0,254.0,11.0,26.0
Sean Burke,198.0,42.291000000000004,52.0,428.0,19.0,26.0
Jordan Leasure,173.0,38.96099999999999,40.0,598.0,16.0,17.0
Mike Vasil,184.0,42.956999999999994,34.0,437.0,21.0,29.0
Shane Smith,206.0,48.61799999999998,52.0,457.0,8.0,23.0
Jonathan Cannon,181.0,38.627999999999986,41.0,194.0,24.0,22.0
Jameson Taillon,70.0,17.649,11.0,629.0,6.0,7.0
Luke Jackson,82.0,19.980000000000008,18.0,10.0,4.0,12.0
Drew Smyly,69.0,16.317000000000007,14.0,194.0,6.0,8.0
Noah Syndergaard,71.0,15.984000000000007,17.0,498.0,6.0,10.0
Héctor Neris,80.0,19.647000000000002,16.0,472.0,5.0,12.0
James Paxton,67.0,15.651000000000007,12.0,6.0,8.0,7.0
Julian Merryweather,69.0,15.651000000000007,18.0,248.0,4.0,11.0
Brock Stewart,75.0,15.318000000000007,24.0,8.0,5.0,8.0
Tim Hill,65.0,15.318000000000007,16.0,8.0,3.0,6.0
Justin Steele,73.0,14.985000000000007,22.0,462.0,6.0,9.0
Erick Fedde,73.0,15.984000000000007,21.0,16.0,4.0,8.0
Jeff Hoffman,68.0,16.317000000000007,16.0,4.0,3.0,19.0
Jonathan Hernández,75.0,15.318000000000005,20.0,567.0,9.0,13.0
Jack Flaherty,64.0,13.986000000000006,14.0,366.0,8.0,7.0
Adbert Alzolay,67.0,16.650000000000006,14.0,10.0,3.0,12.0
Brooks Raley,111.0,26.639999999999976,25.0,268.0,6.0,20.0
Caleb Thielbar,198.0,44.28899999999997,45.0,1637.0,20.0,31.0
Kyle Gibson,164.0,35.96399999999998,38.0,471.0,18.0,17.0
Shelby Miller,181.0,37.96199999999999,48.0,815.0,19.0,27.0
Aroldis Chapman,170.0,35.964,45.0,1169.0,17.0,28.0
Edwin Díaz,176.0,38.29499999999999,48.0,32.0,13.0,21.0
Paul Blackburn,186.0,39.959999999999994,42.0,400.0,24.0,23.0
Drew Smith,170.0,39.29399999999999,35.0,277.0,17.0,17.0
David Peterson,164.0,35.96399999999999,45.0,468.0,11.0,21.0
Tylor Megill,178.0,39.294000000000004,48.0,27.0,12.0,18.0
Bennett Sousa,172.0,36.629999999999995,45.0,230.0,17.0,19.0
Jason Foley,87.0,19.31399999999999,23.0,271.0,6.0,9.0
David Bednar,110.0,24.30899999999999,29.0,241.0,8.0,10.0
Will Vest,103.0,25.640999999999995,18.0,242.0,8.0,15.0
Alex Faedo,92.0,17.649000000000004,27.0,231.0,12.0,7.0
Alex Lange,106.0,23.976,21.0,203.0,13.0,17.0
Matt Manning,80.0,18.648000000000007,19.0,224.0,5.0,9.0
Casey Mize,92.0,21.311999999999998,18.0,217.0,10.0,12.0
Tarik Skubal,104.0,23.310000000000002,23.0,270.0,11.0,16.0
Trevor Rogers,103.0,23.309999999999995,26.0,241.0,7.0,11.0
Triston McKenzie,78.0,12.987000000000005,22.0,520.0,17.0,13.0
Phil Maton,96.0,18.981000000000005,29.0,19.0,10.0,12.0
Ryan Helsley,99.0,21.978,26.0,531.0,7.0,17.0
Tyler Kinley,97.0,19.647000000000002,28.0,6.0,10.0,10.0
Sam Hentges,83.0,18.981,18.0,8.0,8.0,11.0
A.J. Minter,100.0,19.98,26.0,691.0,14.0,11.0
Jake Woodford,88.0,19.980000000000004,21.0,513.0,7.0,10.0
Trevor Stephan,112.0,24.974999999999998,24.0,474.0,13.0,17.0
Jesús Luzardo,95.0,21.977999999999998,21.0,273.0,8.0,15.0
Joey Wentz,103.0,20.979,27.0,9.0,13.0,8.0
Tyson Miller,109.0,22.977,30.0,21.0,10.0,8.0
Bryse Wilson,90.0,17.316000000000003,32.0,716.0,6.0,4.0
Emmanuel Clase,78.0,15.651000000000007,27.0,9.0,4.0,5.0
Seth Martinez,91.0,22.644,18.0,3.0,5.0,16.0
Joey Cantillo,111.0,22.976999999999993,31.0,674.0,11.0,18.0
Robert Garcia,104.0,21.312000000000005,36.0,17.0,4.0,13.0
Tim Herrin,97.0,22.311,24.0,17.0,6.0,13.0
Jonathan Bowlan,100.0,22.311,20.0,2.0,13.0,10.0
Gregory Santos,94.0,18.981,30.0,24.0,7.0,11.0
Camilo Doval,112.0,27.305999999999994,19.0,79.0,11.0,22.0
Alec Marsh,131.0,28.30499999999999,30.0,17.0,16.0,14.0
Garrett Crochet,123.0,27.97199999999999,27.0,13.0,12.0,19.0
John King,121.0,29.96999999999999,18.0,8.0,13.0,18.0
Valente Bellozo,126.0,27.305999999999997,38.0,16.0,6.0,8.0
Andrew Nardi,115.0,24.642000000000003,31.0,42.0,10.0,10.0
Noah Cameron,136.0,30.635999999999996,33.0,26.0,11.0,22.0
Quinn Priester,115.0,27.30599999999999,25.0,65.0,8.0,13.0
Max Meyer,125.0,29.636999999999993,24.0,121.0,12.0,17.0
Eury Pérez,108.0,22.976999999999997,31.0,33.0,8.0,12.0
Cade Gibson,122.0,27.971999999999994,19.0,15.0,19.0,16.0
Bryan Hudson,133.0,28.97099999999999,27.0,78.0,19.0,17.0
Luis Gil,121.0,23.31,34.0,89.0,17.0,12.0
Will Warren,141.0,30.635999999999992,36.0,91.0,13.0,11.0
Cam Schlittler,147.0,30.96899999999999,44.0,55.0,10.0,16.0
Andrew Abbott,162.0,37.29599999999999,39.0,85.0,11.0,12.0
Jack Leiter,132.0,28.970999999999993,39.0,206.0,6.0,13.0
Kumar Rocker,118.0,28.304999999999996,21.0,105.0,12.0,27.0
Evan Phillips,65.0,13.320000000000006,16.0,52.0,9.0,8.0
Tyler Alexander,65.0,15.984000000000007,9.0,54.0,8.0,11.0
Tony Gonsolin,73.0,17.316000000000006,17.0,13.0,4.0,7.0
Colin Poche,62.0,15.318000000000007,11.0,152.0,5.0,10.0
Brusdar Graterol,87.0,21.645000000000003,19.0,65.0,3.0,14.0
Michael Grove,71.0,13.986000000000006,25.0,62.0,4.0,12.0
Alex Vesia,70.0,20.979000000000003,5.0,133.0,2.0,6.0
Jacob Lopez,81.0,19.314000000000004,18.0,100.0,5.0,10.0
Bobby Miller,69.0,15.984000000000007,16.0,72.0,5.0,8.0
Landon Knack,70.0,15.984000000000007,18.0,60.0,4.0,13.0
Gavin Stone,67.0,15.318000000000005,11.0,6.0,10.0,7.0
Emmet Sheehan,71.0,16.983000000000008,17.0,6.0,3.0,9.0
Ryan Bergert,67.0,14.319000000000006,18.0,5.0,6.0,8.0
Ben Casparius,87.0,22.644,12.0,85.0,7.0,14.0
Jack Dreyer,60.0,12.654000000000005,17.0,1.0,5.0,5.0
Justin Wrobleski,64.0,14.319000000000006,17.0,73.0,4.0,5.0
Yoshinobu Yamamoto,64.0,13.320000000000006,17.0,63.0,7.0,7.0
Sean Newcomb,72.0,15.984000000000007,19.0,137.0,5.0,12.0
Tanner Houck,81.0,21.312,11.0,70.0,6.0,10.0
Garrett Whitlock,82.0,20.313000000000006,15.0,6.0,6.0,16.0
Eli Morgan,71.0,16.650000000000006,18.0,65.0,3.0,12.0
Mike Baumann,72.0,16.317000000000004,17.0,7.0,6.0,10.0
Griffin Jax,83.0,18.981000000000005,21.0,65.0,5.0,13.0
Zack Kelly,75.0,19.647000000000006,11.0,55.0,5.0,7.0
Steven Wilson,68.0,15.318000000000005,14.0,6.0,8.0,6.0
Kutter Crawford,63.0,14.985000000000007,14.0,5.0,4.0,6.0
Edwin Uceta,69.0,16.317000000000007,13.0,70.0,7.0,8.0
Grant Anderson,76.0,17.982000000000006,20.0,132.0,2.0,8.0
Josh Winckowski,82.0,17.649000000000004,18.0,72.0,11.0,8.0
Brayan Bello,73.0,16.317000000000007,19.0,69.0,5.0,7.0
Justin Slaten,65.0,12.987000000000005,19.0,9.0,7.0,5.0
Chris Murphy,70.0,16.317000000000007,15.0,86.0,6.0,11.0
Richard Fitts,79.0,17.649000000000004,22.0,12.0,4.0,13.0
Hunter Dobbins,76.0,19.314,12.0,228.0,6.0,14.0
John Curtiss,83.0,18.981,20.0,189.0,6.0,7.0
Grant Holmes,77.0,15.984000000000005,25.0,11.0,4.0,6.0
Raisel Iglesias,101.0,24.974999999999998,19.0,138.0,7.0,13.0
Domingo Germán,93.0,23.310000000000002,19.0,165.0,4.0,9.0
Dylan Lee,84.0,18.315000000000005,26.0,91.0,3.0,14.0
Daysbel Hernández,80.0,18.315000000000005,20.0,6.0,5.0,11.0
Spencer Strider,91.0,20.646,18.0,79.0,11.0,14.0
Slade Cecconi,83.0,18.648000000000003,20.0,14.0,7.0,12.0
Bryce Elder,89.0,19.647000000000006,23.0,13.0,7.0,7.0
Dylan Dodd,77.0,17.649000000000004,19.0,153.0,5.0,10.0
AJ Smith-Shawver,109.0,25.308,23.0,103.0,10.0,11.0
Spencer Schwellenbach,87.0,22.977,14.0,84.0,4.0,16.0
Hurston Waldrep,83.0,18.315000000000005,20.0,92.0,8.0,11.0
Elvis Peguero,168.0,41.95799999999999,30.0,342.0,12.0,19.0
Joey Estes,142.0,34.299,27.0,438.0,12.0,16.0
Ken Waldichuk,138.0,33.3,30.0,91.0,8.0,17.0
Mitch Spence,139.0,30.636,33.0,428.0,14.0,15.0
Kyle Harrison,121.0,26.972999999999995,30.0,160.0,10.0,18.0
J.T. Ginn,143.0,32.63399999999999,30.0,86.0,15.0,22.0
Yimi García,84.0,17.316000000000006,22.0,239.0,10.0,6.0
Matt Strahm,69.0,14.319000000000006,21.0,102.0,5.0,8.0
Austin Adams,67.0,15.651000000000007,16.0,57.0,4.0,10.0
Paul Sewald,70.0,17.649000000000004,15.0,144.0,2.0,9.0
Chris Flexen,94.0,21.978,21.0,5.0,7.0,12.0
Brent Suter,88.0,18.315000000000005,27.0,200.0,6.0,16.0
Michael Wacha,70.0,16.317000000000007,16.0,102.0,5.0,7.0
Yunior Marte,79.0,16.983000000000008,17.0,119.0,11.0,8.0
Aaron Nola,72.0,17.982000000000006,14.0,8.0,4.0,12.0
Ranger Suárez,77.0,18.648000000000003,17.0,4.0,4.0,10.0
Michael Kopech,92.0,18.981000000000005,27.0,15.0,8.0,15.0
José Alvarado,70.0,16.317000000000007,15.0,154.0,6.0,10.0
Cristopher Sánchez,91.0,20.979000000000003,20.0,9.0,8.0,7.0
Max Lazar,87.0,20.313000000000002,20.0,71.0,6.0,9.0
JP Sears,71.0,16.317000000000007,19.0,4.0,3.0,11.0
Tom Cosgrove,68.0,14.319000000000006,16.0,88.0,9.0,7.0
Hunter Stratton,82.0,18.648000000000003,22.0,7.0,4.0,10.0
Ron Marinaccio,70.0,14.985000000000007,21.0,92.0,4.0,8.0
Orion Kerkering,64.0,14.985000000000007,14.0,6.0,5.0,9.0
Jakob Junis,73.0,16.317000000000007,18.0,87.0,6.0,12.0
Clay Holmes,64.0,13.986000000000006,19.0,6.0,3.0,7.0
Tayler Scott,75.0,17.316000000000006,18.0,355.0,5.0,9.0
Max Fried,58.0,12.987000000000005,16.0,3.0,3.0,3.0
Chris Stratton,70.0,16.983000000000008,13.0,8.0,6.0,6.0
Dominic Leone,68.0,14.319000000000006,17.0,5.0,8.0,3.0
JT Chargois,65.0,13.653000000000004,18.0,112.0,6.0,7.0
Zach Eflin,56.0,11.988000000000005,19.0,8.0,1.0,5.0
Alex Wood,54.0,10.989000000000004,16.0,102.0,5.0,6.0
Giovanny Gallegos,64.0,14.985000000000007,15.0,219.0,4.0,8.0
Scott Barlow,56.0,11.988000000000005,12.0,127.0,8.0,9.0
Kyle Finnegan,65.0,14.319000000000004,18.0,240.0,4.0,6.0
JoJo Romero,62.0,12.654000000000005,14.0,3.0,10.0,5.0
Riley O'Brien,70.0,15.984000000000007,14.0,6.0,8.0,10.0
Matthew Liberatore,46.0,7.6590000000000025,20.0,7.0,3.0,5.0
Kyle Leahy,54.0,12.654000000000005,9.0,4.0,7.0,4.0
Ryan Fernandez,67.0,14.319000000000006,16.0,8.0,8.0,8.0
Hayden Birdsong,238.0,52.946999999999996,54.0,234.0,25.0,31.0
Jackson Rutledge,95.0,17.649000000000004,33.0,336.0,9.0,9.0
Ryan Pepiot,105.0,23.309999999999995,23.0,13.0,12.0,12.0
DJ Herz,102.0,23.642999999999994,19.0,11.0,12.0,14.0
Cole Henry,107.0,21.978,33.0,289.0,8.0,11.0
Mitchell Parker,82.0,15.318000000000007,25.0,5.0,11.0,9.0
Luis L. Ortiz,81.0,18.980999999999998,15.0,113.0,9.0,10.0
Brandon Eisert,100.0,20.979000000000003,25.0,252.0,12.0,13.0
Brad Lord,90.0,21.644999999999996,16.0,143.0,9.0,16.0
Matthew Boyd,49.0,12.654000000000005,7.0,92.0,4.0,6.0
Nick Pivetta,51.0,11.655000000000005,13.0,150.0,3.0,5.0
Marco Gonzales,45.0,10.323000000000004,9.0,152.0,5.0,3.0
Lucas Giolito,40.0,8.991000000000003,8.0,2.0,5.0,3.0
Antonio Senzatela,51.0,12.321000000000005,12.0,139.0,2.0,6.0
Hunter Harvey,48.0,9.990000000000004,16.0,4.0,2.0,3.0
Kendall Graveman,54.0,12.987000000000005,12.0,157.0,3.0,7.0
Tyler Rogers,51.0,11.322000000000003,14.0,109.0,3.0,6.0
Mark Leiter Jr.,33.0,5.9940000000000015,11.0,2.0,4.0,5.0
Kyle Freeland,38.0,6.993000000000002,12.0,152.0,5.0,4.0
Aaron Bummer,36.0,8.325000000000003,5.0,2.0,6.0,3.0
Jesus Tinoco,50.0,10.989000000000004,10.0,8.0,7.0,10.0
Ryan Borucki,47.0,9.990000000000002,11.0,140.0,6.0,8.0
Tyler Mahle,52.0,9.657000000000002,18.0,15.0,5.0,3.0
Reynaldo López,38.0,7.6590000000000025,13.0,4.0,2.0,2.0
Yonny Chirinos,46.0,10.656000000000004,9.0,396.0,5.0,6.0
Victor González,55.0,11.988000000000005,14.0,106.0,5.0,5.0
Scott Blewett,50.0,11.655000000000005,11.0,124.0,4.0,7.0
Brent Honeywell,47.0,8.991000000000003,16.0,7.0,4.0,2.0
Corbin Burnes,80.0,17.982000000000006,20.0,247.0,6.0,12.0
Keegan Akin,61.0,11.655000000000003,23.0,10.0,3.0,9.0
Walker Buehler,63.0,12.654000000000005,18.0,272.0,7.0,7.0
Cionel Pérez,78.0,16.650000000000006,21.0,10.0,7.0,11.0
Jordan Hicks,77.0,16.650000000000006,20.0,251.0,7.0,9.0
Jason Alexander,73.0,15.984000000000007,15.0,167.0,10.0,10.0
Gregory Soto,63.0,13.653000000000004,16.0,10.0,6.0,6.0
Connor Seabold,83.0,17.316000000000006,31.0,158.0,0.0,7.0
Dustin May,57.0,12.321000000000005,12.0,166.0,8.0,7.0
Tyler Wells,75.0,15.318000000000007,21.0,12.0,8.0,8.0
Félix Bautista,59.0,14.652000000000006,10.0,123.0,5.0,7.0
Grayson Rodriguez,66.0,13.320000000000006,20.0,6.0,6.0,5.0
Kyle Bradish,69.0,15.318000000000007,18.0,8.0,5.0,6.0
Austin Cox,84.0,19.314000000000004,19.0,8.0,7.0,12.0
Yennier Cano,51.0,11.988000000000005,13.0,4.0,2.0,8.0
Brandon Young,75.0,17.982000000000006,18.0,148.0,3.0,8.0
Cade Povich,62.0,13.986000000000004,14.0,149.0,6.0,3.0
Richard Lovelady,78.0,18.315000000000005,13.0,584.0,10.0,10.0
A.J. Puk,86.0,22.311,16.0,11.0,3.0,14.0
Caleb Ferguson,75.0,15.984000000000005,25.0,186.0,2.0,14.0
Kevin Ginkel,78.0,18.648000000000007,17.0,188.0,5.0,9.0
Kyle Nelson,89.0,18.315,28.0,10.0,6.0,9.0
Nick Sandlin,79.0,18.648000000000003,17.0,144.0,6.0,16.0
Justin Martinez,80.0,18.648000000000007,17.0,460.0,7.0,10.0
Ryne Nelson,79.0,18.648000000000003,19.0,10.0,4.0,7.0
Tommy Henry,85.0,18.315000000000005,23.0,13.0,7.0,6.0
Bryan Hoeing,83.0,15.984000000000007,21.0,13.0,14.0,12.0
Bryce Jarvis,91.0,21.312,20.0,135.0,7.0,9.0
Brandon Pfaadt,74.0,17.316000000000006,17.0,11.0,5.0,11.0
Jhony Brito,141.0,32.96699999999999,30.0,317.0,12.0,13.0
Kevin Kelly,148.0,35.297999999999995,31.0,337.0,11.0,29.0
Ian Seymour,156.0,36.29699999999999,33.0,209.0,14.0,14.0
Mason Montgomery,138.0,35.29799999999998,27.0,319.0,5.0,21.0
Jared Koenig,183.0,42.62399999999997,35.0,876.0,20.0,33.0
Chad Patrick,160.0,36.29699999999999,38.0,664.0,13.0,18.0
Jacob Misiorowski,182.0,39.62699999999999,50.0,27.0,13.0,27.0
José Ruiz,62.0,14.319000000000006,15.0,152.0,4.0,8.0
Chad Green,80.0,16.983000000000008,21.0,7.0,8.0,8.0
Miguel Castro,85.0,18.648000000000003,21.0,14.0,8.0,11.0
Erik Swanson,72.0,17.649000000000008,16.0,203.0,3.0,8.0
Tommy Nance,81.0,18.648000000000003,17.0,378.0,8.0,12.0
Jesse Scholtens,75.0,16.650000000000006,21.0,9.0,4.0,8.0
Dakota Hudson,72.0,17.649000000000008,16.0,7.0,3.0,8.0
Bowden Francis,72.0,16.317000000000007,14.0,342.0,9.0,6.0
Tyler Phillips,88.0,19.980000000000004,21.0,159.0,7.0,13.0
Yusei Kikuchi,77.0,16.317000000000004,19.0,378.0,9.0,9.0
Brendon Little,65.0,13.986000000000006,17.0,6.0,6.0,7.0
Braydon Fisher,82.0,17.316000000000006,17.0,481.0,13.0,11.0
Alek Manoah,69.0,13.986000000000006,18.0,183.0,9.0,7.0
Mason Fluharty,76.0,16.983000000000004,16.0,10.0,9.0,11.0
Yariel Rodríguez,66.0,14.985000000000005,17.0,369.0,4.0,7.0
Alek Jacob,131.0,28.637999999999998,33.0,477.0,12.0,23.0
Robert Suarez,128.0,26.639999999999997,40.0,180.0,8.0,8.0
Yuki Matsui,111.0,20.645999999999997,39.0,400.0,10.0,9.0
Jared Shuster,137.0,31.634999999999994,27.0,350.0,15.0,19.0
Bryce Miller,136.0,30.968999999999987,28.0,14.0,15.0,14.0
Bryan Woo,132.0,32.30099999999999,26.0,206.0,9.0,13.0
Logan Evans,164.0,37.629,37.0,799.0,14.0,27.0
Mason Miller,182.0,43.95600000000001,38.0,341.0,12.0,19.0
Keegan Thompson,60.0,12.321000000000005,18.0,174.0,5.0,7.0
Bryan Baker,72.0,16.983000000000004,11.0,6.0,10.0,8.0
Michael King,70.0,16.650000000000006,16.0,210.0,4.0,13.0
Brandon Bielak,70.0,15.984000000000007,15.0,219.0,7.0,4.0
Griffin Canning,59.0,12.654000000000005,15.0,227.0,6.0,6.0
Tucker Davidson,67.0,13.653000000000006,20.0,12.0,6.0,5.0
Javier Assad,76.0,16.317000000000007,16.0,16.0,11.0,7.0
Ben Brown,81.0,19.647000000000006,20.0,10.0,2.0,10.0
Porter Hodge,78.0,16.650000000000006,23.0,650.0,5.0,10.0
Bradley Blalock,81.0,14.985000000000007,24.0,262.0,12.0,4.0
Ryan Gusto,64.0,14.985000000000005,17.0,4.0,2.0,11.0
Daniel Palencia,63.0,13.986000000000006,17.0,462.0,4.0,12.0
Jordan Wicks,61.0,12.987000000000005,15.0,218.0,7.0,6.0
Cade Horton,70.0,15.984000000000007,17.0,213.0,5.0,10.0
Adam Mazur,79.0,18.981,14.0,249.0,8.0,6.0
Shota Imanaga,69.0,15.318000000000005,20.0,6.0,3.0,8.0
Kodai Senga,162.0,35.29799999999999,44.0,418.0,12.0,23.0
Shintaro Fujinami,192.0,43.622999999999976,45.0,468.0,16.0,18.0
Mason Englert,96.0,20.646000000000004,29.0,661.0,5.0,11.0
Brenan Hanifee,75.0,17.649,15.0,425.0,7.0,7.0
Keider Montero,98.0,21.645000000000003,24.0,12.0,9.0,16.0
Carlos Hernández,107.0,23.975999999999996,24.0,508.0,11.0,5.0
Reese Olson,97.0,21.978,22.0,440.0,9.0,16.0
Cooper Criswell,94.0,21.978000000000005,22.0,246.0,6.0,9.0
Shawn Dubin,82.0,16.983000000000008,21.0,5.0,10.0,10.0
Sawyer Gipson-Long,99.0,22.643999999999995,24.0,768.0,7.0,11.0
Brandon Walter,104.0,25.641,17.0,244.0,10.0,16.0
Beau Brieske,97.0,22.977,20.0,272.0,8.0,8.0
Tyler Holton,103.0,25.307999999999993,22.0,727.0,5.0,13.0
Brant Hurter,103.0,24.308999999999997,22.0,439.0,8.0,12.0
Jackson Jobe,101.0,24.641999999999996,19.0,8.0,8.0,16.0
Roddery Muñoz,101.0,24.642,20.0,877.0,7.0,8.0
Hunter Gaddis,94.0,20.979,25.0,537.0,6.0,10.0
Declan Cronin,89.0,17.649000000000008,22.0,15.0,14.0,6.0
Logan Allen,107.0,20.646000000000004,32.0,646.0,13.0,10.0
Cade Smith,87.0,18.980999999999998,21.0,12.0,9.0,15.0
Gavin Williams,83.0,17.982000000000003,21.0,533.0,8.0,9.0
Tanner Bibee,91.0,21.645,16.0,6.0,10.0,12.0
Zack Thompson,60.0,13.320000000000006,14.0,166.0,6.0,10.0
Casey Legumina,61.0,14.985000000000007,13.0,94.0,3.0,6.0
Andre Pallante,60.0,11.988000000000005,16.0,130.0,8.0,1.0
Gordon Graceffo,73.0,14.652000000000006,21.0,82.0,8.0,8.0
Joe Boyle,57.0,13.986000000000006,9.0,177.0,6.0,11.0
Matt Svanson,57.0,11.988000000000005,17.0,9.0,4.0,10.0
Michael McGreevy,64.0,14.319000000000006,11.0,106.0,10.0,5.0
Chris Roycroft,62.0,14.985000000000007,13.0,9.0,4.0,6.0
Ryan Yarbrough,46.0,9.990000000000004,12.0,245.0,4.0,3.0
Jordan Montgomery,41.0,9.990000000000004,9.0,2.0,2.0,6.0
Austin Gomber,45.0,10.323000000000004,11.0,140.0,3.0,4.0
Peter Lambert,49.0,10.989000000000004,13.0,150.0,3.0,7.0
Ryan Feltner,50.0,11.322000000000005,13.0,8.0,3.0,10.0
Juan Mejia,57.0,12.321000000000005,17.0,6.0,3.0,4.0
Janson Junk,49.0,10.323000000000002,17.0,138.0,1.0,3.0
Collin Snider,47.0,10.656000000000004,7.0,3.0,8.0,6.0
José Buttó,57.0,12.654000000000005,13.0,4.0,6.0,3.0
Victor Vodnik,46.0,9.657000000000004,13.0,1.0,4.0,3.0
Randy Vásquez,42.0,9.990000000000004,9.0,4.0,3.0,5.0
Angel Chivilli,51.0,10.656000000000002,13.0,247.0,6.0,6.0
Anthony Molina,45.0,9.324000000000002,11.0,3.0,6.0,5.0
Tanner Gordon,53.0,10.989000000000004,16.0,154.0,4.0,7.0
Seth Halvorsen,43.0,9.990000000000004,9.0,6.0,4.0,8.0
Chase Dollander,45.0,9.990000000000002,15.0,2.0,0.0,4.0
Tomoyuki Sugano,66.0,12.987000000000005,19.0,133.0,8.0,4.0
