,Team,PA,AB,H,1B,2B,3B,HR,BB,SO,SB,CS,R,RBI,AVG,OBP,SLG,OPS
Zach Cole,HOU,239,205,69,29,14,0,26,34,36,0,0,0,57,0.337,0.431,0.785,1.216
Juan Soto,HOU,323,259,82,43,15,0,24,64,50,0,0,0,45,0.317,0.452,0.653,1.105
Nick Gordon,LAA,164,127,46,31,7,2,6,37,19,0,0,0,23,0.362,0.506,0.591,1.097
Kyle Tucker,MIL,336,277,85,46,9,1,29,59,43,0,0,0,80,0.307,0.429,0.661,1.09
Dustin Harris,TEX,187,159,54,32,8,1,13,28,20,0,0,0,47,0.34,0.439,0.648,1.087
Kyle Schwarber,PHI,358,275,83,48,9,0,26,83,54,0,0,0,54,0.302,0.464,0.618,1.082
Christian Yelich,MIL,342,278,88,52,10,1,25,64,42,0,0,0,73,0.317,0.444,0.629,1.073
Aaron Judge,NYY,390,310,88,45,10,0,33,80,68,0,0,0,62,0.284,0.431,0.635,1.066
Blaine Crim,OAK,302,244,75,40,14,0,21,58,58,0,0,0,53,0.307,0.44,0.623,1.063
Carson Williams,TBR,217,176,58,39,5,0,14,41,38,0,0,0,41,0.33,0.456,0.597,1.053
Wilmer Flores,SFG,162,130,40,20,10,1,9,32,15,0,0,0,28,0.308,0.444,0.608,1.052
Jared Young,PIT,311,276,88,49,14,1,24,35,44,0,0,0,69,0.319,0.395,0.638,1.033
Jon Singleton,SFG,149,124,42,27,7,1,7,25,20,0,0,0,31,0.339,0.45,0.581,1.031
James Wood,WSN,260,208,66,43,8,1,14,52,37,0,0,0,46,0.317,0.454,0.567,1.021
Carlos Correa,BOS,330,271,86,48,21,2,15,59,41,0,0,0,56,0.317,0.439,0.576,1.015
Carter Jensen,KCR,325,267,77,43,8,3,23,58,47,0,0,0,47,0.288,0.415,0.599,1.014
Giancarlo Stanton,NYY,382,303,77,35,11,1,30,79,60,0,0,0,61,0.254,0.408,0.594,1.002
Joey Gallo,LAA,236,188,56,34,9,1,12,48,32,0,0,0,39,0.298,0.441,0.548,0.989
Corey Dickerson,WSN,169,142,46,29,8,2,7,27,21,0,0,0,28,0.324,0.432,0.556,0.988
Ryan Fitzgerald,MIN,416,351,100,53,17,0,30,65,62,0,0,0,93,0.285,0.397,0.59,0.987
Matt Wallner,MIN,472,380,106,57,18,1,30,92,63,0,0,0,68,0.279,0.419,0.568,0.987
Jackson Chourio,MIL,340,274,83,52,13,0,18,66,46,0,0,0,62,0.303,0.438,0.547,0.985
Marcell Ozuna,ATL,503,408,124,76,22,0,26,95,75,0,0,0,81,0.304,0.435,0.549,0.984
Evan Longoria,ARI,381,298,87,55,10,3,19,83,59,0,0,0,70,0.292,0.446,0.537,0.983
Jasson Domínguez,NYY,360,293,92,55,22,1,14,67,50,0,0,0,57,0.314,0.442,0.539,0.981
Cedric Mullins,LAA,165,143,44,24,10,1,9,22,20,0,0,0,30,0.308,0.4,0.58,0.98
Avisaíl García,MIA,357,303,93,56,15,2,20,54,52,0,0,0,67,0.307,0.412,0.568,0.98
Bryce Harper,PHI,343,262,69,34,16,0,19,81,38,0,0,0,47,0.263,0.437,0.542,0.979
Luis Matos,SFG,162,131,41,25,9,1,6,31,15,0,0,0,30,0.313,0.444,0.534,0.978
Josh Bell,CHW,325,271,82,53,9,0,20,54,38,0,0,0,49,0.303,0.418,0.557,0.975
David Dahl,PIT,323,263,74,41,13,0,20,60,40,0,0,0,47,0.281,0.415,0.559,0.974
Cal Raleigh,SEA,585,474,133,79,15,1,38,111,77,0,0,0,107,0.281,0.417,0.557,0.974
Brooks Baldwin,CHW,326,273,83,43,25,1,14,53,42,0,0,0,63,0.304,0.417,0.557,0.974
Nick Castellanos,PHI,323,270,77,44,11,0,22,53,37,0,0,0,63,0.285,0.402,0.57,0.972
Nasim Nuñez,WSN,160,137,39,20,8,0,11,23,20,0,0,0,38,0.285,0.388,0.584,0.972
Yu Chang,BOS,337,291,90,55,14,2,19,46,49,0,0,0,60,0.309,0.404,0.567,0.971
Mike Ford,CHW,306,250,76,46,15,1,14,56,48,0,0,0,54,0.304,0.431,0.54,0.971
Carlos Narváez,COL,197,165,46,24,9,0,13,32,26,0,0,0,35,0.279,0.396,0.57,0.966
Davis Schneider,TOR,373,296,81,40,21,2,18,77,49,0,0,0,65,0.274,0.424,0.541,0.965
Charlie Blackmon,COL,168,147,45,27,7,1,10,21,29,0,0,0,40,0.306,0.393,0.571,0.964
Max Muncy,LAD,649,536,147,79,23,4,41,113,106,0,0,0,106,0.274,0.401,0.562,0.963
Tyler Fitzgerald,SFG,145,120,36,20,9,1,6,25,30,0,0,0,30,0.3,0.421,0.542,0.963
Stone Garrett,WSN,288,236,76,54,10,0,12,52,33,0,0,0,30,0.322,0.444,0.517,0.961
Brett Phillips,LAA,165,146,38,19,2,1,16,19,29,0,0,0,35,0.26,0.345,0.616,0.961
Ty France,COL,164,135,42,24,12,1,5,29,24,0,0,0,30,0.311,0.433,0.526,0.959
Jack Suwinski,PIT,299,238,66,37,13,0,16,61,45,0,0,0,66,0.277,0.425,0.534,0.959
Wenceel Pérez,DET,187,142,42,26,10,0,6,45,25,0,0,0,19,0.296,0.465,0.493,0.958
Jose Altuve,HOU,170,151,49,30,11,0,8,19,24,0,0,0,34,0.325,0.4,0.556,0.956
Nick Kurtz,OAK,321,269,76,45,10,0,21,52,54,0,0,0,34,0.283,0.399,0.554,0.953
Bo Naylor,CLE,242,202,54,28,9,0,17,40,41,0,0,0,41,0.267,0.388,0.564,0.952
Jake Lamb,LAA,289,241,66,35,12,1,18,48,49,0,0,0,40,0.274,0.394,0.556,0.95
Shohei Ohtani,NYY,375,317,83,42,11,2,28,58,59,0,0,0,86,0.262,0.376,0.574,0.95
Edmundo Sosa,PHI,309,244,67,39,11,2,15,65,52,0,0,0,53,0.275,0.427,0.52,0.947
Franchy Cordero,NYY,353,295,76,39,10,0,27,58,57,0,0,0,68,0.258,0.38,0.566,0.946
Michael Busch,STL,315,265,80,53,10,0,17,50,54,0,0,0,53,0.302,0.413,0.532,0.945
Heston Kjerstad,BAL,323,281,83,44,22,0,17,42,44,0,0,0,55,0.295,0.387,0.555,0.942
Mike Trout,LAA,268,234,67,39,9,1,18,34,46,0,0,0,49,0.286,0.377,0.564,0.941
J.C. Escarra,NYY,346,280,85,54,18,1,12,66,48,0,0,0,46,0.304,0.436,0.504,0.94
Richie Palacios,STL,196,165,51,33,9,1,8,31,30,0,0,0,33,0.309,0.418,0.521,0.939
Ryan McKenna,HOU,166,147,43,22,11,1,9,19,34,0,0,0,31,0.293,0.373,0.565,0.938
Anthony Rizzo,NYY,314,263,81,50,19,0,12,51,41,0,0,0,47,0.308,0.42,0.517,0.937
Sam Huff,HOU,323,277,79,47,11,1,20,46,53,0,0,0,57,0.285,0.387,0.549,0.936
Griffin Conine,MIA,334,264,74,45,14,0,15,70,48,0,0,0,50,0.28,0.431,0.504,0.935
Matt Vierling,DET,166,139,41,25,7,2,7,27,24,0,0,0,30,0.295,0.41,0.525,0.935
Casey Schmitt,SFG,174,153,45,23,13,0,9,21,19,0,0,0,28,0.294,0.379,0.556,0.935
Troy Johnston,MIA,325,284,82,44,17,4,17,41,42,0,0,0,66,0.289,0.378,0.556,0.934
Kevin Newman,OAK,164,140,47,32,11,0,4,24,17,0,0,0,24,0.336,0.433,0.5,0.933
Vladimir Guerrero Jr.,TOR,473,392,109,57,28,1,23,81,60,0,0,0,54,0.278,0.402,0.531,0.933
Brent Rooker,OAK,281,224,62,39,8,1,14,57,44,0,0,0,51,0.277,0.423,0.509,0.932
Rob Refsnyder,BOS,307,259,71,37,15,2,17,48,46,0,0,0,47,0.274,0.388,0.544,0.932
Josh Jung,TEX,326,273,76,44,13,0,19,53,43,0,0,0,55,0.278,0.396,0.535,0.931
Daylen Lile,WSN,187,155,50,37,6,1,6,32,13,0,0,0,37,0.323,0.439,0.49,0.929
James McCann,COL,168,136,40,25,8,1,6,32,20,0,0,0,24,0.294,0.429,0.5,0.929
Yainer Diaz,HOU,298,255,69,36,12,3,18,43,49,0,0,0,45,0.271,0.376,0.553,0.929
Rafael Devers,COL,303,257,74,43,15,0,16,46,33,0,0,0,38,0.288,0.396,0.533,0.929
Tyler Stephenson,CIN,272,220,63,39,12,0,12,52,36,0,0,0,45,0.286,0.423,0.505,0.928
Taylor Ward,LAA,253,206,56,31,12,0,13,47,45,0,0,0,53,0.272,0.407,0.519,0.926
Sal Stewart,CIN,322,282,80,46,12,2,20,40,48,0,0,0,39,0.284,0.373,0.553,0.926
Edouard Julien,MIN,360,296,81,49,11,1,20,64,55,0,0,0,71,0.274,0.403,0.52,0.923
Matt Olson,ATL,513,429,118,68,20,1,29,84,81,0,0,0,90,0.275,0.394,0.529,0.923
Matt Chapman,TBR,330,273,76,42,18,1,15,57,42,0,0,0,56,0.278,0.403,0.516,0.919
Pete Alonso,NYM,332,266,65,34,9,1,21,66,51,0,0,0,40,0.244,0.395,0.523,0.918
Nelson Velázquez,SFG,178,151,41,23,7,0,11,27,23,0,0,0,24,0.272,0.382,0.536,0.918
Keibert Ruiz,WSN,164,142,50,39,7,1,3,22,22,0,0,0,15,0.352,0.439,0.479,0.918
Ceddanne Rafaela,BOS,214,177,49,30,7,1,11,37,25,0,0,0,35,0.277,0.402,0.514,0.916
Christian Moore,LAA,165,138,38,24,4,0,10,27,22,0,0,0,25,0.275,0.394,0.522,0.916
Ben Rice,NYY,364,298,82,53,8,2,19,66,43,0,0,0,56,0.275,0.407,0.507,0.914
Mauricio Dubón,HOU,164,134,44,33,7,1,3,30,15,0,0,0,30,0.328,0.451,0.463,0.914
Elvis Andrus,CHW,209,176,50,27,13,2,8,33,34,0,0,0,32,0.284,0.397,0.517,0.914
Francisco Alvarez,NYM,300,241,67,43,10,0,14,59,43,0,0,0,39,0.278,0.42,0.494,0.914
Harold Castro,COL,163,144,45,26,13,1,5,19,17,0,0,0,28,0.312,0.393,0.521,0.914
Ji Man Choi,BOS,339,274,77,47,15,2,13,65,53,0,0,0,29,0.281,0.419,0.493,0.912
Jackson Holliday,BAL,367,303,89,56,18,2,13,64,59,0,0,0,59,0.294,0.417,0.495,0.912
Luis Robert Jr.,CHW,317,282,75,34,19,1,21,35,50,0,0,0,54,0.266,0.347,0.564,0.911
Kerry Carpenter,DET,251,212,56,29,11,2,14,39,33,0,0,0,46,0.264,0.378,0.533,0.911
Starling Marte,NYM,241,199,56,36,8,0,12,42,24,0,0,0,43,0.281,0.407,0.503,0.91
Salvador Perez,KCR,313,265,76,46,14,2,14,48,32,0,0,0,48,0.287,0.396,0.513,0.909
Pete Crow-Armstrong,CHC,173,160,48,29,8,0,11,13,21,0,0,0,33,0.3,0.353,0.556,0.909
Eugenio Suárez,NYM,327,270,70,36,16,0,18,57,48,0,0,0,54,0.259,0.388,0.519,0.907
Ramón Urías,SFG,165,140,41,27,6,0,8,25,22,0,0,0,34,0.293,0.4,0.507,0.907
Jake Burger,PHI,336,291,82,48,15,0,19,45,55,0,0,0,67,0.282,0.378,0.529,0.907
Ezequiel Duran,TEX,209,169,48,28,12,2,6,40,13,0,0,0,46,0.284,0.421,0.485,0.906
Joey Wiemer,TEX,322,256,68,39,15,0,14,66,42,0,0,0,46,0.266,0.416,0.488,0.904
Fernando Tatis Jr.,SDP,445,363,103,67,17,0,19,82,58,0,0,0,52,0.284,0.416,0.488,0.904
Miguel Amaya,CHC,186,153,39,22,5,1,11,33,23,0,0,0,23,0.255,0.387,0.516,0.903
Andrés Chaparro,WSN,166,145,43,26,9,1,7,21,22,0,0,0,37,0.297,0.386,0.517,0.903
Jackson Merrill,SDP,389,333,96,53,27,1,15,56,37,0,0,0,65,0.288,0.391,0.511,0.902
Freddie Freeman,LAD,468,388,106,60,23,2,21,80,47,0,0,0,63,0.273,0.397,0.505,0.902
Drake Baldwin,ATL,456,399,115,67,24,2,22,57,64,0,0,0,74,0.288,0.377,0.524,0.901
CJ Abrams,WSN,171,142,42,28,7,1,6,29,19,0,0,0,23,0.296,0.415,0.486,0.901
Nolan Arenado,STL,243,192,55,35,13,0,7,51,28,0,0,0,40,0.286,0.436,0.464,0.9
Thairo Estrada,OAK,171,136,36,20,9,0,7,35,21,0,0,0,23,0.265,0.415,0.485,0.9
Joey Loperfido,PIT,168,136,35,18,9,0,8,32,28,0,0,0,26,0.257,0.399,0.5,0.899
Mike Brosseau,MIL,255,211,53,31,5,0,17,44,32,0,0,0,55,0.251,0.38,0.517,0.897
Seby Zavala,CLE,291,252,73,41,17,6,9,39,55,0,0,0,42,0.29,0.385,0.512,0.897
Gabriel Arias,CLE,328,285,84,53,16,0,15,43,42,0,0,0,36,0.295,0.387,0.509,0.896
Corey Seager,TEX,328,280,71,37,11,2,21,48,34,0,0,0,34,0.254,0.363,0.532,0.895
Elly De La Cruz,CIN,304,241,59,32,10,1,16,63,44,0,0,0,49,0.245,0.401,0.494,0.895
Yandy Díaz,TBR,334,276,76,46,15,0,15,58,41,0,0,0,43,0.275,0.401,0.493,0.894
Royce Lewis,MIN,404,336,93,59,14,1,19,68,52,0,0,0,69,0.277,0.399,0.494,0.893
José Abreu,HOU,165,134,30,12,7,0,11,31,31,0,0,0,22,0.224,0.37,0.522,0.892
Jahmai Jones,TOR,420,336,84,40,25,1,18,84,78,0,0,0,74,0.25,0.4,0.491,0.891
Gunnar Henderson,BAL,459,392,111,73,13,2,23,67,66,0,0,0,50,0.283,0.388,0.503,0.891
Jake Bauers,LAD,412,349,99,63,16,2,18,63,57,0,0,0,59,0.284,0.393,0.496,0.889
Sam Hilliard,STL,330,284,65,30,6,1,28,46,62,0,0,0,70,0.229,0.336,0.553,0.889
Mike Tauchman,SDP,341,284,81,49,20,0,12,57,39,0,0,0,51,0.285,0.405,0.482,0.887
Josh Donaldson,TOR,465,388,103,60,19,0,24,77,61,0,0,0,58,0.265,0.387,0.5,0.887
Jordan Diaz,OAK,173,141,38,22,8,2,6,32,31,0,0,0,20,0.27,0.405,0.482,0.887
Alec Bohm,PHI,330,285,82,53,13,0,16,45,46,0,0,0,63,0.288,0.385,0.502,0.887
Joey Votto,CIN,178,156,40,20,7,2,11,22,29,0,0,0,38,0.256,0.348,0.538,0.886
Jack López,LAA,142,120,41,30,10,1,0,22,23,0,0,0,13,0.342,0.444,0.442,0.886
J.D. Martinez,ATL,547,474,137,92,16,2,27,73,79,0,0,0,69,0.289,0.384,0.502,0.886
Iván Herrera,STL,328,273,72,42,13,0,17,55,50,0,0,0,53,0.264,0.387,0.498,0.885
Raimel Tapia,LAA,162,134,32,13,10,0,9,28,25,0,0,0,40,0.239,0.37,0.515,0.885
Yordan Alvarez,HOU,324,276,75,45,12,2,16,48,51,0,0,0,36,0.272,0.38,0.504,0.884
Pedro Pagés,STL,223,189,51,29,10,2,10,34,40,0,0,0,50,0.27,0.381,0.503,0.884
Jonathan Araúz,NYM,181,154,39,19,9,1,10,27,25,0,0,0,30,0.253,0.365,0.519,0.884
Evan Carter,TEX,195,160,42,23,10,1,8,35,27,0,0,0,33,0.262,0.395,0.488,0.883
Julio Rodríguez,SEA,614,507,142,97,17,2,26,107,90,0,0,0,62,0.28,0.406,0.475,0.881
Seiya Suzuki,CHC,325,257,73,51,12,0,10,68,54,0,0,0,27,0.284,0.434,0.447,0.881
Danny Jansen,DET,168,143,36,18,8,0,10,25,34,0,0,0,29,0.252,0.363,0.517,0.88
Kevin Smith,COL,164,133,38,28,3,1,6,31,22,0,0,0,23,0.286,0.421,0.459,0.88
Joc Pederson,TEX,326,270,72,42,15,1,14,56,52,0,0,0,48,0.267,0.393,0.485,0.878
Michael Toglia,COL,294,246,69,46,9,2,12,48,54,0,0,0,30,0.28,0.398,0.48,0.878
Jazz Chisholm Jr.,SFG,200,163,44,27,9,0,8,37,32,0,0,0,34,0.27,0.405,0.472,0.877
Tyler Soderstrom,OAK,317,273,69,37,11,1,20,44,44,0,0,0,45,0.253,0.356,0.52,0.876
Paul Goldschmidt,ARI,341,287,83,54,17,0,12,54,58,0,0,0,44,0.289,0.402,0.474,0.876
Pavin Smith,ARI,355,299,84,52,18,0,14,56,59,0,0,0,63,0.281,0.394,0.482,0.876
Eli White,ATL,448,377,103,64,18,0,21,71,62,0,0,0,62,0.273,0.388,0.488,0.876
Nick Allen,SFG,122,110,37,25,10,1,1,12,17,0,0,0,17,0.336,0.402,0.473,0.875
Brendan Donovan,STL,273,231,67,42,16,0,9,42,40,0,0,0,35,0.29,0.399,0.476,0.875
Blake Sabol,CHW,288,241,60,37,4,0,19,47,41,0,0,0,62,0.249,0.372,0.502,0.874
Trevor Larnach,MIN,432,338,85,53,13,0,19,94,62,0,0,0,59,0.251,0.414,0.459,0.873
Ryan O'Hearn,TOR,365,307,79,42,17,3,17,58,55,0,0,0,51,0.257,0.375,0.498,0.873
Trayce Thompson,PHI,329,261,64,36,12,1,15,68,61,0,0,0,56,0.245,0.401,0.471,0.872
Kyle Stowers,ATL,524,449,117,63,26,0,28,75,97,0,0,0,81,0.261,0.366,0.506,0.872
Mitch Haniger,LAD,443,374,100,60,18,1,21,69,63,0,0,0,70,0.267,0.381,0.489,0.87
Brandon Belt,TOR,410,317,71,31,21,0,19,93,57,0,0,0,73,0.224,0.4,0.47,0.87
Carlos Cortes,OAK,207,183,53,34,9,1,9,24,28,0,0,0,34,0.29,0.372,0.497,0.869
Weston Wilson,PHI,338,267,71,45,14,1,11,71,41,0,0,0,52,0.266,0.42,0.449,0.869
Isaac Paredes,SEA,526,435,110,60,23,2,25,91,75,0,0,0,86,0.253,0.382,0.487,0.869
Austin Wells,NYY,340,274,73,47,12,1,13,66,57,0,0,0,51,0.266,0.409,0.46,0.869
Hanser Alberto,CHW,176,154,43,26,8,1,8,22,19,0,0,0,28,0.279,0.369,0.5,0.869
René Pinto,TBR,326,274,73,45,10,4,14,52,46,0,0,0,45,0.266,0.383,0.485,0.868
Ronald Acuña Jr.,ATL,556,464,125,79,18,5,23,92,75,0,0,0,61,0.269,0.39,0.478,0.868
Andrew Benintendi,CHW,227,198,59,38,12,3,6,29,25,0,0,0,31,0.298,0.388,0.48,0.868
Adolis García,TEX,327,270,72,41,18,1,12,57,53,0,0,0,27,0.267,0.394,0.474,0.868
Paul DeJong,MIL,324,272,68,42,5,1,20,52,50,0,0,0,47,0.25,0.37,0.496,0.866
Heriberto Hernández,MIA,351,291,80,53,11,3,13,60,61,0,0,0,57,0.275,0.399,0.467,0.866
Luis Urías,WSN,163,133,35,22,6,0,7,30,19,0,0,0,22,0.263,0.399,0.466,0.865
Nathan Church,STL,197,174,51,33,9,2,7,23,25,0,0,0,29,0.293,0.376,0.489,0.865
Rece Hinds,CIN,317,273,72,47,5,1,19,44,50,0,0,0,42,0.264,0.366,0.498,0.864
Trey Cabbage,ARI,399,331,96,66,18,0,12,68,61,0,0,0,49,0.29,0.411,0.453,0.864
Carlos Santana,TEX,272,231,61,36,11,1,13,41,52,0,0,0,44,0.264,0.375,0.489,0.864
Graham Pauley,SDP,374,313,82,50,13,1,18,61,55,0,0,0,58,0.262,0.382,0.482,0.864
Jonathan Aranda,TBR,339,279,78,51,15,2,10,60,42,0,0,0,30,0.28,0.407,0.455,0.862
Vinnie Pasquantino,KCR,312,263,68,40,12,0,16,49,40,0,0,0,55,0.259,0.375,0.487,0.862
Billy Cook,PIT,254,219,62,39,12,2,9,35,30,0,0,0,42,0.283,0.382,0.479,0.861
C.J. Cron,CLE,327,272,69,42,9,1,17,55,61,0,0,0,41,0.254,0.379,0.482,0.861
Ozzie Albies,ATL,434,356,93,54,21,2,16,78,57,0,0,0,65,0.261,0.394,0.466,0.86
Garrett Cooper,CIN,255,210,55,30,16,0,9,45,41,0,0,0,44,0.262,0.392,0.467,0.859
Tyler O'Neill,CHC,295,246,64,38,12,1,13,49,54,0,0,0,47,0.26,0.383,0.476,0.859
Rafael Marchán,PHI,246,205,61,45,9,0,7,41,28,0,0,0,34,0.298,0.415,0.444,0.859
Rhys Hoskins,MIL,348,290,78,52,9,3,14,58,65,0,0,0,51,0.269,0.391,0.466,0.857
Willie Calhoun,CHC,169,141,40,26,8,2,4,28,21,0,0,0,15,0.284,0.402,0.454,0.856
Cody Bellinger,NYM,235,195,48,25,11,1,11,40,40,0,0,0,37,0.246,0.374,0.482,0.856
Christopher Morel,SEA,599,500,130,79,22,2,27,99,114,0,0,0,82,0.26,0.382,0.474,0.856
Jorge Polanco,HOU,278,228,58,35,10,1,12,50,45,0,0,0,44,0.254,0.388,0.465,0.853
Nick Fortes,KCR,189,161,45,30,7,1,7,28,27,0,0,0,24,0.28,0.386,0.466,0.852
Tyler Locklear,WSN,275,235,61,39,6,1,15,40,44,0,0,0,35,0.26,0.367,0.485,0.852
Kyren Paris,LAA,168,146,36,17,9,1,9,22,33,0,0,0,25,0.247,0.345,0.507,0.852
Maximo Acosta,MIA,374,294,74,52,5,1,16,80,52,0,0,0,43,0.252,0.412,0.439,0.851
Dairon Blanco,KCR,239,211,54,31,8,0,15,28,39,0,0,0,48,0.256,0.343,0.507,0.85
Matthew Lugo,LAA,174,150,45,32,8,0,5,24,31,0,0,0,21,0.3,0.397,0.453,0.85
Colt Keith,DET,166,139,40,26,9,2,3,27,21,0,0,0,21,0.288,0.404,0.446,0.85
Manny Machado,SDP,428,353,89,49,22,0,18,75,54,0,0,0,64,0.252,0.383,0.467,0.85
Jhonkensy Noel,CLE,300,261,69,45,6,1,17,39,48,0,0,0,58,0.264,0.36,0.49,0.85
Francisco Lindor,NYM,308,265,71,43,14,0,14,43,51,0,0,0,51,0.268,0.37,0.479,0.849
Ronny Mauricio,NYM,290,242,72,51,15,0,6,48,41,0,0,0,39,0.298,0.414,0.434,0.848
Eguy Rosario,SDP,314,250,59,34,10,0,15,64,47,0,0,0,41,0.236,0.392,0.456,0.848
Tim Elko,CHW,167,138,34,20,5,1,8,29,34,0,0,0,23,0.246,0.377,0.471,0.848
Addison Barger,TOR,436,368,94,52,22,1,19,68,64,0,0,0,77,0.255,0.372,0.476,0.848
Carter Kieboom,HOU,162,139,41,31,4,0,6,23,22,0,0,0,22,0.295,0.395,0.453,0.848
Logan O'Hoppe,LAA,280,237,65,42,12,1,10,43,42,0,0,0,28,0.274,0.386,0.46,0.846
Wade Meckler,SFG,92,76,23,14,9,0,0,16,18,0,0,0,12,0.303,0.424,0.421,0.845
Ernie Clement,TOR,324,271,80,56,15,4,5,53,38,0,0,0,38,0.295,0.41,0.435,0.845
Martín Maldonado,CHC,233,190,47,29,7,0,11,43,45,0,0,0,36,0.247,0.386,0.458,0.844
Alex Kirilloff,MIN,446,363,92,51,25,1,15,83,54,0,0,0,61,0.253,0.392,0.452,0.844
Jacob Stallings,TEX,259,210,56,34,14,2,6,49,44,0,0,0,31,0.267,0.405,0.438,0.843
Justin Turner,SDP,338,288,82,50,23,2,7,50,47,0,0,0,52,0.285,0.391,0.451,0.842
Jordan Luplow,BOS,326,273,73,49,10,1,13,53,53,0,0,0,44,0.267,0.387,0.454,0.841
Ezequiel Tovar,COL,177,151,43,30,7,0,6,26,23,0,0,0,25,0.285,0.39,0.45,0.84
John Rave,KCR,253,200,52,34,10,1,7,53,32,0,0,0,33,0.26,0.415,0.425,0.84
Ketel Marte,ARI,391,323,78,47,9,2,20,68,63,0,0,0,58,0.241,0.373,0.467,0.84
Jarren Duran,BOS,326,273,75,50,14,0,11,53,48,0,0,0,53,0.275,0.393,0.447,0.84
Randal Grichuk,MIL,362,306,81,51,14,2,14,56,59,0,0,0,44,0.265,0.378,0.461,0.839
Dansby Swanson,CHC,278,238,59,33,11,0,15,40,57,0,0,0,42,0.248,0.356,0.483,0.839
Gabriel Moreno,ARI,325,286,79,49,16,1,13,39,46,0,0,0,46,0.276,0.363,0.476,0.839
Willson Contreras,STL,336,289,73,43,12,0,18,47,47,0,0,0,43,0.253,0.357,0.481,0.838
Lane Thomas,STL,308,279,79,48,18,0,13,29,52,0,0,0,49,0.283,0.351,0.487,0.838
Taylor Trammell,PIT,164,129,30,18,4,1,7,35,37,0,0,0,22,0.233,0.396,0.442,0.838
Patrick Wisdom,CHC,316,264,62,33,10,3,16,52,58,0,0,0,60,0.235,0.361,0.477,0.838
Colby Thomas,OAK,169,142,36,20,9,0,7,27,34,0,0,0,31,0.254,0.373,0.465,0.838
Chase Meidroth,CHW,203,180,51,30,14,1,6,23,38,0,0,0,38,0.283,0.365,0.472,0.837
Gustavo Campero,LAA,162,131,34,21,8,0,5,31,28,0,0,0,19,0.26,0.401,0.435,0.836
Hunter Renfroe,TEX,286,250,70,47,11,1,11,36,39,0,0,0,43,0.28,0.371,0.464,0.835
Spencer Steer,CIN,168,144,38,24,6,1,7,24,28,0,0,0,17,0.264,0.369,0.465,0.834
Otto Lopez,MIA,311,256,73,50,17,0,6,55,43,0,0,0,42,0.285,0.412,0.422,0.834
Jurickson Profar,SFG,183,156,41,25,8,1,7,27,33,0,0,0,20,0.263,0.372,0.462,0.834
Nathaniel Lowe,SFG,195,171,45,27,8,1,9,24,34,0,0,0,35,0.263,0.354,0.48,0.834
Francisco Mejía,TBR,308,258,68,45,10,1,12,50,29,0,0,0,43,0.264,0.383,0.45,0.833
Jonny DeLuca,SFG,155,130,36,23,9,0,4,25,20,0,0,0,14,0.277,0.394,0.438,0.832
Joey Ortiz,PIT,171,139,39,28,7,0,4,32,26,0,0,0,18,0.281,0.415,0.417,0.832
Tim Locastro,NYM,171,139,34,22,4,0,8,32,25,0,0,0,25,0.245,0.386,0.446,0.832
Kyle Manzardo,CLE,328,283,70,37,16,1,16,45,65,0,0,0,32,0.247,0.351,0.481,0.832
Zach Dezenzo,HOU,174,140,37,24,8,1,4,34,33,0,0,0,10,0.264,0.408,0.421,0.829
Nick Pratto,KCR,303,237,62,44,9,2,7,66,56,0,0,0,34,0.262,0.422,0.405,0.827
Will Brennan,CLE,194,173,44,22,12,1,9,21,22,0,0,0,38,0.254,0.335,0.491,0.826
C.J. Kayfus,CLE,321,275,73,47,13,0,13,46,49,0,0,0,44,0.265,0.371,0.455,0.826
Wyatt Langford,TEX,323,259,64,39,12,4,9,64,45,0,0,0,35,0.247,0.396,0.429,0.825
Joey Bart,LAA,166,131,32,19,8,0,5,35,24,0,0,0,13,0.244,0.404,0.42,0.824
Bob Seymour,TBR,337,270,71,43,21,1,6,67,55,0,0,0,32,0.263,0.409,0.415,0.824
Spencer Horwitz,SDP,342,281,70,40,17,2,11,61,49,0,0,0,56,0.249,0.383,0.441,0.824
Nico Hoerner,CHC,165,142,43,35,3,1,4,23,20,0,0,0,18,0.303,0.4,0.423,0.823
Seth Brown,OAK,252,194,44,26,8,1,9,58,43,0,0,0,32,0.227,0.405,0.418,0.823
Kyle Higashioka,NYM,329,271,68,42,13,1,12,58,54,0,0,0,33,0.251,0.383,0.439,0.822
Yohel Pozo,STL,205,174,48,34,6,2,6,31,24,0,0,0,21,0.276,0.385,0.437,0.822
Jason Heyward,DET,164,144,35,17,9,1,8,20,26,0,0,0,21,0.243,0.335,0.486,0.821
Mike Yastrzemski,LAA,185,159,42,25,10,1,6,26,23,0,0,0,19,0.264,0.368,0.453,0.821
Agustín Ramírez,MIA,342,280,72,47,13,1,11,62,48,0,0,0,39,0.257,0.392,0.429,0.821
Ryan Bliss,SEA,537,431,104,57,28,4,15,106,70,0,0,0,73,0.241,0.391,0.429,0.82
Bo Bichette,TOR,400,332,90,61,18,0,11,68,42,0,0,0,58,0.271,0.395,0.425,0.82
Wilyer Abreu,BOS,334,294,76,43,17,2,14,40,63,0,0,0,60,0.259,0.347,0.473,0.82
Leo Jiménez,TOR,344,277,76,55,13,1,7,67,43,0,0,0,37,0.274,0.416,0.404,0.82
Daniel Schneemann,CLE,322,271,70,44,14,0,12,51,60,0,0,0,41,0.258,0.376,0.443,0.819
Mike Zunino,CLE,322,270,65,34,17,1,13,52,62,0,0,0,53,0.241,0.363,0.456,0.819
Michael Brantley,HOU,308,275,76,53,8,1,14,33,42,0,0,0,51,0.276,0.354,0.465,0.819
Mitch Garver,MIN,376,317,80,47,18,1,14,59,70,0,0,0,51,0.252,0.37,0.448,0.818
Cade Marlowe,SEA,567,475,119,68,29,2,20,92,79,0,0,0,87,0.251,0.372,0.446,0.818
Jesse Winker,CIN,164,134,38,30,4,0,4,30,28,0,0,0,15,0.284,0.415,0.403,0.818
Miguel Vargas,SFG,165,136,38,28,6,0,4,29,30,0,0,0,23,0.279,0.406,0.412,0.818
J.P. Martínez,CLE,183,152,38,25,5,0,8,31,28,0,0,0,24,0.25,0.377,0.441,0.818
José Barrero,KCR,168,137,39,29,7,0,3,31,18,0,0,0,20,0.285,0.417,0.401,0.818
Jeff McNeil,NYM,193,160,44,29,11,0,4,33,19,0,0,0,18,0.275,0.399,0.419,0.818
David Peralta,TOR,349,277,72,48,15,2,7,72,57,0,0,0,48,0.26,0.413,0.404,0.817
Tyrone Taylor,HOU,201,173,49,35,8,0,6,28,29,0,0,0,26,0.283,0.383,0.434,0.817
Andrew Knizner,WSN,164,139,37,28,1,1,7,25,18,0,0,0,28,0.266,0.378,0.439,0.817
Nolan Gorman,STL,316,258,58,31,11,1,15,58,45,0,0,0,44,0.225,0.367,0.45,0.817
Grant McCray,SFG,230,193,48,30,8,0,10,37,46,0,0,0,20,0.249,0.37,0.446,0.816
Jake McCarthy,ARI,307,255,72,54,10,1,7,52,37,0,0,0,40,0.282,0.404,0.412,0.816
Brett Baty,NYM,274,232,60,37,13,0,10,42,34,0,0,0,38,0.259,0.372,0.444,0.816
Colson Montgomery,CHW,327,284,65,34,10,0,21,43,61,0,0,0,34,0.229,0.33,0.486,0.816
José Ramírez,CLE,318,276,73,46,14,1,12,42,46,0,0,0,46,0.264,0.362,0.453,0.815
William Contreras,MIL,357,286,70,46,10,2,12,71,60,0,0,0,46,0.245,0.395,0.42,0.815
Brandon Marsh,PHI,335,272,72,48,16,0,8,63,52,0,0,0,40,0.265,0.403,0.412,0.815
Maikel Garcia,KCR,297,260,63,29,19,3,12,37,40,0,0,0,58,0.242,0.337,0.477,0.814
Curtis Mead,PIT,181,157,45,27,15,1,2,24,29,0,0,0,31,0.287,0.381,0.433,0.814
Luis Vázquez,SFG,166,137,37,27,5,0,5,29,25,0,0,0,25,0.27,0.398,0.416,0.814
Jake Alu,WSN,165,138,38,26,8,0,4,27,23,0,0,0,26,0.275,0.394,0.42,0.814
Corbin Carroll,ARI,332,268,59,32,9,3,15,64,54,0,0,0,41,0.22,0.37,0.444,0.814
Luis García Jr.,WSN,206,176,45,27,10,0,8,30,23,0,0,0,31,0.256,0.364,0.449,0.813
Alex Jackson,SFG,166,135,35,22,9,0,4,31,24,0,0,0,25,0.259,0.398,0.415,0.813
Orlando Arcia,ATL,428,351,90,61,14,1,14,77,60,0,0,0,48,0.256,0.39,0.422,0.812
J.T. Realmuto,PHI,317,261,68,44,14,2,8,56,41,0,0,0,46,0.261,0.391,0.421,0.812
Dylan Moore,DET,183,162,45,29,10,0,6,21,26,0,0,0,32,0.278,0.361,0.451,0.812
Trevor Story,BOS,330,289,74,43,16,1,14,41,56,0,0,0,44,0.256,0.348,0.464,0.812
Brice Turang,MIL,314,266,71,51,7,2,11,48,47,0,0,0,44,0.267,0.379,0.432,0.811
Kevin Pillar,NYY,334,283,70,43,12,0,15,51,45,0,0,0,55,0.247,0.362,0.449,0.811
Matt Carpenter,CHC,168,132,34,22,9,0,3,36,27,0,0,0,15,0.258,0.417,0.394,0.811
Teoscar Hernández,STL,334,279,71,49,8,0,14,55,47,0,0,0,38,0.254,0.377,0.434,0.811
Dylan Beavers,BAL,338,278,69,43,14,0,12,60,54,0,0,0,48,0.248,0.382,0.428,0.81
Jakob Marsee,MIA,339,285,75,48,16,2,9,54,61,0,0,0,41,0.263,0.381,0.428,0.809
Nelson Cruz,SDP,383,317,79,51,13,1,14,66,62,0,0,0,58,0.249,0.379,0.429,0.808
Kyle Farmer,MIA,331,287,81,54,19,1,7,44,45,0,0,0,43,0.282,0.378,0.429,0.807
Triston Casas,BOS,322,279,71,45,11,1,14,43,47,0,0,0,47,0.254,0.354,0.452,0.806
Jerar Encarnacion,SFG,242,206,50,32,5,1,12,36,39,0,0,0,27,0.243,0.355,0.451,0.806
Christian Encarnacion-Strand,CIN,167,139,32,18,6,0,8,28,25,0,0,0,29,0.23,0.359,0.446,0.805
Brady House,WSN,250,203,52,37,6,2,7,47,26,0,0,0,42,0.256,0.396,0.409,0.805
Austin Hays,CIN,298,255,65,41,11,2,11,43,52,0,0,0,46,0.255,0.362,0.443,0.805
Austin Slater,WSN,183,160,42,25,10,1,6,23,39,0,0,0,28,0.262,0.355,0.45,0.805
Cody Freeman,TEX,171,143,39,27,8,0,4,28,26,0,0,0,17,0.273,0.392,0.413,0.805
Yasmani Grandal,NYM,269,232,61,39,12,1,9,37,44,0,0,0,38,0.263,0.364,0.44,0.804
Christian Vázquez,MIN,330,276,75,51,16,1,7,54,39,0,0,0,34,0.272,0.391,0.413,0.804
Nick Gonzales,PIT,278,236,66,49,9,1,7,42,32,0,0,0,39,0.28,0.388,0.415,0.803
Junior Caminero,TBR,325,271,68,45,10,1,12,54,46,0,0,0,46,0.251,0.375,0.428,0.803
Bryan Reynolds,PIT,319,265,72,49,16,1,6,54,41,0,0,0,37,0.272,0.395,0.408,0.803
Nolan Schanuel,LAA,163,143,39,25,9,0,5,20,23,0,0,0,21,0.273,0.362,0.441,0.803
Jordan Walker,STL,322,266,67,40,17,2,8,56,52,0,0,0,29,0.252,0.382,0.421,0.803
Caleb Durbin,MIL,291,235,61,41,13,1,6,56,42,0,0,0,29,0.26,0.402,0.4,0.802
Jake Rogers,DET,205,169,41,27,5,1,8,36,47,0,0,0,22,0.243,0.376,0.426,0.802
Jake Cronenworth,SDP,334,275,69,43,15,2,9,59,39,0,0,0,38,0.251,0.383,0.418,0.801
Alex Freeland,LAD,365,306,77,50,12,3,12,59,63,0,0,0,56,0.252,0.373,0.428,0.801
Riley Adams,WSN,242,193,47,32,7,0,8,49,32,0,0,0,37,0.244,0.397,0.404,0.801
Kris Bryant,COL,172,147,38,21,12,1,4,25,23,0,0,0,22,0.259,0.366,0.435,0.801
Dylan Crews,WSN,230,197,53,36,9,2,6,33,34,0,0,0,30,0.269,0.374,0.426,0.8
Dominic Canzone,ARI,335,300,73,41,12,2,18,35,55,0,0,0,51,0.243,0.322,0.477,0.799
Marco Luciano,SFG,206,154,40,27,12,1,0,52,28,0,0,0,12,0.26,0.447,0.351,0.798
Chris Taylor,SFG,168,140,34,22,5,0,7,28,27,0,0,0,18,0.243,0.369,0.429,0.798
Gavin Sheets,DET,164,138,36,26,4,0,6,26,24,0,0,0,20,0.261,0.378,0.42,0.798
Stuart Fairchild,WSN,166,139,36,22,10,0,4,27,33,0,0,0,19,0.259,0.38,0.417,0.797
Bryce Johnson,LAA,161,133,36,21,14,0,1,28,24,0,0,0,15,0.271,0.398,0.398,0.796
Ryan Ritter,COL,161,136,39,31,4,1,3,25,32,0,0,0,14,0.287,0.398,0.397,0.795
Kyle Teel,CHW,326,269,64,41,9,1,13,57,66,0,0,0,41,0.238,0.371,0.424,0.795
Drew Waters,KCR,201,173,47,33,7,2,5,28,28,0,0,0,23,0.272,0.373,0.422,0.795
Mickey Moniak,ATL,481,424,109,68,20,1,20,57,77,0,0,0,72,0.257,0.345,0.45,0.795
Jake Fraley,PIT,166,136,36,23,10,1,2,30,18,0,0,0,15,0.265,0.398,0.397,0.795
DJ Stewart,NYM,316,256,59,34,13,1,11,60,53,0,0,0,34,0.23,0.377,0.418,0.795
Tom Murphy,CHC,324,262,56,34,4,1,17,62,44,0,0,0,34,0.214,0.364,0.431,0.795
Matt Mervis,CHW,284,249,64,42,9,1,12,35,45,0,0,0,45,0.257,0.349,0.446,0.795
Dominic Fletcher,PIT,163,143,41,32,3,2,4,20,22,0,0,0,20,0.287,0.374,0.42,0.794
Aaron Hicks,OAK,168,143,33,19,5,1,8,25,28,0,0,0,18,0.231,0.345,0.448,0.793
Bryson Stott,PHI,305,260,64,36,17,1,10,45,34,0,0,0,41,0.246,0.357,0.435,0.792
Juan Yepez,BOS,192,154,38,23,11,0,4,38,33,0,0,0,25,0.247,0.396,0.396,0.792
Kyle Lewis,ARI,419,346,87,52,24,2,9,73,82,0,0,0,40,0.251,0.382,0.41,0.792
Mookie Betts,LAD,431,368,95,61,20,1,13,63,81,0,0,0,60,0.258,0.367,0.424,0.791
Abraham Toro,PHI,239,196,51,35,10,1,5,43,25,0,0,0,42,0.26,0.393,0.398,0.791
Javier Sanoja,MIA,334,278,75,51,18,0,6,56,41,0,0,0,32,0.27,0.392,0.399,0.791
Zack Short,TEX,217,176,44,32,5,0,7,41,35,0,0,0,23,0.25,0.392,0.398,0.79
Blake Dunn,CIN,163,134,33,23,4,0,6,29,31,0,0,0,15,0.246,0.38,0.41,0.79
Andy Pages,LAD,383,339,86,51,18,2,15,44,55,0,0,0,43,0.254,0.339,0.451,0.79
Oneil Cruz,PIT,324,248,49,27,7,1,14,76,55,0,0,0,34,0.198,0.386,0.403,0.789
Randy Arozarena,SDP,413,348,84,52,15,1,16,65,73,0,0,0,51,0.241,0.361,0.428,0.789
Kristian Campbell,BOS,311,273,67,39,13,2,13,38,48,0,0,0,32,0.245,0.338,0.451,0.789
Gary Sánchez,SDP,402,333,73,43,9,0,21,69,79,0,0,0,68,0.219,0.353,0.435,0.788
Alan Roden,LAD,335,276,68,42,16,1,9,59,50,0,0,0,39,0.246,0.379,0.409,0.788
Austin Barnes,LAD,336,277,70,47,12,3,8,59,50,0,0,0,38,0.253,0.384,0.404,0.788
Dillon Dingler,DET,264,223,58,37,14,1,6,41,35,0,0,0,25,0.26,0.375,0.413,0.788
Ryan Vilade,CHW,324,278,73,53,8,0,12,46,49,0,0,0,40,0.263,0.367,0.421,0.788
Jake Marisnick,NYM,227,203,55,40,5,1,9,24,29,0,0,0,36,0.271,0.348,0.438,0.786
Jonah Heim,TEX,293,233,58,40,10,3,5,60,37,0,0,0,39,0.249,0.403,0.382,0.785
Donovan Solano,CHW,321,276,73,44,22,1,6,45,49,0,0,0,43,0.264,0.368,0.417,0.785
Omar Narváez,KCR,166,139,40,31,7,0,2,27,22,0,0,0,11,0.288,0.404,0.381,0.785
Jeremiah Jackson,BAL,419,336,82,57,13,0,12,83,56,0,0,0,57,0.244,0.394,0.39,0.784
Taylor Walls,TBR,255,210,53,34,13,0,6,45,37,0,0,0,33,0.252,0.384,0.4,0.784
Ramón Laureano,LAD,397,334,82,52,15,2,13,63,65,0,0,0,47,0.246,0.365,0.419,0.784
Luke Keaschall,MIN,340,273,66,44,12,1,9,67,32,0,0,0,45,0.242,0.391,0.392,0.783
Heliot Ramos,SFG,219,185,45,26,12,0,7,34,25,0,0,0,19,0.243,0.361,0.422,0.783
Austin Riley,ATL,538,441,97,54,19,2,22,97,87,0,0,0,74,0.22,0.361,0.422,0.783
Joey Meneses,WSN,192,158,42,31,7,0,4,34,31,0,0,0,25,0.266,0.396,0.386,0.782
Lenyn Sosa,CHW,270,227,60,45,7,0,8,43,45,0,0,0,37,0.264,0.381,0.401,0.782
Elehuris Montero,COL,230,192,46,30,6,2,8,38,40,0,0,0,27,0.24,0.365,0.417,0.782
Trey Sweeney,DET,219,193,49,31,8,2,8,26,41,0,0,0,32,0.254,0.342,0.44,0.782
Bryce Teodosio,LAA,162,141,38,25,9,0,4,21,18,0,0,0,23,0.27,0.364,0.418,0.782
Nick Loftin,KCR,176,145,35,20,10,1,4,31,17,0,0,0,21,0.241,0.375,0.407,0.782
Brooks Lee,MIN,332,271,67,44,14,1,8,61,51,0,0,0,32,0.247,0.386,0.395,0.781
Hunter Goodman,COL,314,274,63,37,8,1,17,40,58,0,0,0,29,0.23,0.328,0.453,0.781
Jorge Mateo,BAL,327,287,77,54,12,1,10,40,53,0,0,0,29,0.268,0.358,0.422,0.78
Cavan Biggio,LAD,346,289,67,41,11,1,14,57,59,0,0,0,46,0.232,0.358,0.422,0.78
Josh Harrison,PHI,254,211,61,49,9,1,2,43,28,0,0,0,21,0.289,0.409,0.37,0.779
Adley Rutschman,BAL,332,272,61,36,11,1,13,60,49,0,0,0,42,0.224,0.364,0.415,0.779
Tyler Tolbert,KCR,265,227,54,29,14,3,8,38,36,0,0,0,35,0.238,0.347,0.432,0.779
Ryan Noda,PHI,330,280,75,54,12,2,7,50,49,0,0,0,41,0.268,0.379,0.4,0.779
James Outman,CLE,282,248,59,35,10,0,14,34,51,0,0,0,41,0.238,0.33,0.448,0.778
Eric Haase,CHC,199,175,49,34,11,0,4,24,34,0,0,0,31,0.28,0.367,0.411,0.778
Jonathan India,MIA,317,271,68,43,14,2,9,46,53,0,0,0,27,0.251,0.36,0.417,0.777
Jorge Alfaro,BOS,299,254,65,45,9,3,8,45,37,0,0,0,33,0.256,0.368,0.409,0.777
Esteury Ruiz,LAA,157,137,39,28,8,1,2,20,24,0,0,0,19,0.285,0.376,0.401,0.777
Eddie Rosario,HOU,293,253,66,45,11,2,8,40,45,0,0,0,31,0.261,0.362,0.415,0.777
Max Kepler,MIA,343,292,67,42,8,0,17,51,48,0,0,0,64,0.229,0.344,0.432,0.776
Connor Norby,TEX,323,271,64,37,16,0,11,52,46,0,0,0,35,0.236,0.359,0.417,0.776
Denzel Clarke,OAK,178,147,38,31,1,0,6,31,31,0,0,0,21,0.259,0.388,0.388,0.776
Ryan Jeffers,MIN,395,318,75,49,14,1,11,77,56,0,0,0,58,0.236,0.385,0.39,0.775
Blaze Alexander,ARI,328,285,74,52,10,1,11,43,48,0,0,0,42,0.26,0.357,0.418,0.775
Cooper Hummel,OAK,314,260,59,33,14,1,11,54,54,0,0,0,36,0.227,0.36,0.415,0.775
Eric Hosmer,CHC,165,130,32,24,4,0,4,35,24,0,0,0,17,0.246,0.406,0.369,0.775
Yoán Moncada,LAA,176,149,35,20,8,1,6,27,31,0,0,0,30,0.235,0.352,0.423,0.775
Jorge Soler,COL,267,226,51,29,9,2,11,41,59,0,0,0,44,0.226,0.345,0.429,0.774
Will Wagner,LAA,165,143,36,23,6,3,4,22,24,0,0,0,17,0.252,0.352,0.42,0.772
Carlos Pérez,OAK,482,404,100,67,18,0,15,78,53,0,0,0,79,0.248,0.369,0.403,0.772
Wander Franco,TBR,325,282,72,48,13,0,11,43,45,0,0,0,44,0.255,0.354,0.418,0.772
Dane Myers,MIA,345,289,73,50,13,1,9,56,53,0,0,0,59,0.253,0.374,0.398,0.772
Dalton Rushing,LAD,488,412,98,59,22,0,17,76,95,0,0,0,44,0.238,0.357,0.415,0.772
Aledmys Díaz,CLE,230,193,56,45,9,0,2,37,28,0,0,0,20,0.29,0.404,0.368,0.772
Andrew Velazquez,LAA,152,132,35,26,4,0,5,20,29,0,0,0,15,0.265,0.362,0.409,0.771
Nate Eaton,CIN,164,139,33,19,8,1,5,25,23,0,0,0,20,0.237,0.354,0.417,0.771
Will Benson,CIN,314,263,62,39,11,1,11,51,68,0,0,0,35,0.236,0.36,0.411,0.771
Parker Meadows,DET,163,129,31,22,4,2,3,34,23,0,0,0,16,0.24,0.399,0.372,0.771
Sam Haggerty,NYY,263,205,47,31,9,1,6,58,36,0,0,0,28,0.229,0.399,0.371,0.77
Warming Bernabel,COL,180,148,36,27,2,1,6,32,23,0,0,0,27,0.243,0.378,0.392,0.77
Elias Díaz,SFG,170,149,38,23,10,0,5,21,26,0,0,0,24,0.255,0.347,0.423,0.77
Rowdy Tellez,HOU,269,237,58,37,8,2,11,32,38,0,0,0,30,0.245,0.335,0.435,0.77
Andrés Giménez,PIT,163,147,43,36,2,0,5,16,17,0,0,0,25,0.293,0.362,0.408,0.77
Liam Hicks,MIA,267,223,55,37,9,2,7,44,44,0,0,0,31,0.247,0.371,0.399,0.77
Jon Berti,PIT,169,147,39,27,7,1,4,22,25,0,0,0,18,0.265,0.361,0.408,0.769
Cam Gallagher,CLE,171,146,43,33,9,1,0,25,24,0,0,0,9,0.295,0.398,0.37,0.768
Billy McKinney,PIT,220,189,40,22,5,0,13,31,46,0,0,0,34,0.212,0.323,0.444,0.767
Tommy Pham,COL,184,154,37,22,10,0,5,30,27,0,0,0,21,0.24,0.364,0.403,0.767
Buddy Kennedy,CHW,299,257,71,51,15,1,4,42,49,0,0,0,35,0.276,0.378,0.389,0.767
Gleyber Torres,DET,166,141,33,16,12,1,4,25,24,0,0,0,23,0.234,0.349,0.418,0.767
Thomas Saggese,STL,233,196,49,29,15,1,4,37,32,0,0,0,30,0.25,0.369,0.398,0.767
Oscar Colás,CHW,294,246,64,41,19,0,4,48,50,0,0,0,27,0.26,0.381,0.386,0.767
Jordan Beck,COL,205,168,42,27,11,1,3,37,23,0,0,0,22,0.25,0.385,0.381,0.766
Alex Bregman,SDP,362,302,71,42,18,0,11,60,49,0,0,0,49,0.235,0.362,0.404,0.766
Riley Greene,DET,285,232,50,30,7,2,11,53,55,0,0,0,31,0.216,0.361,0.405,0.766
Lourdes Gurriel Jr.,ARI,329,270,60,30,20,1,9,59,32,0,0,0,41,0.222,0.362,0.404,0.766
Zach Neto,LAA,191,162,37,22,7,0,8,29,33,0,0,0,27,0.228,0.346,0.42,0.766
Andruw Monasterio,MIL,326,269,71,49,18,1,3,57,51,0,0,0,36,0.264,0.393,0.372,0.765
Jake Cave,NYY,331,278,68,41,18,2,7,53,51,0,0,0,44,0.245,0.366,0.399,0.765
Willy Adames,MIL,334,281,61,35,10,0,16,53,50,0,0,0,45,0.217,0.341,0.423,0.764
Chas McCormick,HOU,208,173,41,25,9,2,5,35,33,0,0,0,25,0.237,0.365,0.399,0.764
Victor Caratini,CIN,171,145,35,22,7,1,5,26,26,0,0,0,15,0.241,0.357,0.407,0.764
Jared Walsh,MIN,389,317,64,35,10,0,19,72,80,0,0,0,54,0.202,0.35,0.413,0.763
Otto Kemp,PHI,349,301,72,42,17,2,11,48,49,0,0,0,36,0.239,0.344,0.419,0.763
Samuel Basallo,BAL,371,324,85,61,12,1,11,47,68,0,0,0,37,0.262,0.356,0.407,0.763
Braden Shewmake,OAK,161,143,37,23,9,1,4,18,33,0,0,0,20,0.259,0.342,0.42,0.762
Michael Harris II,ATL,471,411,102,63,22,3,14,60,79,0,0,0,60,0.248,0.344,0.418,0.762
Isaac Collins,MIL,335,283,65,38,14,1,12,52,52,0,0,0,44,0.23,0.349,0.413,0.762
Gio Urshela,TBR,268,228,55,34,12,1,8,40,45,0,0,0,28,0.241,0.354,0.408,0.762
Henry Davis,PIT,208,170,37,21,8,1,7,38,26,0,0,0,27,0.218,0.361,0.4,0.761
DJ LeMahieu,NYY,336,278,66,46,8,1,11,58,50,0,0,0,44,0.237,0.369,0.392,0.761
Geraldo Perdomo,ARI,318,273,71,49,14,1,7,45,52,0,0,0,44,0.26,0.365,0.396,0.761
Sal Frelick,MIL,220,187,54,44,8,0,2,33,40,0,0,0,26,0.289,0.395,0.364,0.759
Jo Adell,LAA,205,168,33,14,10,0,9,37,37,0,0,0,33,0.196,0.341,0.417,0.758
Alfonso Rivas III,CIN,283,226,51,32,10,3,6,57,53,0,0,0,35,0.226,0.382,0.376,0.758
Alika Williams,PIT,163,134,36,26,8,2,0,29,20,0,0,0,12,0.269,0.399,0.358,0.757
Owen Miller,SFG,164,139,39,29,9,0,1,25,19,0,0,0,14,0.281,0.39,0.367,0.757
Brandon Lowe,TBR,333,285,66,38,16,0,12,48,61,0,0,0,48,0.232,0.342,0.414,0.756
Cole Young,SEA,467,383,98,69,21,3,5,84,68,0,0,0,52,0.256,0.39,0.366,0.756
Darick Hall,PHI,269,226,58,42,10,0,6,43,34,0,0,0,29,0.257,0.375,0.381,0.756
Matt Shaw,CHC,167,146,40,28,9,1,2,21,19,0,0,0,17,0.274,0.365,0.39,0.755
Christian Walker,STL,326,280,66,43,10,0,13,46,52,0,0,0,40,0.236,0.344,0.411,0.755
Hunter Dozier,KCR,184,158,36,18,11,2,5,26,29,0,0,0,21,0.228,0.337,0.418,0.755
Brenton Doyle,COL,243,194,49,37,8,1,3,49,40,0,0,0,28,0.253,0.403,0.351,0.754
DaShawn Keirsey Jr.,MIN,326,283,66,39,13,2,12,43,51,0,0,0,41,0.233,0.334,0.42,0.754
Byron Buxton,MIN,457,370,76,44,12,1,19,87,77,0,0,0,50,0.205,0.357,0.397,0.754
Nick Maton,COL,162,146,36,25,3,0,8,16,23,0,0,0,26,0.247,0.321,0.432,0.753
Jose Miranda,MIN,344,294,77,57,11,2,7,50,44,0,0,0,47,0.262,0.369,0.384,0.753
Harrison Bader,PIT,199,168,37,21,8,0,8,31,36,0,0,0,26,0.22,0.342,0.411,0.753
TJ Friedl,CIN,162,137,32,20,6,1,5,25,32,0,0,0,19,0.234,0.352,0.401,0.753
Jose Siri,BOS,316,264,61,37,14,1,9,52,53,0,0,0,37,0.231,0.358,0.394,0.752
Luisangel Acuña,NYM,177,149,36,21,11,1,3,28,25,0,0,0,15,0.242,0.362,0.389,0.751
Adrian Del Castillo,ARI,373,317,70,44,8,1,17,56,83,0,0,0,63,0.221,0.338,0.413,0.751
Trey Mancini,CHC,250,209,51,36,8,0,7,41,53,0,0,0,33,0.244,0.368,0.383,0.751
Terrin Vavra,BAL,309,256,69,50,17,1,1,53,40,0,0,0,27,0.27,0.395,0.355,0.75
Anthony Seigler,MIL,366,306,89,74,14,1,0,60,63,0,0,0,13,0.291,0.407,0.343,0.75
Bryan De La Cruz,DET,188,158,36,23,6,0,7,30,31,0,0,0,26,0.228,0.351,0.399,0.75
Brad Miller,TEX,240,202,54,41,9,1,3,38,40,0,0,0,30,0.267,0.383,0.366,0.749
Joey Wendle,LAA,167,141,41,35,5,0,1,26,19,0,0,0,13,0.291,0.401,0.348,0.749
Tristan Gray,DET,164,142,35,23,7,0,5,22,22,0,0,0,17,0.246,0.348,0.401,0.749
Miguel Rojas,LAD,350,304,84,64,14,1,5,46,45,0,0,0,45,0.276,0.371,0.378,0.749
Alejandro Osuna,TEX,173,146,35,23,7,0,5,27,25,0,0,0,26,0.24,0.358,0.39,0.748
AJ Pollock,BOS,319,278,68,45,12,0,11,41,40,0,0,0,32,0.245,0.342,0.406,0.748
Manuel Margot,TBR,297,247,64,49,9,1,5,50,44,0,0,0,24,0.259,0.384,0.364,0.748
Brett Harris,OAK,170,142,37,24,12,0,1,28,24,0,0,0,22,0.261,0.382,0.366,0.748
Ryan McMahon,BAL,446,380,94,68,12,0,14,66,68,0,0,0,48,0.247,0.359,0.389,0.748
Jason Vosler,PHI,284,257,66,41,15,3,7,27,44,0,0,0,41,0.257,0.327,0.42,0.747
Jason Delay,PIT,163,136,36,26,8,1,1,27,14,0,0,0,16,0.265,0.387,0.36,0.747
Tim Tawa,ARI,323,275,64,42,9,2,11,48,56,0,0,0,36,0.233,0.347,0.4,0.747
Alec Burleson,STL,260,213,52,37,9,1,5,47,31,0,0,0,33,0.244,0.381,0.366,0.747
Alek Thomas,ARI,347,300,72,45,16,0,11,47,64,0,0,0,48,0.24,0.343,0.403,0.746
Brendan Rodgers,CHC,193,166,40,26,8,0,6,27,29,0,0,0,26,0.241,0.347,0.398,0.745
Tommy Edman,SFG,192,164,39,27,5,0,7,28,32,0,0,0,26,0.238,0.349,0.396,0.745
David Fry,CLE,269,219,52,38,7,0,7,50,45,0,0,0,31,0.237,0.379,0.365,0.744
Korey Lee,CHW,216,186,46,31,9,0,6,30,38,0,0,0,27,0.247,0.352,0.392,0.744
J.P. Crawford,SEA,551,455,114,87,15,0,12,96,73,0,0,0,64,0.251,0.381,0.363,0.744
Josh Smith,TEX,227,189,43,29,6,0,8,38,37,0,0,0,30,0.228,0.357,0.386,0.743
Victor Robles,DET,162,136,36,26,8,1,1,26,28,0,0,0,11,0.265,0.383,0.36,0.743
MJ Melendez,KCR,325,272,63,40,13,1,9,53,48,0,0,0,28,0.232,0.357,0.386,0.743
Tomás Nido,OAK,168,152,38,25,6,1,6,16,33,0,0,0,22,0.25,0.321,0.421,0.742
Willi Castro,CIN,167,132,32,23,6,2,1,35,26,0,0,0,11,0.242,0.401,0.341,0.742
Andrew Vaughn,WSN,220,187,44,27,11,0,6,33,35,0,0,0,28,0.235,0.35,0.39,0.74
Jac Caglianone,KCR,323,275,63,39,12,2,10,48,56,0,0,0,28,0.229,0.344,0.396,0.74
Luis Torrens,MIA,336,285,67,43,13,2,9,51,47,0,0,0,42,0.235,0.351,0.389,0.74
Sean Murphy,ATL,492,422,96,60,17,0,19,70,100,0,0,0,69,0.227,0.337,0.403,0.74
Darell Hernaiz,OAK,163,144,37,24,9,1,3,19,24,0,0,0,14,0.257,0.344,0.396,0.74
Michael Helman,DET,156,137,35,25,5,1,4,19,22,0,0,0,19,0.255,0.346,0.394,0.74
Mark Vientos,NYM,327,274,62,40,11,0,11,53,49,0,0,0,46,0.226,0.352,0.387,0.739
Will Smith,LAD,454,378,85,59,8,2,16,76,72,0,0,0,66,0.225,0.355,0.384,0.739
Trent Grisham,CIN,213,180,38,23,5,0,10,33,40,0,0,0,31,0.211,0.333,0.406,0.739
Yan Gomes,CHC,219,190,44,28,7,1,8,29,30,0,0,0,25,0.232,0.333,0.405,0.738
Luke Raley,STL,303,250,48,27,5,0,16,53,47,0,0,0,43,0.192,0.333,0.404,0.737
Colton Cowser,BAL,400,333,68,39,11,0,18,67,69,0,0,0,61,0.204,0.338,0.399,0.737
Nick Madrigal,CHC,165,134,35,25,10,0,0,31,24,0,0,0,13,0.261,0.4,0.336,0.736
Connor Wong,BOS,264,224,53,36,8,2,7,40,36,0,0,0,23,0.237,0.352,0.384,0.736
Masataka Yoshida,BOS,286,242,60,42,12,0,6,44,40,0,0,0,31,0.248,0.364,0.372,0.736
Jorge Barrosa,ARI,322,267,68,48,16,2,2,55,58,0,0,0,27,0.255,0.382,0.352,0.734
J.D. Davis,CIN,243,218,53,34,10,0,9,25,40,0,0,0,39,0.243,0.321,0.413,0.734
Leo Rivas,SEA,503,410,103,78,16,5,4,93,73,0,0,0,33,0.251,0.39,0.344,0.734
Harold Ramírez,DET,140,119,30,21,6,1,2,21,21,0,0,0,17,0.252,0.364,0.37,0.734
Sean Bouchard,COL,254,214,48,28,12,1,7,40,49,0,0,0,23,0.224,0.346,0.388,0.734
Oscar Gonzalez,BAL,353,313,81,54,20,0,7,40,57,0,0,0,42,0.259,0.343,0.39,0.733
Akil Baddoo,DET,166,138,31,20,5,2,4,28,25,0,0,0,21,0.225,0.355,0.377,0.732
Garrett Mitchell,MIL,321,268,57,33,11,3,10,53,64,0,0,0,53,0.213,0.343,0.388,0.731
Ryan Mountcastle,BAL,387,325,78,53,16,1,8,62,56,0,0,0,49,0.24,0.362,0.369,0.731
Austin Shenton,TBR,242,206,48,30,11,1,6,36,41,0,0,0,24,0.233,0.347,0.383,0.73
Ildemaro Vargas,DET,150,127,32,23,6,1,2,23,22,0,0,0,14,0.252,0.367,0.362,0.729
Enmanuel Valdez,SFG,163,144,33,17,11,0,5,19,23,0,0,0,24,0.229,0.319,0.41,0.729
Leody Taveras,DET,164,141,36,24,9,2,1,23,28,0,0,0,16,0.255,0.36,0.369,0.729
Rougned Odor,SDP,351,298,71,49,11,3,8,53,46,0,0,0,40,0.238,0.353,0.376,0.729
Anthony Santander,CHC,308,255,53,32,9,0,12,53,44,0,0,0,33,0.208,0.344,0.384,0.728
José Tena,DET,164,141,37,27,8,0,2,23,26,0,0,0,10,0.262,0.366,0.362,0.728
Luis Campusano,SDP,308,264,59,35,13,1,10,44,48,0,0,0,33,0.223,0.334,0.394,0.728
César Salazar,HOU,162,134,33,22,9,1,1,28,14,0,0,0,18,0.246,0.377,0.351,0.728
Dylan Carlson,MIA,279,231,52,36,7,1,8,48,48,0,0,0,27,0.225,0.358,0.368,0.726
Jace Jung,DET,135,108,26,19,5,1,1,27,12,0,0,0,9,0.241,0.393,0.333,0.726
Brian Anderson,CIN,175,152,36,25,5,0,6,23,29,0,0,0,27,0.237,0.337,0.388,0.725
Spencer Torkelson,DET,232,203,49,33,9,0,7,29,40,0,0,0,28,0.241,0.336,0.389,0.725
Marcus Semien,TEX,311,260,56,38,5,1,12,51,51,0,0,0,45,0.215,0.344,0.381,0.725
Jarred Kelenic,DET,275,238,56,36,12,0,8,37,48,0,0,0,24,0.235,0.338,0.387,0.725
Edgar Quero,CHW,256,221,52,33,12,0,7,35,36,0,0,0,30,0.235,0.34,0.385,0.725
Franmil Reyes,KCR,194,164,38,24,9,1,4,30,31,0,0,0,18,0.232,0.351,0.372,0.723
Moisés Ballesteros,CHC,166,138,32,24,3,0,5,28,18,0,0,0,17,0.232,0.361,0.362,0.723
Robert Hassell III,WSN,175,142,33,22,8,1,2,33,24,0,0,0,19,0.232,0.377,0.345,0.722
Xavier Edwards,MIA,252,204,50,38,9,0,3,48,39,0,0,0,27,0.245,0.389,0.333,0.722
Johnathan Rodríguez,CLE,313,265,61,45,5,0,11,48,44,0,0,0,33,0.23,0.348,0.374,0.722
Luke Maile,COL,164,139,33,22,7,1,3,25,25,0,0,0,10,0.237,0.354,0.367,0.721
Alex Verdugo,TOR,349,300,72,45,20,1,6,49,54,0,0,0,35,0.24,0.347,0.373,0.72
Jake Meyers,HOU,220,188,48,35,10,0,3,32,35,0,0,0,26,0.255,0.364,0.356,0.72
Alexander Canario,CIN,186,150,32,23,3,0,6,36,32,0,0,0,19,0.213,0.366,0.353,0.719
Jared Triolo,PIT,189,157,34,24,3,0,7,32,22,0,0,0,22,0.217,0.349,0.369,0.718
Travis Blankenhorn,WSN,159,124,29,24,2,1,2,35,21,0,0,0,15,0.234,0.403,0.315,0.718
Kolten Wong,KCR,166,147,37,25,8,1,3,19,23,0,0,0,19,0.252,0.337,0.381,0.718
Matt Thaiss,SEA,496,419,101,77,11,1,12,77,81,0,0,0,64,0.241,0.359,0.358,0.717
Alejandro Kirk,TOR,388,325,72,46,15,0,11,63,44,0,0,0,49,0.222,0.348,0.369,0.717
Brett Wisely,KCR,166,136,34,27,5,0,2,30,25,0,0,0,16,0.25,0.386,0.331,0.717
Daniel Vogelbach,TOR,448,362,79,56,11,0,12,86,83,0,0,0,44,0.218,0.368,0.348,0.716
Romy Gonzalez,KCR,317,267,62,39,17,0,6,50,53,0,0,0,27,0.232,0.353,0.363,0.716
Drew Gilbert,SFG,162,141,35,22,11,0,2,21,23,0,0,0,19,0.248,0.346,0.369,0.715
Austin Martin,MIN,355,282,65,46,14,2,3,73,54,0,0,0,24,0.23,0.389,0.326,0.715
Mark Canha,BOS,247,205,48,35,7,1,5,42,34,0,0,0,22,0.234,0.364,0.351,0.715
Ha-Seong Kim,SFG,161,137,31,20,6,1,4,24,27,0,0,0,23,0.226,0.342,0.372,0.714
Patrick Bailey,SFG,168,140,33,23,7,0,3,28,24,0,0,0,10,0.236,0.363,0.35,0.713
Michael Massey,KCR,226,186,36,19,8,1,8,40,21,0,0,0,36,0.194,0.336,0.376,0.712
Roman Anthony,BOS,348,292,64,42,11,1,10,56,66,0,0,0,32,0.219,0.345,0.366,0.711
Michael A. Taylor,TEX,304,265,61,41,9,2,9,39,61,0,0,0,42,0.23,0.329,0.381,0.71
Ke'Bryan Hayes,CHC,214,187,45,29,11,1,4,27,42,0,0,0,31,0.241,0.336,0.374,0.71
Corey Julks,PIT,174,146,31,18,8,0,5,28,29,0,0,0,18,0.212,0.339,0.37,0.709
Rafael Ortega,MIA,226,185,47,35,12,0,0,41,28,0,0,0,14,0.254,0.389,0.319,0.708
Everson Pereira,CHC,317,273,63,41,14,0,8,44,43,0,0,0,32,0.231,0.338,0.37,0.708
Nathan Lukes,TOR,331,277,63,40,17,0,6,54,46,0,0,0,32,0.227,0.353,0.354,0.707
Shea Langeliers,OAK,269,230,48,29,8,1,10,39,39,0,0,0,33,0.209,0.323,0.383,0.706
Brandon Dixon,SDP,327,283,67,46,13,0,8,44,51,0,0,0,45,0.237,0.339,0.367,0.706
Gavin Lux,SFG,165,133,31,21,9,0,1,32,21,0,0,0,15,0.233,0.382,0.323,0.705
Trea Turner,PHI,326,277,63,42,12,2,7,49,53,0,0,0,37,0.227,0.344,0.361,0.705
Wil Myers,CIN,164,140,32,23,4,0,5,24,30,0,0,0,25,0.229,0.341,0.364,0.705
Cristian Pache,CIN,196,171,43,31,9,0,3,25,35,0,0,0,17,0.251,0.347,0.357,0.704
Eloy Jiménez,TBR,324,271,64,47,11,0,6,53,44,0,0,0,37,0.236,0.361,0.343,0.704
Kyle Isbel,KCR,212,187,45,32,7,0,6,25,35,0,0,0,25,0.241,0.33,0.374,0.704
Tony Kemp,TBR,208,173,39,26,9,0,4,35,32,0,0,0,27,0.225,0.356,0.347,0.703
Whit Merrifield,LAA,162,132,30,21,6,1,2,30,28,0,0,0,20,0.227,0.37,0.333,0.703
Tyler Heineman,LAA,161,143,32,19,7,1,5,18,30,0,0,0,20,0.224,0.311,0.392,0.703
Christian Koss,SFG,162,141,33,20,9,2,2,21,26,0,0,0,16,0.234,0.333,0.369,0.702
George Springer,TOR,357,302,63,38,12,2,11,55,58,0,0,0,45,0.209,0.331,0.371,0.702
Shay Whitcomb,HOU,316,275,67,47,14,0,6,41,39,0,0,0,37,0.244,0.342,0.36,0.702
Joshua Palacios,BAL,343,285,59,35,14,0,10,58,58,0,0,0,38,0.207,0.341,0.361,0.702
Andrew McCutchen,PIT,290,247,56,40,7,1,8,43,55,0,0,0,36,0.227,0.341,0.36,0.701
Eduardo Escobar,CLE,174,142,30,21,4,0,5,32,29,0,0,0,15,0.211,0.356,0.345,0.701
Eric Wagaman,NYM,328,271,59,39,11,3,6,57,50,0,0,0,30,0.218,0.354,0.347,0.701
Coco Montes,DET,160,136,28,12,12,1,3,24,22,0,0,0,19,0.206,0.325,0.375,0.7
Kyle McCann,OAK,186,153,34,26,3,0,5,33,42,0,0,0,14,0.222,0.36,0.34,0.7
Jose Iglesias,SFG,132,110,26,19,5,0,2,22,15,0,0,0,12,0.236,0.364,0.336,0.7
Zach Remillard,CHW,179,151,38,28,9,0,1,28,33,0,0,0,21,0.252,0.369,0.331,0.7
Jean Segura,MIA,301,256,61,43,13,0,5,45,34,0,0,0,40,0.238,0.352,0.348,0.7
Nolan Jones,NYM,323,274,64,44,14,0,6,49,54,0,0,0,38,0.234,0.35,0.35,0.7
Luis Rengifo,LAA,165,138,32,21,9,0,2,27,37,0,0,0,10,0.232,0.358,0.341,0.699
Chad Wallach,LAA,167,148,30,15,7,1,7,19,28,0,0,0,26,0.203,0.293,0.405,0.698
Matthew Batten,SDP,296,251,60,43,12,1,4,45,38,0,0,0,28,0.239,0.355,0.343,0.698
Jesús Aguilar,OAK,163,142,32,19,9,0,4,21,24,0,0,0,16,0.225,0.325,0.373,0.698
Adam Duvall,HOU,312,264,57,36,11,3,7,48,49,0,0,0,30,0.216,0.337,0.36,0.697
Brandon Nimmo,NYM,325,265,62,47,11,0,4,60,49,0,0,0,24,0.234,0.375,0.321,0.696
Zach DeLoach,CHW,171,139,29,19,6,0,4,32,25,0,0,0,16,0.209,0.357,0.338,0.695
Lars Nootbaar,STL,326,276,61,40,12,2,7,50,53,0,0,0,44,0.221,0.34,0.355,0.695
Aaron Schunk,COL,162,134,30,18,10,1,1,28,20,0,0,0,16,0.224,0.358,0.336,0.694
Tyler Nevin,WSN,164,136,29,19,6,0,4,28,31,0,0,0,18,0.213,0.348,0.346,0.694
Michael Conforto,NYM,281,237,48,30,6,3,9,44,51,0,0,0,38,0.203,0.327,0.367,0.694
Santiago Espinal,ARI,297,255,58,38,13,1,6,42,43,0,0,0,37,0.227,0.337,0.357,0.694
Josh Lowe,TBR,319,272,63,47,8,0,8,47,42,0,0,0,39,0.232,0.345,0.349,0.694
Bobby Witt Jr.,KCR,325,273,52,28,11,0,13,52,54,0,0,0,44,0.19,0.32,0.374,0.694
David Hamilton,BOS,200,165,37,25,9,0,3,35,39,0,0,0,25,0.224,0.36,0.333,0.693
Mike Moustakas,SFG,187,166,41,29,8,1,3,21,25,0,0,0,19,0.247,0.332,0.361,0.693
Brayan Rocchio,CLE,203,169,37,24,9,0,4,34,36,0,0,0,21,0.219,0.35,0.343,0.693
Travis d'Arnaud,HOU,257,219,46,31,5,1,9,38,39,0,0,0,25,0.21,0.327,0.365,0.692
Bryan Ramos,CHW,327,275,61,42,11,1,7,52,65,0,0,0,21,0.222,0.346,0.345,0.691
Anthony Rendon,LAA,165,140,29,18,4,3,4,25,26,0,0,0,21,0.207,0.327,0.364,0.691
Jeimer Candelario,NYY,320,278,63,44,9,1,9,42,65,0,0,0,28,0.227,0.328,0.363,0.691
Trenton Brooks,DET,166,130,25,14,8,0,3,36,24,0,0,0,15,0.192,0.367,0.323,0.69
Endy Rodríguez,PIT,266,225,55,42,10,0,3,41,28,0,0,0,24,0.244,0.361,0.329,0.69
Derek Hill,BAL,362,316,71,47,14,0,10,46,60,0,0,0,54,0.225,0.323,0.364,0.687
Jose Herrera,ARI,269,234,59,43,14,0,2,35,42,0,0,0,28,0.252,0.349,0.338,0.687
Trey Lipscomb,WSN,161,135,31,22,6,1,2,26,33,0,0,0,15,0.23,0.354,0.333,0.687
Ian Happ,CHC,285,248,55,36,11,0,8,37,52,0,0,0,37,0.222,0.323,0.363,0.686
Kody Clemens,DET,196,173,39,28,4,0,7,23,34,0,0,0,21,0.225,0.316,0.37,0.686
Kole Calhoun,CLE,216,187,45,34,7,0,4,29,30,0,0,0,22,0.241,0.343,0.342,0.685
Niko Kavadas,LAA,225,196,48,33,13,0,2,29,53,0,0,0,27,0.245,0.342,0.342,0.684
Reese McGuire,LAA,162,140,31,20,7,0,4,22,31,0,0,0,21,0.221,0.327,0.357,0.684
Alan Trejo,COL,165,139,31,20,8,1,2,26,17,0,0,0,16,0.223,0.345,0.338,0.683
Alex Call,SEA,488,421,98,73,13,2,10,67,90,0,0,0,49,0.233,0.338,0.344,0.682
Nick Martini,OAK,167,145,33,23,6,0,4,22,25,0,0,0,17,0.228,0.329,0.352,0.681
Jake Mangum,TBR,276,240,58,41,12,4,1,36,29,0,0,0,30,0.242,0.341,0.338,0.679
Matt Duffy,OAK,166,146,36,24,10,2,0,20,29,0,0,0,11,0.247,0.337,0.342,0.679
Robbie Grossman,TBR,312,266,58,38,13,0,7,46,68,0,0,0,35,0.218,0.333,0.346,0.679
Lawrence Butler,OAK,219,174,34,23,6,0,5,45,38,0,0,0,29,0.195,0.361,0.316,0.677
Willie MacIver,OAK,174,153,33,20,8,0,5,21,27,0,0,0,28,0.216,0.31,0.366,0.676
Victor Scott II,STL,178,138,30,22,7,1,0,40,23,0,0,0,19,0.217,0.393,0.283,0.676
Chadwick Tromp,SEA,517,453,105,69,28,0,8,64,89,0,0,0,55,0.232,0.327,0.347,0.674
Rodolfo Castro,SFG,156,131,30,22,6,0,2,25,27,0,0,0,12,0.229,0.353,0.321,0.674
Jacob Wilson,OAK,162,137,31,21,8,0,2,25,22,0,0,0,15,0.226,0.346,0.328,0.674
Luken Baker,STL,339,278,61,41,17,0,3,61,44,0,0,0,21,0.219,0.36,0.313,0.673
Carson Kelly,BAL,347,303,67,46,11,1,9,44,62,0,0,0,35,0.221,0.32,0.353,0.673
Jonah Bride,HOU,182,155,33,24,3,1,5,27,39,0,0,0,16,0.213,0.33,0.342,0.672
Luke Williams,KCR,323,273,64,44,18,1,1,50,45,0,0,0,18,0.234,0.353,0.319,0.672
Daulton Varsho,TOR,339,305,66,37,19,0,10,34,56,0,0,0,39,0.216,0.295,0.377,0.672
Michael Siani,TEX,169,145,37,29,8,0,0,24,25,0,0,0,12,0.255,0.361,0.31,0.671
Marcelo Mayer,BOS,234,203,43,28,8,0,7,31,38,0,0,0,25,0.212,0.316,0.355,0.671
Estevan Florial,SDP,320,281,63,44,10,1,8,39,66,0,0,0,41,0.224,0.319,0.352,0.671
Sandy León,CLE,166,151,36,23,10,0,3,15,29,0,0,0,18,0.238,0.307,0.364,0.671
José Azocar,OAK,160,139,33,24,7,0,2,21,20,0,0,0,13,0.237,0.338,0.331,0.669
Anthony Volpe,NYY,330,281,58,37,12,0,9,49,55,0,0,0,33,0.206,0.324,0.345,0.669
Kevin Kiermaier,TEX,183,153,36,27,8,0,1,30,31,0,0,0,18,0.235,0.361,0.307,0.668
Grae Kessinger,HOU,171,135,26,19,3,0,4,36,28,0,0,0,16,0.193,0.363,0.304,0.667
Liover Peguero,PIT,237,189,35,22,7,0,6,48,34,0,0,0,32,0.185,0.35,0.317,0.667
Noelvi Marte,CIN,167,143,29,17,6,3,3,24,27,0,0,0,17,0.203,0.317,0.35,0.667
Clint Frazier,CHW,167,137,30,19,10,1,0,30,28,0,0,0,13,0.219,0.359,0.307,0.666
Brandon Crawford,PHI,293,240,48,28,15,1,4,53,44,0,0,0,32,0.2,0.345,0.321,0.666
Mickey Gasper,NYY,276,222,45,30,11,0,4,54,48,0,0,0,33,0.203,0.359,0.306,0.665
David Hensley,NYY,324,277,57,37,11,0,9,47,70,0,0,0,26,0.206,0.321,0.343,0.664
Jacob Amaya,NYY,300,254,61,48,10,2,1,46,53,0,0,0,18,0.24,0.357,0.307,0.664
Angel Martínez,CLE,181,151,36,29,6,0,1,30,25,0,0,0,9,0.238,0.365,0.298,0.663
Steven Kwan,CLE,175,153,30,16,8,0,6,22,28,0,0,0,28,0.196,0.297,0.366,0.663
Miguel Sanó,LAA,297,238,49,39,4,0,6,59,74,0,0,0,15,0.206,0.364,0.298,0.662
Nacho Alvarez Jr.,ATL,411,347,73,46,19,2,6,64,74,0,0,0,43,0.21,0.333,0.329,0.662
JJ Bleday,OAK,197,177,37,21,9,1,6,20,39,0,0,0,25,0.209,0.289,0.373,0.662
Justyn-Henry Malloy,DET,165,142,28,20,1,0,7,23,37,0,0,0,14,0.197,0.309,0.352,0.661
Michael Chavis,WSN,163,147,34,22,9,0,3,16,26,0,0,0,20,0.231,0.307,0.354,0.661
Jeremy Peña,HOU,194,160,30,19,5,0,6,34,32,0,0,0,22,0.188,0.33,0.331,0.661
Austin Wynns,NYM,212,192,44,32,4,3,5,20,48,0,0,0,25,0.229,0.302,0.359,0.661
Oswaldo Cabrera,NYY,289,237,46,30,8,2,6,52,42,0,0,0,28,0.194,0.339,0.321,0.66
Garrett Stubbs,PHI,215,176,40,30,9,1,0,39,33,0,0,0,27,0.227,0.367,0.29,0.657
Amed Rosario,CHC,180,158,36,27,4,2,3,22,21,0,0,0,11,0.228,0.322,0.335,0.657
Kameron Misner,TBR,287,232,43,24,12,3,4,55,56,0,0,0,30,0.185,0.341,0.315,0.656
Andy Ibáñez,DET,171,148,29,17,6,1,5,23,31,0,0,0,22,0.196,0.304,0.351,0.655
Freddy Fermin,DET,164,142,30,20,6,0,4,22,26,0,0,0,19,0.211,0.317,0.338,0.655
Jackie Bradley Jr.,KCR,281,249,56,39,11,0,6,32,44,0,0,0,27,0.225,0.313,0.341,0.654
Dominic Smith,NYM,206,181,39,25,9,1,4,25,41,0,0,0,19,0.215,0.311,0.343,0.654
Luke Voit,MIL,279,221,48,36,12,0,0,58,43,0,0,0,20,0.217,0.38,0.271,0.651
Brian Serven,COL,161,133,32,27,5,0,0,28,28,0,0,0,13,0.241,0.373,0.278,0.651
Vaughn Grissom,WSN,162,137,32,23,9,0,0,25,22,0,0,0,14,0.234,0.352,0.299,0.651
Matt McLain,CIN,235,193,39,27,8,0,4,42,49,0,0,0,25,0.202,0.345,0.306,0.651
Jonatan Clase,HOU,185,153,31,19,10,0,2,32,25,0,0,0,19,0.203,0.341,0.307,0.648
Mason McCoy,CIN,163,133,29,22,6,0,1,30,37,0,0,0,12,0.218,0.362,0.286,0.648
Jesús Sánchez,LAA,213,188,36,23,4,0,9,25,38,0,0,0,29,0.191,0.286,0.356,0.642
Javier Báez,DET,162,140,30,21,6,0,3,22,21,0,0,0,15,0.214,0.321,0.321,0.642
Samad Taylor,TBR,197,163,37,29,7,1,0,34,36,0,0,0,17,0.227,0.36,0.282,0.642
Oswald Peraza,SFG,166,141,32,24,7,0,1,25,27,0,0,0,14,0.227,0.343,0.298,0.641
Jace Peterson,KCR,166,143,30,20,7,0,3,23,36,0,0,0,15,0.21,0.319,0.322,0.641
Jonathan Ornelas,PIT,163,134,29,22,5,2,0,29,20,0,0,0,6,0.216,0.356,0.284,0.64
Ben Williamson,SEA,475,392,84,61,19,2,2,83,84,0,0,0,37,0.214,0.352,0.288,0.64
Brandon Lockridge,LAD,341,295,67,53,9,0,5,46,50,0,0,0,22,0.227,0.331,0.308,0.639
Hyeseong Kim,LAD,331,288,59,36,16,1,6,43,67,0,0,0,35,0.205,0.308,0.33,0.638
Tucupita Marcano,PIT,179,148,31,24,4,1,2,31,23,0,0,0,10,0.209,0.346,0.291,0.637
Xander Bogaerts,SDP,347,296,62,45,10,1,6,51,57,0,0,0,29,0.209,0.326,0.311,0.637
Josh Naylor,CIN,225,189,36,21,10,1,4,36,38,0,0,0,23,0.19,0.32,0.317,0.637
Daz Cameron,OAK,241,205,36,21,6,0,9,36,38,0,0,0,35,0.176,0.299,0.337,0.636
Masyn Winn,STL,210,178,36,24,8,1,3,32,35,0,0,0,11,0.202,0.324,0.309,0.633
Tyler Freeman,LAD,355,306,69,51,15,1,2,49,56,0,0,0,37,0.225,0.332,0.301,0.633
Bligh Madris,KCR,166,144,31,24,3,1,3,22,31,0,0,0,21,0.215,0.319,0.312,0.631
Brandon Drury,LAA,171,150,32,23,5,1,3,21,19,0,0,0,20,0.213,0.31,0.32,0.63
Danny Mendick,STL,185,156,34,28,3,1,2,29,33,0,0,0,14,0.218,0.341,0.288,0.629
Miguel Andujar,SFG,160,139,30,21,7,0,2,21,27,0,0,0,16,0.216,0.319,0.309,0.628
Adam Frazier,CLE,189,166,33,19,10,0,4,23,22,0,0,0,20,0.199,0.296,0.331,0.627
Connor Joe,COL,164,147,32,23,5,1,3,17,30,0,0,0,16,0.218,0.299,0.327,0.626
Zach McKinstry,DET,163,141,28,20,3,1,4,22,27,0,0,0,20,0.199,0.307,0.319,0.626
Jordan Westburg,BAL,432,373,69,40,16,1,12,59,78,0,0,0,40,0.185,0.296,0.33,0.626
LaMonte Wade Jr.,WSN,199,167,33,24,5,0,4,32,41,0,0,0,19,0.198,0.327,0.299,0.626
Miles Mastrobuoni,NYY,327,273,56,38,15,1,2,54,60,0,0,0,27,0.205,0.336,0.289,0.625
Zack Gelof,OAK,183,161,33,22,7,0,4,22,30,0,0,0,10,0.205,0.301,0.323,0.624
Edward Olivares,CHC,177,154,31,23,3,0,5,23,22,0,0,0,16,0.201,0.305,0.318,0.623
Austin Hedges,MIA,290,255,52,35,10,1,6,35,57,0,0,0,24,0.204,0.3,0.322,0.622
Emmanuel Rivera,CHC,262,215,45,36,7,0,2,47,42,0,0,0,15,0.209,0.351,0.27,0.621
Luis Guillorme,WSN,160,132,29,25,3,0,1,28,22,0,0,0,11,0.22,0.356,0.265,0.621
Jose Trevino,NYM,182,152,29,17,10,0,2,30,36,0,0,0,20,0.191,0.324,0.296,0.62
Nick Senzel,CHW,240,199,35,23,5,1,6,41,41,0,0,0,25,0.176,0.317,0.302,0.619
Ronny Simon,TBR,188,160,34,26,5,2,1,28,31,0,0,0,20,0.212,0.33,0.288,0.618
Jordyn Adams,SFG,162,147,32,22,7,0,3,15,23,0,0,0,14,0.218,0.29,0.327,0.617
Ben Rortvedt,CHC,165,132,25,17,7,0,1,33,31,0,0,0,16,0.189,0.352,0.265,0.617
Jonathan Schoop,DET,179,153,34,25,9,0,0,26,21,0,0,0,16,0.222,0.335,0.281,0.616
Cam Smith,HOU,165,147,27,16,5,0,6,18,31,0,0,0,19,0.184,0.273,0.34,0.613
Mark Mathias,CLE,167,139,30,23,7,0,0,28,29,0,0,0,12,0.216,0.347,0.266,0.613
Johan Rojas,PHI,227,194,41,32,6,1,2,33,36,0,0,0,16,0.211,0.326,0.284,0.61
José Fermín,STL,188,165,39,32,7,0,0,23,30,0,0,0,17,0.236,0.33,0.279,0.609
Coby Mayo,BAL,320,279,53,36,8,0,9,41,60,0,0,0,35,0.19,0.294,0.315,0.609
Miguel Cabrera,DET,168,134,27,23,3,0,1,34,25,0,0,0,15,0.201,0.363,0.246,0.609
Vinny Capra,MIN,321,275,64,56,7,1,0,46,49,0,0,0,16,0.233,0.343,0.265,0.608
Oliver Dunn,MIL,330,288,60,41,15,1,3,42,53,0,0,0,28,0.208,0.309,0.299,0.608
Myles Straw,WSN,162,141,30,22,6,1,1,21,24,0,0,0,14,0.213,0.315,0.291,0.606
José Caballero,WSN,164,141,31,23,8,0,0,23,28,0,0,0,9,0.22,0.329,0.277,0.606
Travis Jankowski,CHC,165,145,31,25,3,0,3,20,21,0,0,0,13,0.214,0.309,0.297,0.606
Jonathan Davis,MIA,237,198,36,24,7,1,4,39,39,0,0,0,23,0.182,0.316,0.288,0.604
Hayden Senger,NYM,253,221,49,40,6,2,1,32,40,0,0,0,24,0.222,0.32,0.281,0.601
Christian Arroyo,BOS,279,246,47,27,14,2,4,33,39,0,0,0,31,0.191,0.287,0.313,0.6
Christian Bethancourt,SFG,172,149,28,19,5,0,4,23,23,0,0,0,18,0.188,0.297,0.302,0.599
Nicky Lopez,MIL,209,176,34,24,7,1,2,33,35,0,0,0,27,0.193,0.321,0.278,0.599
Daniel Johnson,COL,218,189,37,22,12,2,1,29,35,0,0,0,21,0.196,0.303,0.296,0.599
Bubba Thompson,CHC,164,131,26,22,3,1,0,33,25,0,0,0,16,0.198,0.36,0.237,0.597
Chandler Simpson,TBR,183,165,40,34,6,0,0,18,29,0,0,0,11,0.242,0.317,0.279,0.596
Forrest Wall,PHI,204,167,31,22,7,0,2,37,37,0,0,0,15,0.186,0.333,0.263,0.596
Ji Hwan Bae,PIT,163,137,20,8,6,1,5,26,19,0,0,0,20,0.146,0.282,0.314,0.596
Taylor Motter,STL,288,239,50,40,10,0,0,49,42,0,0,0,12,0.209,0.344,0.251,0.595
David Villar,SFG,162,137,23,14,4,1,4,25,35,0,0,0,17,0.168,0.296,0.299,0.595
Adael Amador,COL,166,141,30,25,4,0,1,25,25,0,0,0,16,0.213,0.331,0.262,0.593
Ali Sánchez,CIN,167,142,29,22,6,0,1,25,19,0,0,0,9,0.204,0.323,0.268,0.591
Enrique Hernández,WSN,179,160,34,27,4,0,3,19,24,0,0,0,18,0.212,0.296,0.294,0.59
Bobby Dalbec,COL,171,143,26,17,7,0,2,28,39,0,0,0,13,0.182,0.316,0.273,0.589
David Fletcher,WSN,149,127,27,23,3,0,1,22,21,0,0,0,14,0.213,0.329,0.26,0.589
Hunter Feduccia,KCR,166,143,27,14,12,1,0,23,26,0,0,0,13,0.189,0.301,0.287,0.588
Jung Hoo Lee,SFG,160,134,25,19,3,1,2,26,17,0,0,0,8,0.187,0.319,0.269,0.588
Jorbit Vivas,NYY,244,208,43,33,9,0,1,36,39,0,0,0,27,0.207,0.324,0.264,0.588
Tucker Barnhart,WSN,153,135,32,29,3,0,0,18,27,0,0,0,12,0.237,0.327,0.259,0.586
Darin Ruf,MIA,365,293,57,46,11,0,0,72,69,0,0,0,21,0.195,0.353,0.232,0.585
Luis Arraez,CHC,165,150,33,25,6,1,1,15,31,0,0,0,9,0.22,0.291,0.293,0.584
Brett Sullivan,SFG,117,102,21,16,4,0,1,15,18,0,0,0,10,0.206,0.308,0.275,0.583
Garrett Hampson,CIN,163,131,23,18,3,0,2,32,24,0,0,0,10,0.176,0.337,0.244,0.581
Nick Ahmed,PIT,166,141,22,8,11,0,3,25,22,0,0,0,17,0.156,0.283,0.298,0.581
Kyle Karros,COL,174,143,27,21,5,0,1,31,30,0,0,0,9,0.189,0.333,0.245,0.578
Ryan Kreidler,DET,153,128,24,18,4,1,1,25,23,0,0,0,9,0.188,0.32,0.258,0.578
Isiah Kiner-Falefa,PIT,163,146,27,17,6,0,4,17,28,0,0,0,13,0.185,0.27,0.308,0.578
Tyler Black,MIL,268,215,41,34,7,0,0,53,44,0,0,0,23,0.191,0.351,0.223,0.574
Justin Foscue,TEX,318,267,53,40,13,0,0,51,46,0,0,0,23,0.199,0.327,0.247,0.574
Osleivis Basabe,TBR,228,189,35,27,6,0,2,39,30,0,0,0,18,0.185,0.325,0.249,0.574
Will Robertson,SFG,106,87,15,8,7,0,0,19,16,0,0,0,6,0.172,0.321,0.253,0.574
Tim Anderson,COL,161,134,28,25,3,0,0,27,25,0,0,0,7,0.209,0.342,0.231,0.573
Jhonny Pereda,TEX,179,148,28,21,6,1,0,31,36,0,0,0,16,0.189,0.33,0.243,0.573
Blake Perkins,MIL,305,261,51,40,8,0,3,44,58,0,0,0,23,0.195,0.311,0.261,0.572
Josh Rojas,HOU,168,142,26,17,7,2,0,26,28,0,0,0,13,0.183,0.31,0.261,0.571
Conner Capel,TEX,167,142,29,23,6,0,0,25,24,0,0,0,13,0.204,0.323,0.246,0.569
Drew Romo,COL,158,130,24,18,5,1,0,28,30,0,0,0,7,0.185,0.329,0.238,0.567
Drew Millas,WSN,164,133,25,22,1,2,0,31,19,0,0,0,14,0.188,0.341,0.226,0.567
Jordan Lawlar,ARI,281,245,51,41,9,1,0,36,47,0,0,0,25,0.208,0.31,0.253,0.563
Braxton Fulford,COL,281,254,49,33,11,1,4,27,44,0,0,0,20,0.193,0.27,0.291,0.561
Curt Casali,WSN,162,138,23,15,5,0,3,24,23,0,0,0,14,0.167,0.29,0.268,0.558
Yanquiel Fernández,COL,193,169,30,19,8,0,3,24,39,0,0,0,15,0.178,0.28,0.278,0.558
Matt Beaty,CLE,170,143,27,22,4,0,1,27,31,0,0,0,8,0.189,0.318,0.238,0.556
Ben Gamel,CIN,164,139,26,19,6,1,0,25,36,0,0,0,8,0.187,0.311,0.245,0.556
Nick Sogard,BOS,224,187,35,29,4,1,1,37,32,0,0,0,17,0.187,0.321,0.235,0.556
Nick Yorke,PIT,169,148,24,16,3,0,5,21,20,0,0,0,19,0.162,0.266,0.284,0.55
Jacob Melton,HOU,318,274,52,36,16,0,0,44,65,0,0,0,23,0.19,0.302,0.248,0.55
Tyler Wade,CHC,164,144,30,25,5,0,0,20,35,0,0,0,14,0.208,0.305,0.243,0.548
Vidal Bruján,PIT,163,147,30,22,7,1,0,16,27,0,0,0,11,0.204,0.282,0.265,0.547
Jacob Hurtubise,CIN,163,139,26,20,6,0,0,24,28,0,0,0,15,0.187,0.307,0.23,0.537
Steward Berroa,NYM,173,135,21,17,3,1,0,38,20,0,0,0,7,0.156,0.341,0.193,0.534
Pablo Reyes,MIN,336,291,51,38,10,0,3,45,58,0,0,0,35,0.175,0.286,0.241,0.527
Michael Stefanic,MIL,241,208,38,30,7,0,1,33,36,0,0,0,21,0.183,0.295,0.231,0.526
Austin Nola,TOR,316,288,53,39,11,1,2,28,49,0,0,0,33,0.184,0.256,0.25,0.506
Cole Tucker,OAK,166,146,27,22,5,0,0,20,30,0,0,0,3,0.185,0.283,0.219,0.502
Max Schuemann,OAK,163,142,23,19,1,0,3,21,28,0,0,0,10,0.162,0.27,0.232,0.502
Yuli Gurriel,TEX,205,176,29,20,9,0,0,29,33,0,0,0,15,0.165,0.283,0.216,0.499
Henry Ramos,CIN,163,135,21,16,5,0,0,28,25,0,0,0,9,0.156,0.301,0.193,0.494
Jacob Young,WSN,162,133,22,21,1,0,0,29,23,0,0,0,15,0.165,0.315,0.173,0.488
Chuckie Robinson,WSN,142,124,21,17,4,0,0,18,23,0,0,0,5,0.169,0.275,0.202,0.477
Yonathan Daza,COL,157,138,23,18,5,0,0,19,25,0,0,0,8,0.167,0.268,0.203,0.471
Will Wilson,CLE,258,221,32,23,8,1,0,37,45,0,0,0,15,0.145,0.267,0.19,0.457
