Name,Team,PA,O-Swing%,Z-Swing%,Swing%,O-Contact%,Z-Contact%,Contact%,Zone%,Pace,NameASCII,PlayerId,MLBAMID
"Kyle Tucker","- - -",1598,0.19559322,0.68582971,0.45136187,0.59965338,0.88717716,0.82758621,0.52172503,20.55363775,"Kyle Tucker",18345,663656
"Triston Casas","BOS",857,0.22957422,0.6586758,0.44498567,0.51879699,0.79636049,0.72504829,0.50200573,20.31949733,"Triston Casas",22514,671213
"Josh Naylor","- - -",1678,0.36245847,0.71568627,0.53122831,0.65169569,0.88381532,0.80111039,0.4777932,20.22827688,"Josh Naylor",18839,647304
"Jeff McNeil","NYM",1530,0.29428229,0.74013045,0.53417067,0.69021739,0.92115028,0.86237898,0.5380495,20.17196793,"Jeff McNeil",15362,643446
"Adam Duvall","- - -",683,0.33674272,0.6309795,0.48647604,0.53504673,0.82912154,0.72915012,0.50888717,20.07135307,"Adam Duvall",10950,594807
"Jake Mangum","TBR",372,0.43286219,0.77709924,0.61752662,0.71836735,0.8978389,0.83952255,0.53644554,20.00235849,"Jake Mangum",26202,663968
"Trent Grisham","- - -",1280,0.1957412,0.55876217,0.39206469,0.55857741,0.84443062,0.77889688,0.54080481,19.96817504,"Trent Grisham",18564,663757
"Christian Walker","- - -",1796,0.26424724,0.70971185,0.4937457,0.46888412,0.84323308,0.74610245,0.515189,19.95291316,"Christian Walker",13419,572233
"James McCann","- - -",564,0.34165834,0.68255396,0.5210601,0.45321637,0.83530962,0.71662125,0.52626597,19.9422453,"James McCann",12859,543510
"Anthony Santander","- - -",1530,0.34736532,0.65938865,0.49309696,0.7,0.86245543,0.80146357,0.46705366,19.89499896,"Anthony Santander",14551,623993
"Brandon Drury","LAA",883,0.30816452,0.67186597,0.49553571,0.51195219,0.84092863,0.74174174,0.51517857,19.72109121,"Brandon Drury",11615,592273
"Cal Raleigh","SEA",1830,0.31695721,0.71467991,0.51147099,0.51083333,0.81583012,0.71926121,0.48906883,19.66762487,"Cal Raleigh",21534,663728
"J.D. Martinez","- - -",974,0.30848329,0.70233266,0.50676538,0.37,0.82743682,0.68916877,0.50344652,19.63989108,"J.D. Martinez",6184,502110
"Max Muncy","LAD",1227,0.21840355,0.6101083,0.40623197,0.50253807,0.82445759,0.734375,0.47951529,19.60948537,"Max Muncy",13301,571970
"Ryan Mountcastle","BAL",1297,0.37741273,0.74121538,0.55871446,0.56800871,0.8404908,0.74815634,0.49835187,19.56800226,"Ryan Mountcastle",18373,663624
"Yan Gomes","CHC",515,0.38208033,0.68787879,0.53646099,0.5606469,0.86196769,0.75570342,0.50484447,19.533241,"Yan Gomes",9627,543228
"J.T. Realmuto","PHI",1453,0.31141618,0.67364447,0.49718409,0.56264501,0.86245543,0.77097345,0.51284759,19.52833768,"J.T. Realmuto",11739,592663
"Patrick Bailey","SFG",1207,0.28431808,0.6538769,0.47885546,0.496875,0.86430318,0.76098418,0.52640438,19.52033898,"Patrick Bailey",27478,672275
"Ozzie Albies","ATL",1713,0.35294118,0.76978892,0.54996103,0.680067,0.87574979,0.80952381,0.47264224,19.51386519,"Ozzie Albies",16556,645277
"Austin Hays","- - -",1206,0.32240437,0.67057762,0.49728015,0.47457627,0.83916555,0.72151322,0.50226655,19.51048513,"Austin Hays",19363,669720
"Matt Thaiss","- - -",683,0.21428571,0.6901605,0.46109301,0.48070175,0.75530839,0.69387755,0.51863916,19.49927501,"Matt Thaiss",19318,642136
"Patrick Wisdom","CHC",476,0.25257732,0.68160153,0.47548291,0.36734694,0.81538462,0.70104167,0.51956414,19.49804941,"Patrick Wisdom",13602,621550
"José Caballero","- - -",1094,0.30954545,0.60768176,0.45817187,0.55359765,0.85252069,0.75124378,0.49851835,19.46670739,"Jose Caballero",23401,676609
"Nathan Lukes","TOR",509,0.30484988,0.64170616,0.48984904,0.78030303,0.90398818,0.86928799,0.54919313,19.46044191,"Nathan Lukes",18123,664770
"Andrew Knizner","- - -",408,0.39886846,0.66666667,0.53671929,0.64539007,0.83,0.76342711,0.51475635,19.45419847,"Andrew Knizner",19514,668800
"Jose Altuve","HOU",1695,0.36079976,0.63684396,0.48843648,0.69941226,0.88550885,0.81160387,0.46237785,19.45022523,"Jose Altuve",5417,514888
"Kerry Carpenter","DET",1171,0.34318996,0.70380559,0.521414,0.56527415,0.84820847,0.75401999,0.49422162,19.44608295,"Kerry Carpenter",25961,681481
"Brandon Crawford","- - -",400,0.32349166,0.71952818,0.51945525,0.43253968,0.83060109,0.70536829,0.49481193,19.43421053,"Brandon Crawford",5343,543063
"Lourdes Gurriel Jr.","ARI",1691,0.30892678,0.68625076,0.50691244,0.62121212,0.89938217,0.81880878,0.52471,19.42869622,"Lourdes Gurriel Jr.",19238,666971
"Ty France","- - -",1673,0.30960854,0.72678459,0.52069682,0.56217346,0.89135159,0.7946593,0.50599329,19.41130092,"Ty France",17982,664034
"Kevin Pillar","- - -",563,0.384689,0.69187675,0.54017013,0.58706468,0.8731444,0.77252843,0.50614367,19.39051332,"Kevin Pillar",12434,607680
"Mike Moustakas","- - -",386,0.34992888,0.69026549,0.53012048,0.54471545,0.83516484,0.74494949,0.52945114,19.37958818,"Mike Moustakas",4892,519058
"Juan Soto","- - -",2063,0.17157085,0.55784623,0.3580377,0.59234828,0.87347826,0.80379333,0.48273036,19.34985287,"Juan Soto",20123,665742
"DJ Stewart","NYM",379,0.22572178,0.69107856,0.45670853,0.38372093,0.78998073,0.68885673,0.49636484,19.34817453,"DJ Stewart",17766,621466
"Trevor Story","BOS",865,0.34536082,0.70087977,0.53147068,0.47201493,0.83514644,0.72270364,0.52348787,19.33642105,"Trevor Story",12564,596115
"Yainer Diaz","HOU",1509,0.42846662,0.7725358,0.58862745,0.61215753,0.87241003,0.77115256,0.4654902,19.33071969,"Yainer Diaz",23003,673237
"Jacob Stallings","- - -",686,0.26577287,0.62235208,0.45089116,0.47774481,0.8556338,0.74852817,0.51915055,19.32503888,"Jacob Stallings",13723,607732
"Ben Rice","NYY",652,0.21163166,0.66004584,0.44208873,0.48854962,0.875,0.78507993,0.51393797,19.31813362,"Ben Rice",29576,700250
"Heston Kjerstad","BAL",314,0.36348123,0.74099485,0.55175364,0.50704225,0.83796296,0.72868217,0.49871685,19.30985915,"Heston Kjerstad",31166,677008
"Justin Turner","- - -",1341,0.25225225,0.63087467,0.45478352,0.69642857,0.89756855,0.84568138,0.5349162,19.30082418,"Justin Turner",5235,457759
"Austin Wells","NYY",897,0.29082516,0.70684932,0.50421585,0.50793651,0.84496124,0.75027871,0.51292861,19.29476065,"Austin Wells",27562,669224
"Nolan Arenado","STL",1641,0.32371795,0.6379538,0.47853659,0.66930693,0.91670978,0.83180428,0.49268293,19.28305235,"Nolan Arenado",9777,571448
"Anthony Rizzo","NYY",796,0.33354673,0.64350649,0.48742747,0.60652591,0.89606458,0.7962963,0.4964539,19.27692979,"Anthony Rizzo",3473,519203
"Rafael Devers","- - -",1915,0.29381966,0.71959639,0.50168525,0.65172414,0.76162362,0.72868217,0.48820327,19.2767642,"Rafael Devers",17350,646240
"Bryan Reynolds","PIT",1923,0.28922447,0.71111727,0.49174874,0.48495575,0.84288499,0.73342355,0.48003726,19.27651175,"Bryan Reynolds",19326,668804
"Elias Díaz","- - -",1145,0.32959851,0.73975127,0.53605379,0.4815864,0.83188045,0.72491349,0.50336193,19.26730159,"Elias Diaz",11680,553869
"Pete Crow-Armstrong","CHC",1013,0.41518847,0.77477477,0.59357542,0.57543391,0.81322674,0.72941176,0.49608939,19.2479436,"Pete Crow-Armstrong",27769,691718
"Will Smith","LAD",1534,0.23518103,0.62678147,0.43843427,0.67302452,0.86736144,0.8172232,0.51903221,19.24408493,"Will Smith",19197,669257
"Josh Jung","TEX",1152,0.33609959,0.69283122,0.51589298,0.54046639,0.83693517,0.74113475,0.50400183,19.24305772,"Josh Jung",26299,673962
"Alec Bohm","PHI",1681,0.2737964,0.67373523,0.49302557,0.66711409,0.91142086,0.85011788,0.54815676,19.24253645,"Alec Bohm",21618,664761
"Tyrone Taylor","- - -",916,0.33249211,0.63958561,0.49722141,0.55597723,0.89087809,0.78705882,0.53641416,19.23954984,"Tyrone Taylor",13675,621438
"Vinnie Pasquantino","KCR",1423,0.30511594,0.64042475,0.47320117,0.68878166,0.92910234,0.85182312,0.50128488,19.22618454,"Vinnie Pasquantino",27676,686469
"Jonah Heim","TEX",1388,0.30671937,0.71581197,0.52191832,0.63530928,0.86368159,0.80007179,0.52603972,19.22055457,"Jonah Heim",16930,641680
"Christian Bethancourt","- - -",479,0.46137106,0.75546976,0.59610849,0.5,0.79897785,0.6735905,0.45813679,19.21217105,"Christian Bethancourt",10028,542194
"Brandon Marsh","PHI",1325,0.27327863,0.59856766,0.43145161,0.53133159,0.87405542,0.76253186,0.48625367,19.20587521,"Brandon Marsh",20202,669016
"Joey Bart","- - -",678,0.24774775,0.59665698,0.42503693,0.49090909,0.8501827,0.74717637,0.50812408,19.20406142,"Joey Bart",21524,663698
"Dansby Swanson","CHC",1813,0.23935213,0.70128172,0.48609753,0.46992481,0.80044759,0.72463352,0.53416236,19.19197438,"Dansby Swanson",18314,621020
"Jake Cronenworth","SDP",1640,0.24350548,0.63188811,0.44859675,0.64395887,0.9207614,0.84985183,0.52806499,19.18072998,"Jake Cronenworth",18036,630105
"Willson Contreras","STL",1404,0.3008817,0.67657856,0.48879912,0.45543346,0.83125339,0.71562735,0.50018362,19.18005471,"Willson Contreras",11609,575929
"Chandler Simpson","TBR",381,0.28860294,0.60585885,0.47258687,0.77707006,0.94725275,0.90359477,0.57992278,19.17252747,"Chandler Simpson",31912,802415
"Jo Adell","LAA",1029,0.30687318,0.71841332,0.51144109,0.49053628,0.82890252,0.72679676,0.49707887,19.16889469,"Jo Adell",20220,666176
"Angel Martínez","CLE",608,0.39138241,0.64940577,0.52399651,0.64449541,0.89803922,0.805995,0.51396161,19.15836833,"Angel Martinez",26540,682657
"Sean Murphy","ATL",1039,0.24949799,0.66160221,0.46445725,0.47484909,0.82254697,0.73319545,0.52161383,19.15268886,"Sean Murphy",19352,669221
"Enrique Hernández","- - -",1122,0.28394474,0.66241758,0.48079561,0.55536913,0.85865959,0.77270566,0.52011888,19.14819389,"Enrique Hernandez",10472,571771
"Myles Straw","- - -",798,0.25194401,0.589214,0.44602179,0.7654321,0.9104187,0.87564767,0.57543744,19.14663677,"Myles Straw",17620,664702
"Luis Matos","SFG",588,0.31527094,0.67305936,0.50094787,0.6625,0.91994573,0.84200568,0.51895735,19.1320132,"Luis Matos",26467,682641
"Nick Ahmed","- - -",448,0.34585492,0.67120181,0.51934704,0.60674157,0.81418919,0.74970896,0.53325272,19.12978369,"Nick Ahmed",12147,605113
"Bo Bichette","TOR",1565,0.352326,0.7392638,0.55125285,0.62128966,0.90871369,0.81945327,0.51410548,19.12958494,"Bo Bichette",19612,666182
"Bryson Stott","PHI",1715,0.28091926,0.55711319,0.42952926,0.7664155,0.89981361,0.8595122,0.53806398,19.12891922,"Bryson Stott",26294,681082
"Eddie Rosario","- - -",843,0.41240876,0.70895522,0.55259782,0.60619469,0.8076555,0.72838073,0.47273894,19.12659341,"Eddie Rosario",12155,592696
"Jonny DeLuca","- - -",466,0.36811927,0.69675926,0.53168203,0.62616822,0.8654485,0.78223185,0.49769585,19.1022187,"Jonny DeLuca",26365,676356
"Casey Schmitt","SFG",690,0.34912718,0.6991359,0.52907916,0.50952381,0.8741573,0.75725191,0.5141357,19.10090192,"Casey Schmitt",27577,669477
"Matt Shaw","CHC",383,0.31762918,0.62089915,0.486158,0.67942584,0.87084149,0.81527778,0.5557056,19.09633028,"Matt Shaw",33322,807713
"Manny Machado","SDP",1868,0.28225082,0.69547978,0.50168445,0.53870626,0.85442797,0.77112479,0.5310219,19.09524718,"Manny Machado",11493,592518
"Matt Carpenter","- - -",394,0.2253012,0.58920188,0.40963139,0.44385027,0.84462151,0.73584906,0.50653983,19.09508963,"Matt Carpenter",8090,572761
"Nick Castellanos","PHI",1877,0.39306193,0.7707631,0.57561843,0.47775346,0.83141153,0.70663922,0.4833358,19.09173366,"Nick Castellanos",11737,592206
"Kyle Higashioka","- - -",824,0.28599349,0.62719812,0.46559704,0.52164009,0.8635514,0.76408217,0.52638075,19.0913242,"Kyle Higashioka",5517,543309
"Joey Wiemer","- - -",481,0.29295154,0.65635005,0.47750678,0.45864662,0.77723577,0.68104427,0.50785908,19.09084195,"Joey Wiemer",27690,686894
"Isaac Collins","MIL",427,0.18467337,0.64046122,0.43314286,0.44897959,0.85597381,0.77704485,0.54514286,19.08060837,"Isaac Collins",25477,686555
"Brooks Baldwin","CHW",417,0.34100135,0.7032967,0.53145058,0.59920635,0.85416667,0.77657005,0.52567394,19.07827617,"Brooks Baldwin",31394,681460
"Vladimir Guerrero Jr.","TOR",1989,0.24936387,0.67216166,0.4672513,0.58843537,0.86867089,0.79618768,0.51534667,19.07425556,"Vladimir Guerrero Jr.",19611,665489
"Joc Pederson","- - -",1129,0.28535354,0.61306533,0.44249726,0.64159292,0.84649776,0.77772277,0.47951807,19.07167934,"Joc Pederson",11899,592626
"Alec Burleson","STL",1428,0.34835076,0.69672447,0.52627436,0.74018476,0.88440265,0.83769634,0.51072623,19.06619061,"Alec Burleson",27615,676475
"Mauricio Dubón","HOU",1285,0.39017341,0.74051192,0.57300783,0.74691358,0.88676996,0.84123794,0.52187932,19.06338259,"Mauricio Dubon",16530,643289
"Jesús Sánchez","- - -",1389,0.34736842,0.68233451,0.50564501,0.53434343,0.84270953,0.73096633,0.47251527,19.05140421,"Jesus Sanchez",19913,660821
"Bobby Witt Jr.","KCR",2016,0.30913978,0.70272394,0.50849032,0.62869565,0.86172195,0.79180798,0.5065004,19.04564391,"Bobby Witt Jr.",25764,677951
"Travis d'Arnaud","- - -",860,0.28235294,0.72373541,0.52087714,0.47685185,0.78801843,0.71049596,0.54040252,19.04300203,"Travis d'Arnaud",7739,518595
"Nick Maton","- - -",361,0.26205192,0.66760563,0.4516129,0.49528302,0.77848101,0.6909621,0.46741277,19.03543647,"Nick Maton",21635,665155
"Bryce Harper","PHI",1696,0.34465887,0.77163636,0.52729818,0.50709779,0.84307257,0.71740413,0.42774926,19.0351357,"Bryce Harper",11579,547180
"Anthony Volpe","NYY",1846,0.27562044,0.64066496,0.47021132,0.5815678,0.83832335,0.76804871,0.53306067,19.03406593,"Anthony Volpe",27647,683011
"Royce Lewis","MIN",907,0.29411765,0.69394619,0.50086957,0.55102041,0.8457189,0.76215278,0.51710145,19.02805215,"Royce Lewis",20437,668904
"Chris Taylor","- - -",731,0.21630961,0.71731009,0.47985588,0.40255591,0.75086806,0.67645051,0.52603996,19.01948052,"Chris Taylor",13757,621035
"Brandon Lowe","TBR",1363,0.31793478,0.75409226,0.5406535,0.41025641,0.81450419,0.69817287,0.5106383,19.01886305,"Brandon Lowe",18882,664040
"Jesse Winker","- - -",786,0.19504021,0.63757999,0.43195266,0.58075601,0.8649635,0.80533526,0.53534724,19.01614238,"Jesse Winker",13590,608385
"Yordan Alvarez","HOU",1312,0.29441624,0.63121784,0.45493562,0.62864721,0.8919837,0.80278527,0.47659922,19.01193119,"Yordan Alvarez",19556,670541
"Bo Naylor","CLE",987,0.2604534,0.64686924,0.46235266,0.55512573,0.85622776,0.77523413,0.52249218,19.01079708,"Bo Naylor",21865,666310
"Spencer Steer","CIN",1841,0.24493291,0.6368758,0.45153888,0.53146853,0.8677121,0.78146487,0.52713283,19.01065751,"Spencer Steer",26323,668715
"Aaron Judge","NYY",1762,0.19404631,0.6667621,0.42592333,0.34375,0.79046801,0.68677877,0.49052099,19.00925583,"Aaron Judge",15640,592450
"Nick Gonzales","PIT",856,0.3125,0.776267,0.56047588,0.48636364,0.85429936,0.75884434,0.53469927,19.00739713,"Nick Gonzales",27490,693304
"Salvador Perez","KCR",1804,0.43321617,0.75993266,0.58521303,0.57268425,0.8422685,0.73554604,0.46522556,19.00305944,"Salvador Perez",7304,521692
"Will Brennan","CLE",821,0.37389381,0.71633987,0.55544006,0.71400394,0.89963504,0.84092327,0.53014553,19.00048403,"Will Brennan",25660,686823
"Connor Joe","- - -",968,0.2149238,0.59128329,0.41078629,0.54767726,0.85749386,0.7797546,0.52041331,18.98861353,"Connor Joe",16572,656582
"Brent Rooker","OAK",1782,0.2876398,0.70089021,0.49073939,0.37886341,0.81329382,0.68380386,0.49146857,18.98615232,"Brent Rooker",19627,667670
"Jordan Westburg","BAL",979,0.26879811,0.70372285,0.50096605,0.5154185,0.82365907,0.74655647,0.53381176,18.98181129,"Jordan Westburg",27815,676059
"Julio Rodríguez","SEA",1973,0.36253776,0.73374788,0.54547987,0.52348485,0.82627119,0.72420838,0.4928263,18.98030888,"Julio Rodriguez",23697,677594
"Luis Torrens","- - -",426,0.28222524,0.63904035,0.48004837,0.59134615,0.87542662,0.80100756,0.55441354,18.98027938,"Luis Torrens",15905,620443
"Cedric Mullins","- - -",1421,0.2624247,0.68848684,0.48981742,0.6025825,0.86574295,0.8,0.53370787,18.96969697,"Cedric Mullins",17929,656775
"Sam Haggerty","- - -",306,0.2556391,0.70034247,0.48835125,0.52941176,0.85085575,0.7706422,0.52329749,18.96882793,"Sam Haggerty",18054,664059
"Miguel Andujar","- - -",717,0.359447,0.67312161,0.51561897,0.69230769,0.92980437,0.84667165,0.4978789,18.96205238,"Miguel Andujar",15878,609280
"Hunter Goodman","COL",816,0.36535948,0.74312542,0.55180404,0.43112701,0.82851986,0.69526095,0.49354518,18.95846645,"Hunter Goodman",29715,696100
"David Fry","CLE",649,0.31057452,0.69160998,0.51030111,0.56300268,0.83278689,0.75465839,0.52416799,18.95439914,"David Fry",24934,681807
"Jacob Wilson","OAK",571,0.32768362,0.66428571,0.50455764,0.83448276,0.93855607,0.90648247,0.52546917,18.95120062,"Jacob Wilson",33266,805779
"Michael Siani","- - -",359,0.28802589,0.61588542,0.46969697,0.51685393,0.81183932,0.7311828,0.55411255,18.94731707,"Michael Siani",22557,672279
"Reese McGuire","- - -",487,0.37919827,0.62872928,0.50273523,0.62571429,0.88049209,0.78346028,0.49507659,18.94590533,"Reese McGuire",15674,624512
"Blake Sabol","- - -",400,0.30235602,0.70807453,0.51051625,0.37662338,0.78421053,0.66666667,0.51306565,18.93835616,"Blake Sabol",25805,666165
"Alex Call","- - -",854,0.2033393,0.56503198,0.39431466,0.65982405,0.88584906,0.83083512,0.5280045,18.93667546,"Alex Call",19296,669743
"Carlos Correa","- - -",1469,0.26360126,0.63937344,0.45015907,0.6045273,0.87305122,0.79387515,0.49646518,18.93574682,"Carlos Correa",14162,621043
"Johan Rojas","PHI",699,0.35338346,0.61760243,0.49184891,0.60992908,0.86486486,0.77768795,0.52405567,18.93318486,"Johan Rojas",24336,679032
"Max Schuemann","OAK",652,0.2143446,0.61856418,0.42939815,0.46153846,0.83001172,0.74393531,0.5320216,18.93208917,"Max Schuemann",24488,680474
"Nick Senzel","- - -",597,0.2687747,0.66243655,0.48085688,0.57720588,0.8633461,0.78957346,0.53874202,18.92341494,"Nick Senzel",19293,669222
"Dillon Dingler","DET",504,0.31487889,0.64319696,0.49478624,0.54578755,0.86242604,0.77133825,0.54796663,18.92176387,"Dillon Dingler",27464,693307
"Jasson Domínguez","NYY",516,0.30992509,0.71209016,0.50195695,0.54380665,0.85035971,0.75146199,0.47749511,18.91814014,"Jasson Dominguez",28080,691176
"Zack Gelof","OAK",934,0.28493648,0.70748299,0.51150393,0.38004246,0.75073964,0.65496434,0.53619529,18.91758871,"Zack Gelof",29766,680869
"Byron Buxton","MIN",1210,0.29924073,0.72542373,0.51793868,0.42835821,0.81892523,0.70906801,0.51315503,18.91607565,"Byron Buxton",14161,621439
"Jake Fraley","- - -",979,0.29587156,0.75230853,0.53026499,0.58139535,0.85703971,0.78221988,0.51352859,18.91505792,"Jake Fraley",19260,641584
"Harold Ramírez","- - -",680,0.44572748,0.69816273,0.56388206,0.57340242,0.83333333,0.72403776,0.46805897,18.91008018,"Harold Ramirez",14387,623912
"Ian Happ","CHC",1942,0.22865528,0.63597933,0.44529103,0.53208868,0.83899557,0.76521739,0.53185111,18.90936205,"Ian Happ",17919,664023
"Jonathan Aranda","TBR",655,0.29471229,0.64183381,0.4753915,0.63060686,0.83705357,0.77568627,0.52050708,18.89757546,"Jonathan Aranda",21837,666018
"Francisco Lindor","NYM",2034,0.28113695,0.66305628,0.48096587,0.61121324,0.86541193,0.79456967,0.52322287,18.89384921,"Francisco Lindor",12916,596019
"Adley Rutschman","BAL",1673,0.26189112,0.58471375,0.4221613,0.73960613,0.90854871,0.8557758,0.49646516,18.89119665,"Adley Rutschman",26288,668939
"Gabriel Moreno","ARI",979,0.24785867,0.57494407,0.42602973,0.65658747,0.88715953,0.82608696,0.54472337,18.88700384,"Gabriel Moreno",22664,672515
"Aaron Hicks","- - -",375,0.22181818,0.59532595,0.40720391,0.55191257,0.84297521,0.76311844,0.496337,18.87719298,"Aaron Hicks",5297,543305
"Dylan Carlson","- - -",743,0.23569024,0.6759431,0.46518375,0.60571429,0.81518756,0.76437976,0.5212766,18.87590618,"Dylan Carlson",20126,666185
"Paul Goldschmidt","- - -",1825,0.26855833,0.63581337,0.46391199,0.63820704,0.81673939,0.76836322,0.53192917,18.87170819,"Paul Goldschmidt",9218,502671
"Wander Franco","TBR",491,0.26222222,0.62175649,0.45162986,0.73728814,0.91653291,0.86728754,0.52681388,18.86978061,"Wander Franco",23667,677551
"Nick Fortes","- - -",862,0.28451296,0.62192118,0.46411013,0.73399015,0.90693069,0.85734463,0.5322845,18.86363636,"Nick Fortes",21538,663743
"Richie Palacios","- - -",440,0.21453693,0.68478261,0.45854484,0.57377049,0.86666667,0.80073801,0.51889453,18.86146858,"Richie Palacios",24589,680700
"Teoscar Hernández","- - -",1817,0.31095101,0.71287129,0.51935618,0.42632067,0.78528529,0.68180604,0.51852366,18.85916279,"Teoscar Hernandez",13066,606192
"Jared Triolo","PIT",957,0.24561404,0.65421026,0.46290408,0.46543779,0.84463062,0.75042931,0.5317965,18.85755087,"Jared Triolo",25807,669707
"Xavier Edwards","MIA",961,0.23980523,0.67536534,0.47429053,0.71827411,0.92426584,0.87618483,0.53835347,18.85670262,"Xavier Edwards",22266,669364
"Elehuris Montero","COL",554,0.41695804,0.6779661,0.53496169,0.42557652,0.8375,0.66159355,0.45210728,18.85375494,"Elehuris Montero",20543,660707
"Kris Bryant","COL",531,0.27645985,0.68645833,0.46789883,0.48844884,0.83459788,0.72557173,0.46692607,18.85026385,"Kris Bryant",15429,592178
"Michael Massey","KCR",1063,0.35894893,0.68339016,0.52260442,0.65745856,0.90092659,0.8180536,0.5044226,18.84254328,"Michael Massey",27684,686681
"Alejandro Kirk","TOR",1267,0.27916331,0.61637239,0.44797107,0.74495677,0.91080729,0.85919283,0.50060265,18.8332428,"Alejandro Kirk",22581,672386
"Daulton Varsho","TOR",1310,0.27705452,0.69048501,0.49350649,0.56975037,0.83324397,0.76276512,0.52355108,18.82274857,"Daulton Varsho",19918,662139
"Danny Jansen","- - -",938,0.21261555,0.64198161,0.43402686,0.57544757,0.86396181,0.79550971,0.51567027,18.81993007,"Danny Jansen",16535,643376
"Wilyer Abreu","BOS",927,0.27687113,0.69174504,0.49200759,0.57317073,0.82703927,0.75825991,0.51855866,18.81980342,"Wilyer Abreu",23772,677800
"DJ LeMahieu","NYY",932,0.24281346,0.54268597,0.40791644,0.62972292,0.89880405,0.82681941,0.55057724,18.81946508,"DJ LeMahieu",9874,518934
"Liover Peguero","PIT",306,0.27972028,0.67868852,0.4856176,0.40625,0.83091787,0.71254355,0.51607445,18.81506849,"Liover Peguero",24273,678894
"Oswaldo Cabrera","NYY",778,0.29495913,0.67967146,0.48685558,0.61662818,0.88016113,0.80014025,0.49880505,18.81118881,"Oswaldo Cabrera",21707,665828
"Joey Wendle","- - -",355,0.35384615,0.58584337,0.47108067,0.58695652,0.87917738,0.77059774,0.50532725,18.80942408,"Joey Wendle",13853,621563
"Taylor Walls","TBR",918,0.19305474,0.64589515,0.43912927,0.55487805,0.84303216,0.78518972,0.54340231,18.80914939,"Taylor Walls",22458,670764
"Jose Miranda","MIN",617,0.34722222,0.71226415,0.5221519,0.6075,0.88344371,0.78787879,0.47920434,18.80618687,"Jose Miranda",20538,669304
"Willy Adames","- - -",1942,0.29193955,0.68973561,0.48799182,0.46850733,0.841413,0.72827225,0.49284619,18.80460751,"Willy Adames",15986,642715
"Pete Alonso","NYM",1992,0.26525466,0.62403895,0.4431876,0.55228137,0.86119097,0.76799541,0.49593289,18.79955722,"Pete Alonso",19251,624413
"Connor Wong","BOS",1062,0.31820526,0.68272348,0.5102489,0.47811994,0.83039349,0.72644668,0.52684236,18.79747676,"Connor Wong",19896,657136
"Chas McCormick","HOU",840,0.31886679,0.69918188,0.50492611,0.54820416,0.78757876,0.71036585,0.48922414,18.79616507,"Chas McCormick",19599,676801
"Brett Baty","NYM",954,0.26160815,0.65044687,0.46878307,0.47619048,0.83740458,0.74322799,0.53280423,18.7928952,"Brett Baty",26123,683146
"George Springer","TOR",1806,0.2105598,0.71626768,0.48313783,0.48489426,0.85112039,0.77754173,0.53900293,18.7925394,"George Springer",12856,543807
"Henry Davis","PIT",631,0.30452022,0.67269866,0.48933649,0.50260417,0.83157895,0.72962066,0.50197472,18.79111581,"Henry Davis",29617,680779
"Dominic Smith","- - -",1117,0.30725462,0.64902507,0.4799437,0.65123457,0.87052933,0.80107527,0.50527797,18.79017857,"Dominic Smith",15653,642086
"Miguel Rojas","LAD",1031,0.29084784,0.6433942,0.47104035,0.68532819,0.93071786,0.85664336,0.51111721,18.78971604,"Miguel Rojas",7802,500743
"J.D. Davis","- - -",712,0.25841817,0.76912378,0.52891344,0.38181818,0.77576854,0.68523677,0.52965009,18.78778779,"J.D. Davis",16219,605204
"Mark Canha","- - -",1094,0.23280669,0.58951782,0.4203218,0.66267465,0.86770982,0.81384373,0.52567776,18.78694258,"Mark Canha",11445,592192
"Carlos Narváez","- - -",417,0.27330779,0.67280607,0.489449,0.49065421,0.82447665,0.73892216,0.54103165,18.78526646,"Carlos Narvaez",19722,665966
"Tyler Soderstrom","OAK",934,0.28794503,0.6719457,0.48946275,0.43817787,0.87037037,0.74954518,0.5247848,18.78459638,"Tyler Soderstrom",27467,691016
"Whit Merrifield","- - -",927,0.29443447,0.66198704,0.48765257,0.68292683,0.88091354,0.8242142,0.52568833,18.78441256,"Whit Merrifield",11281,593160
"Ramón Urías","- - -",1067,0.28233518,0.69361909,0.49133663,0.55080214,0.83216292,0.75264484,0.50816832,18.78194726,"Ramon Urias",18795,602104
"Ryan O'Hearn","- - -",1347,0.28466872,0.65795287,0.47552711,0.61299053,0.88975937,0.8087886,0.51129518,18.77998992,"Ryan O'Hearn",16442,656811
"Max Kepler","- - -",1329,0.28537361,0.69174383,0.49158183,0.53899721,0.89793642,0.79530068,0.50743931,18.77975558,"Max Kepler",12144,596146
"Zach Neto","LAA",1479,0.29993017,0.66352201,0.48166259,0.49592549,0.83833597,0.73168963,0.49982536,18.77698695,"Zach Neto",31347,687263
"José Abreu","HOU",714,0.35958188,0.64507236,0.5031185,0.57364341,0.85363248,0.75413223,0.502772,18.77659574,"Jose Abreu",15676,547989
"Rowdy Tellez","- - -",1053,0.27934045,0.54481236,0.41830367,0.56597222,0.88330632,0.78232044,0.52345736,18.77311696,"Rowdy Tellez",15679,642133
"Gabriel Arias","CLE",914,0.36916716,0.76550939,0.57101449,0.4208,0.733829,0.63451777,0.50927536,18.7719715,"Gabriel Arias",22563,672356
"Victor Robles","- - -",499,0.31875719,0.74883721,0.53267785,0.5631769,0.86180124,0.77198697,0.49739734,18.77187244,"Victor Robles",18363,645302
"David Peralta","- - -",682,0.34140436,0.71002295,0.53063629,0.56028369,0.87607759,0.77720207,0.51335428,18.76839827,"David Peralta",2136,444482
"Derek Hill","- - -",363,0.3404908,0.69176136,0.52286136,0.39189189,0.82340862,0.68829337,0.51917404,18.76554536,"Derek Hill",16947,656537
"Freddie Freeman","LAD",1929,0.27199786,0.74436906,0.50646552,0.64700098,0.84979949,0.79494681,0.49636315,18.76195672,"Freddie Freeman",5361,518692
"Freddy Fermin","- - -",910,0.30254042,0.72300216,0.51981027,0.55343511,0.87229276,0.7826087,0.51674107,18.75497933,"Freddy Fermin",21840,666023
"Jackson Merrill","SDP",1011,0.36932447,0.77097997,0.57240624,0.6191904,0.86727528,0.78813965,0.50561183,18.75237733,"Jackson Merrill",29490,701538
"Austin Riley","ATL",1631,0.27897966,0.69303704,0.49490111,0.49537037,0.82684908,0.73743366,0.52147713,18.74912026,"Austin Riley",18360,663586
"Shea Langeliers","OAK",1495,0.30780506,0.6888052,0.50477876,0.52142857,0.82256461,0.73387097,0.51699115,18.74782609,"Shea Langeliers",25816,669127
"Trey Sweeney","DET",427,0.30385164,0.67255595,0.50580645,0.46478873,0.8178634,0.72193878,0.54774194,18.74530831,"Trey Sweeney",29575,700242
"Jason Heyward","- - -",730,0.31277213,0.63756983,0.47829181,0.59164733,0.88608981,0.79166667,0.50960854,18.74361446,"Jason Heyward",4940,518792
"Garrett Stubbs","PHI",312,0.29510961,0.62403698,0.46698873,0.54857143,0.87407407,0.77586207,0.52254428,18.74130435,"Garrett Stubbs",18067,596117
"Jose Siri","- - -",842,0.36385688,0.66439206,0.5124195,0.41666667,0.71055089,0.60502693,0.49432689,18.73941909,"Jose Siri",17452,642350
"Andy Pages","LAD",1008,0.31605351,0.70813166,0.52590674,0.59435626,0.86534518,0.78965517,0.53523316,18.73819591,"Andy Pages",24816,681624
"Alex Bregman","- - -",1795,0.1978691,0.60987791,0.41341269,0.71846154,0.92402184,0.87710674,0.52315285,18.737029,"Alex Bregman",17678,608324
"Nolan Gorman","STL",1230,0.27812631,0.68535826,0.48900988,0.39699248,0.77215909,0.66927835,0.51784634,18.73561054,"Nolan Gorman",22263,669357
"Matt Olson","ATL",2055,0.26371917,0.68549863,0.47154288,0.64363943,0.80013347,0.75573614,0.49273076,18.73218745,"Matt Olson",14344,621566
"Davis Schneider","TOR",777,0.21170396,0.64814815,0.42194469,0.48509485,0.78952381,0.71035941,0.48171276,18.73015873,"Davis Schneider",23565,676914
"José Ramírez","CLE",1972,0.29731801,0.66515475,0.47722824,0.72594502,0.92017649,0.85835384,0.48910348,18.72693984,"Jose Ramirez",13510,608070
"Dominic Fletcher","- - -",351,0.33647799,0.60979228,0.47709924,0.69626168,0.87591241,0.8144,0.51450382,18.72163866,"Dominic Fletcher",26149,666150
"Rob Refsnyder","BOS",734,0.19610671,0.62789243,0.42732753,0.48897059,0.84063745,0.76567398,0.535499,18.71786834,"Rob Refsnyder",13770,608701
"Emmanuel Rivera","- - -",700,0.28201332,0.68567251,0.48510482,0.47244094,0.85607676,0.74526156,0.50312615,18.71371769,"Emmanuel Rivera",19890,656896
"Fernando Tatis Jr.","SDP",1710,0.27857589,0.72838316,0.5002376,0.49887892,0.8239188,0.73210893,0.49279265,18.71049772,"Fernando Tatis Jr.",19709,665487
"Luke Raley","- - -",1056,0.2962963,0.7382716,0.52027027,0.32363014,0.77792642,0.65031265,0.50675676,18.71018455,"Luke Raley",19354,670042
"Gio Urshela","- - -",886,0.37180287,0.71581451,0.54794521,0.66442953,0.87043189,0.80222222,0.51202435,18.70779491,"Gio Urshela",10681,570482
"Thairo Estrada","- - -",1076,0.35926893,0.67391304,0.51539069,0.59447674,0.90952006,0.79887698,0.49618521,18.70509978,"Thairo Estrada",16426,642731
"Josh Lowe","TBR",1273,0.35204276,0.70059657,0.52839087,0.59869848,0.80734433,0.73866476,0.50594228,18.70406142,"Josh Lowe",19953,666139
"Alek Thomas","ARI",931,0.35279025,0.63315217,0.50456016,0.53090909,0.8583691,0.75335277,0.54133569,18.69906466,"Alek Thomas",23792,677950
"James Outman","- - -",836,0.26213018,0.65842438,0.46310878,0.35665914,0.77554585,0.65869018,0.50714494,18.6874034,"James Outman",24770,681546
"Kyle Manzardo","CLE",624,0.29518072,0.63955343,0.47392384,0.5393586,0.84663342,0.75458515,0.51903974,18.68721973,"Kyle Manzardo",29794,700932
"Amed Rosario","- - -",1069,0.39109948,0.6966951,0.54252509,0.63186078,0.87375669,0.78578384,0.49550977,18.68630339,"Amed Rosario",15518,642708
"Jorge Polanco","- - -",1278,0.26340326,0.64451435,0.45280438,0.5339233,0.85356925,0.76003453,0.49697088,18.68443051,"Jorge Polanco",13152,593871
"Alex Kirilloff","MIN",497,0.32440476,0.65203074,0.47993747,0.56574924,0.82996633,0.73615635,0.47472642,18.68313338,"Alex Kirilloff",20325,666135
"Xander Bogaerts","SDP",1662,0.23987854,0.58526135,0.42691415,0.604782,0.88530991,0.81304348,0.54153132,18.68292172,"Xander Bogaerts",12161,593428
"Keibert Ruiz","WSN",1314,0.37419651,0.65764967,0.51838484,0.77177914,0.93661497,0.87815492,0.50868486,18.68268301,"Keibert Ruiz",19610,660688
"Mitch Garver","- - -",1039,0.19059285,0.57862462,0.39546716,0.43958869,0.82891749,0.74035088,0.52798335,18.67938931,"Mitch Garver",15161,641598
"Randy Arozarena","- - -",1937,0.25192738,0.5995991,0.42511233,0.5893386,0.78228165,0.72489724,0.49812781,18.67873677,"Randy Arozarena",19290,668227
"Jarren Duran","BOS",1732,0.30538556,0.65659259,0.48381755,0.51603206,0.87861011,0.76602365,0.50805359,18.67732022,"Jarren Duran",24617,680776
"Santiago Espinal","- - -",970,0.25427594,0.64155588,0.46208719,0.70403587,0.91788181,0.86335049,0.53659181,18.67677488,"Santiago Espinal",19997,669289
"Ryan Jeffers","MIN",1242,0.29347826,0.59259259,0.44139194,0.60219479,0.86597222,0.77731674,0.49450549,18.67176406,"Ryan Jeffers",24618,680777
"Javier Sanoja","MIA",338,0.29553903,0.609538,0.46980976,0.74842767,0.93887531,0.88556338,0.55500414,18.66898148,"Javier Sanoja",28253,691594
"Trea Turner","PHI",1867,0.33407264,0.72659605,0.5271831,0.49294606,0.86643026,0.74619289,0.49197183,18.66781808,"Trea Turner",16252,607208
"Joshua Palacios","- - -",487,0.27771295,0.70600414,0.50466264,0.54621849,0.84017595,0.76413043,0.52989578,18.66490566,"Joshua Palacios",19818,641943
"Miguel Cabrera","DET",370,0.28205128,0.66852368,0.48298335,0.55080214,0.84791667,0.76461769,0.51991311,18.66369048,"Miguel Cabrera",1744,408234
"Martín Maldonado","- - -",715,0.31626016,0.61595673,0.47988188,0.3907455,0.77826564,0.66230769,0.54595792,18.66145308,"Martin Maldonado",6887,455117
"Spencer Torkelson","DET",1650,0.22614841,0.65404808,0.45617944,0.47585227,0.85635826,0.76913058,0.5375817,18.65906858,"Spencer Torkelson",27465,679529
"Ceddanne Rafaela","BOS",1189,0.43459916,0.75814594,0.59809833,0.54584682,0.82082324,0.72198527,0.50533395,18.65815832,"Ceddanne Rafaela",24262,678882
"Drew Waters","KCR",575,0.34229391,0.71743119,0.52765186,0.48691099,0.80946292,0.70360825,0.49410698,18.65538462,"Drew Waters",20505,671221
"Seiya Suzuki","CHC",1779,0.20385906,0.58394717,0.40303474,0.5733882,0.85471944,0.78698811,0.52402502,18.65525672,"Seiya Suzuki",30116,673548
"Oneil Cruz","PIT",1143,0.30344828,0.59758924,0.4407183,0.48262032,0.78510473,0.67403044,0.46668109,18.65377957,"Oneil Cruz",21711,665833
"Jon Singleton","- - -",519,0.23203883,0.58868648,0.41148095,0.47698745,0.83387622,0.73388042,0.50313555,18.64892927,"Jon Singleton",10441,572138
"Wyatt Langford","TEX",1096,0.22601182,0.63188277,0.43136374,0.5331992,0.86085734,0.77604167,0.50595372,18.64614465,"Wyatt Langford",33333,694671
"Alan Trejo","COL",337,0.33053691,0.69135802,0.51848875,0.60406091,0.86830357,0.7875969,0.52090032,18.64459161,"Alan Trejo",20056,676701
"Randal Grichuk","- - -",1021,0.32554434,0.64955474,0.48866034,0.54649266,0.90403226,0.78575283,0.50342827,18.64321789,"Randal Grichuk",10243,545341
"Seth Brown","OAK",854,0.31328924,0.70841007,0.50880923,0.42994242,0.84488735,0.7158209,0.49483597,18.6392562,"Seth Brown",18171,664913
"Ernie Clement","TOR",1030,0.39821315,0.68888889,0.54989319,0.76121795,0.93463497,0.8745838,0.52181874,18.63660834,"Ernie Clement",20352,676391
"Eloy Jiménez","- - -",838,0.34654731,0.70457903,0.51267992,0.53505535,0.85849057,0.74131016,0.46401645,18.63640753,"Eloy Jimenez",17484,650391
"Carlos Santana","- - -",1682,0.24477958,0.64839375,0.44496419,0.6007109,0.85818182,0.78679369,0.49598012,18.63255361,"Carlos Santana",2396,467793
"Nathaniel Lowe","- - -",1845,0.23431635,0.62453806,0.43766851,0.5778032,0.88560158,0.80668818,0.52111953,18.62991727,"Nathaniel Lowe",19566,663993
"Ben Rortvedt","- - -",494,0.26560951,0.5943304,0.43110236,0.54850746,0.83881579,0.75,0.50344488,18.62860892,"Ben Rortvedt",20287,666163
"Matt McLain","CIN",926,0.25577558,0.57841654,0.42409892,0.53763441,0.83522232,0.74937965,0.52170481,18.62653133,"Matt McLain",29695,680574
"Joey Ortiz","- - -",1008,0.28238636,0.54,0.42550505,0.67605634,0.92003367,0.84807122,0.55555556,18.62529833,"Joey Ortiz",25493,687401
"Akil Baddoo","DET",457,0.26544622,0.66777042,0.47022472,0.43965517,0.87933884,0.75746714,0.50898876,18.61954887,"Akil Baddoo",22168,668731
"Jake Meyers","HOU",1194,0.27482014,0.66886834,0.48025712,0.46771379,0.86899276,0.75908222,0.52134986,18.61562998,"Jake Meyers",20308,676694
"Jake Bauers","- - -",801,0.22222222,0.65437534,0.45128355,0.38268156,0.82926829,0.72592114,0.53004667,18.61255743,"Jake Bauers",15194,641343
"Brandon Nimmo","NYM",1929,0.22739651,0.63151714,0.4443884,0.54011976,0.87132763,0.79284904,0.5369483,18.61086957,"Brandon Nimmo",12927,607043
"Jurickson Profar","- - -",1484,0.2321307,0.67261146,0.45969069,0.63636364,0.89962121,0.83536149,0.51661731,18.60958606,"Jurickson Profar",10815,595777
"Rhys Hoskins","MIL",837,0.22695035,0.58668731,0.41900826,0.56770833,0.83201407,0.765286,0.5338843,18.60215054,"Rhys Hoskins",16472,656555
"Eli White","ATL",320,0.25378788,0.7123696,0.51042535,0.41044776,0.85983264,0.76143791,0.55963303,18.59977195,"Eli White",19346,642201
"Jeimer Candelario","- - -",1130,0.31336207,0.6846473,0.49276008,0.56671252,0.84781145,0.75542495,0.48318111,18.59832134,"Jeimer Candelario",13621,600869
"Connor Norby","- - -",489,0.32623318,0.77003122,0.55639504,0.47079038,0.80135135,0.70805044,0.51861846,18.59423503,"Connor Norby",29592,681393
"Elly De La Cruz","CIN",1758,0.29191489,0.60011744,0.44337037,0.49368319,0.80919765,0.70354702,0.49141538,18.59237764,"Elly De La Cruz",26668,682829
"Jake Burger","- - -",1458,0.37509321,0.69716446,0.53501032,0.47912525,0.8291757,0.70561404,0.49652713,18.59214973,"Jake Burger",22275,669394
"Orlando Arcia","- - -",1333,0.26910828,0.68791946,0.48536773,0.54585799,0.85528455,0.77231257,0.51636504,18.59069647,"Orlando Arcia",13185,606115
"Corey Seager","TEX",1514,0.26991317,0.77785897,0.52803565,0.46153846,0.87177078,0.76863572,0.50816933,18.59046392,"Corey Seager",13624,608369
"Marcell Ozuna","ATL",1816,0.26306488,0.64760349,0.4480545,0.54222649,0.82296047,0.7374269,0.48106904,18.58498706,"Marcell Ozuna",10324,542303
"Nick Martini","- - -",353,0.26844584,0.65531335,0.47556528,0.61403509,0.88773389,0.81595092,0.53537564,18.58423645,"Nick Martini",12005,605361
"Donovan Solano","- - -",935,0.31218698,0.6348002,0.48118707,0.56506239,0.86932271,0.7753304,0.52384738,18.58209483,"Donovan Solano",8623,456781
"Luis Rengifo","LAA",1254,0.31318441,0.72354212,0.51979121,0.59300699,0.86746269,0.78535565,0.50347977,18.58085809,"Luis Rengifo",19858,650859
"Corbin Carroll","ARI",1910,0.28064516,0.62322867,0.44910507,0.63218391,0.8724922,0.79616672,0.49173384,18.57746741,"Corbin Carroll",25878,682998
"Garrett Mitchell","MIL",375,0.22792023,0.62740077,0.43830074,0.34375,0.78979592,0.68,0.5266352,18.57479601,"Garrett Mitchell",27555,669003
"Otto Lopez","MIA",962,0.30176078,0.64950166,0.48363742,0.62173038,0.89855072,0.81616766,0.52302346,18.57408907,"Otto Lopez",19608,672640
"Brooks Lee","MIN",658,0.32387312,0.67070218,0.50020517,0.54381443,0.89169675,0.78096801,0.50841198,18.57118644,"Brooks Lee",31595,686797
"Luis Robert Jr.","CHW",1451,0.35862324,0.75256556,0.55297206,0.43137255,0.81262626,0.68735164,0.49334333,18.56991471,"Luis Robert Jr.",20043,673357
"Elvis Andrus","CHW",406,0.27785059,0.60554885,0.44849246,0.66509434,0.88247012,0.81792717,0.52072864,18.5675446,"Elvis Andrus",8709,462101
"Daniel Vogelbach","- - -",398,0.21362587,0.4785553,0.34760274,0.62162162,0.89622642,0.81280788,0.50570776,18.56681351,"Daniel Vogelbach",14130,596129
"Stuart Fairchild","- - -",543,0.22698073,0.74042951,0.50124688,0.37735849,0.77175284,0.68855721,0.53416459,18.56371191,"Stuart Fairchild",20321,656413
"Yuli Gurriel","- - -",434,0.30050505,0.61622276,0.46168109,0.69747899,0.90766208,0.84069612,0.5105068,18.56033755,"Yuli Gurriel",19198,493329
"Edward Olivares","- - -",581,0.31024931,0.70045249,0.50731261,0.57440476,0.88113695,0.78828829,0.50502742,18.55845771,"Edward Olivares",19698,658668
"Austin Hedges","- - -",519,0.32056893,0.702,0.51985371,0.46075085,0.82478632,0.71758794,0.52246604,18.55788712,"Austin Hedges",12976,595978
"Joey Gallo","- - -",592,0.24184566,0.68514056,0.46243006,0.32894737,0.70339977,0.60501296,0.49760192,18.55637513,"Joey Gallo",14128,608336
"Luke Maile","- - -",400,0.25575448,0.62716049,0.44472362,0.515,0.84251969,0.75,0.50879397,18.55489865,"Luke Maile",13355,571912
"Jake Cave","- - -",549,0.33333333,0.67509025,0.50880445,0.56285714,0.83957219,0.75136612,0.51343837,18.55354919,"Jake Cave",14477,595909
"David Hamilton","BOS",533,0.25026624,0.60704356,0.44103072,0.5106383,0.87328244,0.77752809,0.53468781,18.55108992,"David Hamilton",27531,666152
"Alex Verdugo","- - -",1436,0.24133763,0.56217784,0.41962048,0.66277129,0.93352436,0.86433447,0.5556749,18.55093153,"Alex Verdugo",17027,657077
"Will Benson","CIN",932,0.21452145,0.69904857,0.46815203,0.35384615,0.76146132,0.67245241,0.52346003,18.54824103,"Will Benson",21853,666181
"Anthony Rendon","LAA",421,0.17375456,0.5989011,0.39699942,0.6993007,0.91009174,0.86627907,0.52510098,18.54719877,"Anthony Rendon",12861,543685
"Nolan Jones","- - -",1105,0.25478578,0.5760095,0.42669492,0.57423971,0.80206186,0.7388282,0.53516949,18.54646633,"Nolan Jones",20529,666134
"Brayan Rocchio","CLE",852,0.32012579,0.65875,0.48996865,0.57760314,0.86242884,0.7696737,0.5015674,18.54229283,"Brayan Rocchio",23690,677587
"Brandon Belt","TOR",404,0.18776824,0.64326812,0.40755136,0.45142857,0.78711986,0.70708447,0.48250972,18.54127782,"Brandon Belt",10264,474832
"Ildemaro Vargas","- - -",664,0.30399274,0.6048583,0.46298674,0.75820896,0.93038822,0.87707948,0.52845528,18.54044338,"Ildemaro Vargas",13324,545121
"Kody Clemens","- - -",599,0.30247479,0.63925524,0.48487395,0.60909091,0.83859223,0.7729636,0.54159664,18.53785311,"Kody Clemens",20572,665019
"Mitch Haniger","- - -",652,0.24309392,0.62853107,0.4465151,0.42207792,0.80898876,0.70951586,0.52776742,18.53785255,"Mitch Haniger",14274,571745
"Christopher Morel","- - -",1310,0.27457352,0.70574534,0.49503771,0.42307692,0.75027503,0.66158781,0.51131401,18.53114047,"Christopher Morel",21897,666624
"Enmanuel Valdez","- - -",474,0.29153605,0.58020833,0.43609807,0.61290323,0.88150808,0.79186603,0.50078247,18.52125436,"Enmanuel Valdez",21716,665839
"Ezequiel Duran","TEX",910,0.37522335,0.70254287,0.53946588,0.56984127,0.85016835,0.7530253,0.50178042,18.51676206,"Ezequiel Duran",23733,677649
"Edmundo Sosa","PHI",815,0.41992188,0.73621262,0.57645511,0.55658915,0.83393502,0.73188819,0.49490299,18.51604157,"Edmundo Sosa",17022,624641
"Tony Kemp","- - -",429,0.24127907,0.63614458,0.4571805,0.73493976,0.91856061,0.87463977,0.54677207,18.51436515,"Tony Kemp",14894,643393
"Hunter Renfroe","- - -",1080,0.29932302,0.65457184,0.47690447,0.57835218,0.85365854,0.76724138,0.49987908,18.51161269,"Hunter Renfroe",15464,592669
"TJ Friedl","CIN",1514,0.21681097,0.57639792,0.40595075,0.61896839,0.91144952,0.83740522,0.52599179,18.51115242,"TJ Friedl",19522,670770
"Austin Slater","- - -",563,0.22303473,0.63993174,0.43865843,0.49590164,0.824,0.74346076,0.51721094,18.50973451,"Austin Slater",16153,596103
"Cam Smith","HOU",469,0.29384966,0.6450999,0.48522551,0.51162791,0.82890855,0.74145299,0.54484189,18.50793651,"Cam Smith",35108,701358
"Wilmer Flores","SFG",1132,0.28868661,0.61452991,0.45276522,0.72672673,0.89777469,0.84363118,0.50355068,18.50740741,"Wilmer Flores",5827,527038
"Isaac Paredes","- - -",1621,0.26037196,0.61769711,0.43982339,0.68791209,0.9040404,0.84034974,0.50220766,18.5053281,"Isaac Paredes",20036,670623
"Eugenio Suárez","- - -",1922,0.26341463,0.66182624,0.47220431,0.39506173,0.81926367,0.70663753,0.5240552,18.5048226,"Eugenio Suarez",12552,553993
"Jordan Walker","STL",989,0.32735899,0.69642857,0.50664137,0.42351047,0.83413462,0.6976993,0.4857685,18.5031752,"Jordan Walker",27475,691023
"Gunnar Henderson","BAL",1920,0.25469613,0.64830943,0.45893142,0.53036876,0.85144212,0.76571098,0.51887294,18.50107219,"Gunnar Henderson",26289,683002
"Owen Miller","- - -",358,0.32755906,0.62225275,0.48495965,0.73076923,0.86534216,0.82299546,0.53411592,18.49850449,"Owen Miller",24655,680911
"Nick Pratto","KCR",345,0.28490832,0.57065949,0.43112948,0.35148515,0.81839623,0.66773163,0.51170799,18.49546279,"Nick Pratto",22117,668472
"Miguel Vargas","- - -",1047,0.20545906,0.67757629,0.45509822,0.64251208,0.86488251,0.81757451,0.5287652,18.49146228,"Miguel Vargas",20178,678246
"Tyler Wade","- - -",338,0.25328947,0.575,0.42313665,0.56493506,0.87468031,0.78715596,0.52795031,18.48945148,"Tyler Wade",15730,642180
"Daniel Schneemann","CLE",606,0.26788686,0.65905383,0.46540362,0.49068323,0.81806931,0.72477876,0.50494234,18.48898678,"Daniel Schneemann",25180,682177
"Gavin Sheets","- - -",1324,0.31302817,0.61892296,0.46137106,0.66366704,0.86102719,0.79205975,0.48494741,18.48790419,"Gavin Sheets",19901,657757
"Harrison Bader","- - -",1212,0.33708839,0.60819744,0.47148787,0.5874036,0.85434783,0.75810936,0.49573957,18.48640574,"Harrison Bader",18030,664056
"Garrett Hampson","- - -",574,0.25146771,0.58175842,0.43099598,0.59143969,0.84039548,0.77409326,0.54354623,18.48607748,"Garrett Hampson",19262,641658
"Juan Yepez","- - -",314,0.31895223,0.70578231,0.50282943,0.62801932,0.8746988,0.7926045,0.47534357,18.48408342,"Juan Yepez",18400,660766
"Luis Guillorme","- - -",328,0.24962406,0.57692308,0.417703,0.71686747,0.89135802,0.84063047,0.51353328,18.48011639,"Luis Guillorme",16451,641645
"Christian Vázquez","MIN",869,0.31555556,0.64170162,0.48335388,0.6498994,0.86554622,0.79719388,0.51448829,18.47974684,"Christian Vazquez",9774,543877
"Tyler Freeman","- - -",937,0.27185051,0.62944984,0.46057501,0.69179601,0.93230506,0.86526576,0.52775406,18.479735,"Tyler Freeman",22532,671289
"Dylan Moore","- - -",835,0.21324921,0.64975715,0.44851658,0.44970414,0.81478405,0.73476005,0.53897615,18.47767513,"Dylan Moore",18042,664238
"Mike Yastrzemski","- - -",1352,0.22062168,0.60842754,0.42432967,0.59450172,0.85585586,0.7913486,0.52528343,18.47753346,"Mike Yastrzemski",14854,573262
"Mike Ford","- - -",313,0.24882629,0.63665595,0.44012688,0.50943396,0.81313131,0.72612613,0.49325932,18.47396387,"Mike Ford",15585,645801
"Lenyn Sosa","CHW",1035,0.40305585,0.62691914,0.51661475,0.67320261,0.88571429,0.8040201,0.50726895,18.46834993,"Lenyn Sosa",22896,672820
"Jarred Kelenic","- - -",930,0.29219701,0.67004805,0.48451087,0.40340909,0.80557769,0.68648345,0.50896739,18.46813187,"Jarred Kelenic",22558,672284
"Travis Jankowski","- - -",544,0.18286311,0.59638554,0.40962718,0.60571429,0.9033189,0.84331797,0.54837187,18.46781389,"Travis Jankowski",13768,608671
"CJ Abrams","WSN",1786,0.34304,0.68222936,0.52045177,0.63059701,0.85543199,0.78475073,0.5230464,18.46469345,"CJ Abrams",25768,682928
"Luis Urías","- - -",616,0.23686477,0.58470765,0.42284569,0.66909091,0.88333333,0.82748815,0.53466934,18.46346667,"Luis Urias",16622,649966
"Ha-Seong Kim","- - -",1220,0.2016696,0.52617174,0.38411233,0.7254902,0.87971391,0.8442664,0.5622235,18.46237374,"Ha-Seong Kim",27506,673490
"Kyle Schwarber","PHI",2065,0.21568627,0.58070544,0.39598477,0.45243129,0.79726468,0.70221445,0.49394254,18.4605683,"Kyle Schwarber",16478,656941
"Ronald Acuña Jr.","ATL",1293,0.22001621,0.6945399,0.46432082,0.63167587,0.83342496,0.78704488,0.51484175,18.45766289,"Ronald Acuna Jr.",18401,660670
"Victor Scott II","STL",577,0.25173439,0.67292225,0.47321429,0.45669291,0.85391766,0.75372393,0.52584586,18.45649351,"Victor Scott II",31349,687363
"Dominic Canzone","- - -",596,0.38504155,0.66357739,0.5240518,0.58033573,0.82681564,0.73609885,0.49907493,18.45466238,"Dominic Canzone",26438,686527
"Bryan De La Cruz","- - -",1298,0.32711393,0.7088457,0.51805556,0.5776699,0.79854505,0.72883953,0.50019841,18.45456989,"Bryan De La Cruz",19600,650559
"Carson Kelly","- - -",839,0.22956181,0.64758497,0.44822208,0.55270655,0.8664825,0.78983994,0.52308172,18.45358203,"Carson Kelly",13620,608348
"Corey Julks","- - -",520,0.28909953,0.62313433,0.45745181,0.5704918,0.85179641,0.76361768,0.50399624,18.44890282,"Corey Julks",20311,667452
"Joey Meneses","WSN",970,0.31304825,0.65502418,0.48575305,0.58844133,0.87776866,0.78547486,0.50502035,18.44658754,"Joey Meneses",14366,608841
"Jeremy Peña","HOU",1791,0.35545769,0.70626846,0.52714423,0.47610619,0.89498141,0.75076173,0.48939929,18.44358508,"Jeremy Pena",21636,665161
"Ezequiel Tovar","COL",1637,0.43136626,0.79383562,0.60665783,0.50037175,0.81837791,0.7016107,0.48360384,18.44307832,"Ezequiel Tovar",24064,678662
"Nick Gordon","- - -",368,0.42153846,0.76161919,0.59377373,0.51459854,0.83858268,0.72506394,0.50645406,18.44076841,"Nick Gordon",16337,624503
"Adam Frazier","- - -",1161,0.29111009,0.65791632,0.48513777,0.66297468,0.89027431,0.82602862,0.52896507,18.43969776,"Adam Frazier",15223,624428
"Iván Herrera","STL",687,0.24106464,0.62449256,0.44396706,0.52050473,0.87323944,0.78306452,0.52918009,18.4389313,"Ivan Herrera",20599,671056
"Michael Conforto","- - -",1398,0.25238263,0.64812872,0.45115952,0.54545455,0.85429034,0.76830218,0.50228391,18.43231237,"Michael Conforto",16376,624424
"Gavin Lux","- - -",942,0.23958897,0.63008758,0.43957784,0.58916479,0.87653312,0.80012005,0.5121372,18.43175389,"Gavin Lux",19955,666158
"Michael Toglia","COL",944,0.28637295,0.66152209,0.47037327,0.33094812,0.7996782,0.65427303,0.49047246,18.42817488,"Michael Toglia",25845,669911
"Logan O'Hoppe","LAA",1137,0.3261959,0.71790152,0.52106227,0.42597765,0.80769231,0.68760984,0.49748168,18.4258626,"Logan O'Hoppe",24729,681351
"Tyler Stephenson","CIN",1335,0.23941433,0.61272321,0.43183126,0.49421488,0.85245902,0.7562167,0.51543624,18.42543293,"Tyler Stephenson",17988,663886
"Luis García Jr.","WSN",1493,0.34477721,0.70527975,0.5181956,0.66737288,0.90335196,0.82187271,0.48104625,18.42541877,"Luis Garcia Jr.",20391,671277
"Romy Gonzalez","- - -",603,0.35897436,0.71909091,0.5365307,0.45073892,0.84576485,0.71177945,0.49305244,18.42521632,"Romy Gonzalez",21562,663853
"Jazz Chisholm Jr.","- - -",1470,0.27124958,0.64206642,0.45753286,0.51061174,0.776907,0.69834254,0.50235929,18.42239243,"Jazz Chisholm Jr.",20454,665862
"William Contreras","MIL",1908,0.24549125,0.66543633,0.45764518,0.53289474,0.83161648,0.75232829,0.50519446,18.42210696,"William Contreras",20503,661388
"Pavin Smith","ARI",674,0.21209913,0.58008357,0.4002849,0.47079038,0.86194478,0.76067616,0.51139601,18.40996709,"Pavin Smith",19892,656976
"Agustín Ramírez","MIA",517,0.3024236,0.69555796,0.49626068,0.51219512,0.87850467,0.76533907,0.49305556,18.40666667,"Agustin Ramirez",26546,682663
"Caleb Durbin","MIL",447,0.21988796,0.60546448,0.43646409,0.68789809,0.93501805,0.88045007,0.56169429,18.40458015,"Caleb Durbin",29646,702332
"Cavan Biggio","- - -",645,0.16115702,0.57433809,0.38799851,0.44615385,0.85933806,0.78194044,0.5490123,18.403742,"Cavan Biggio",19252,624415
"Vidal Bruján","- - -",446,0.28917197,0.72653534,0.51820388,0.59911894,0.86124402,0.79156909,0.52366505,18.40167364,"Vidal Brujan",20536,660644
"Starling Marte","NYM",1004,0.32962138,0.67100651,0.50935935,0.51013514,0.8641791,0.75569358,0.52649618,18.40050287,"Starling Marte",9241,516782
"Blaze Alexander","ARI",396,0.27224436,0.68837803,0.484375,0.46341463,0.83116883,0.72983871,0.50976563,18.39753738,"Blaze Alexander",23789,677942
"Nick Allen","- - -",840,0.26240115,0.66089552,0.48010437,0.60821918,0.8870822,0.81793478,0.54631442,18.39593679,"Nick Allen",22277,669397
"Trevor Larnach","MIN",1135,0.26357268,0.61135957,0.43561947,0.41362126,0.85954645,0.72320975,0.49469027,18.39312185,"Trevor Larnach",21501,663616
"Ji Hwan Bae","PIT",471,0.30610134,0.63050483,0.46522655,0.58445946,0.84497445,0.75764439,0.49051633,18.38959212,"Ji Hwan Bae",23818,678225
"Blake Perkins","MIL",749,0.22431162,0.54693367,0.39131843,0.55389222,0.83867277,0.75993377,0.51765468,18.3888651,"Blake Perkins",19921,663368
"Jorge Soler","- - -",1469,0.25437459,0.64679219,0.4433994,0.49936306,0.83342318,0.73409091,0.48169298,18.38576863,"Jorge Soler",14221,624585
"Colton Cowser","BAL",944,0.24318658,0.61503759,0.43325647,0.42672414,0.81255094,0.70668244,0.51114527,18.38383152,"Colton Cowser",29591,681297
"Michael Harris II","ATL",1588,0.40162722,0.68208492,0.54668809,0.5893186,0.87246964,0.77204442,0.51722907,18.38357536,"Michael Harris II",25931,671739
"Willie Calhoun","- - -",403,0.23450135,0.60025707,0.42171053,0.74137931,0.91648822,0.86895476,0.51184211,18.38351254,"Willie Calhoun",17838,641432
"Cody Bellinger","- - -",1704,0.30992268,0.65935673,0.49310239,0.66943867,0.88203991,0.81846441,0.52421827,18.38025823,"Cody Bellinger",15998,641355
"Nicky Lopez","- - -",735,0.2862426,0.66310541,0.47822932,0.65374677,0.88184748,0.81487102,0.50943396,18.37934459,"Nicky Lopez",19339,670032
"Shohei Ohtani","- - -",1986,0.27181039,0.67223548,0.46697686,0.48608534,0.80631164,0.71076668,0.48739822,18.37899465,"Shohei Ohtani",19755,660271
"Brendan Rodgers","- - -",859,0.28269485,0.66398621,0.48663594,0.43691589,0.86245675,0.74747475,0.53486943,18.37369083,"Brendan Rodgers",17907,663898
"Junior Caminero","TBR",802,0.32904536,0.67878788,0.50438893,0.58230453,0.83134921,0.75033467,0.50135044,18.37302326,"Junior Caminero",28163,691406
"Nelson Velázquez","- - -",409,0.26520681,0.70573248,0.48039826,0.36238532,0.79783394,0.67487047,0.48848787,18.37089992,"Nelson Velazquez",23359,676369
"Brian Anderson","- - -",366,0.28614009,0.66242038,0.48901099,0.44791667,0.79038462,0.69803371,0.53914835,18.37002775,"Brian Anderson",18289,605119
"Luis Campusano","SDP",500,0.34474616,0.66961326,0.51255708,0.65410959,0.88943894,0.81291759,0.51655251,18.361805,"Luis Campusano",22217,669134
"Jordan Beck","COL",713,0.28176383,0.66853539,0.48137432,0.47214854,0.7966457,0.70473328,0.51609403,18.3575282,"Jordan Beck",31431,687597
"Francisco Alvarez","NYM",993,0.27152318,0.64499213,0.45555556,0.46341463,0.81056911,0.70561543,0.49276486,18.35415213,"Francisco Alvarez",26121,682626
"Jorge Mateo","BAL",627,0.34343434,0.66093366,0.50435866,0.5245098,0.8574969,0.74567901,0.50684932,18.35028249,"Jorge Mateo",17273,622761
"Yandy Díaz","TBR",1815,0.21447801,0.63326282,0.43677193,0.67503487,0.90146138,0.84929306,0.53080702,18.3481789,"Yandy Diaz",16578,650490
"Andrew Vaughn","- - -",1641,0.32899746,0.63912476,0.48181526,0.60173578,0.89218191,0.79158317,0.49275829,18.34746321,"Andrew Vaughn",26197,683734
"Sal Frelick","MIL",1285,0.27649007,0.56520062,0.42591853,0.79041916,0.93105802,0.8870136,0.51757188,18.34527336,"Sal Frelick",29622,686217
"Jack Suwinski","PIT",958,0.18501292,0.6135402,0.40940423,0.39664804,0.81992337,0.72880337,0.52363368,18.34484985,"Jack Suwinski",22244,669261
"Yoán Moncada","- - -",659,0.26135458,0.64516129,0.45904173,0.43597561,0.82906977,0.72053872,0.51506955,18.3437663,"Yoan Moncada",17232,660162
"Tyler O'Neill","- - -",903,0.25460455,0.65930425,0.45501777,0.43617021,0.80737018,0.70252404,0.49521466,18.34110787,"Tyler O'Neill",15711,641933
"Christian Yelich","MIL",1525,0.25922452,0.66058147,0.45207927,0.51749095,0.8567042,0.75565936,0.48050682,18.33693305,"Christian Yelich",11477,592885
"Josh Smith","TEX",1347,0.26606934,0.62181945,0.45382634,0.59736457,0.88957399,0.8086745,0.52777778,18.33587411,"Josh Smith",26396,669701
"Masataka Yoshida","BOS",1150,0.2595226,0.59284497,0.44081538,0.70254403,0.89798851,0.84550709,0.54389622,18.33481294,"Masataka Yoshida",31837,807799
"Michael A. Taylor","- - -",983,0.29436769,0.66949576,0.48777349,0.37545126,0.76137211,0.64854881,0.51557272,18.33344863,"Michael A. Taylor",11489,572191
"Tyler Nevin","- - -",389,0.24275862,0.66827503,0.46975547,0.56818182,0.85198556,0.78356164,0.53346203,18.32843561,"Tyler Nevin",17893,663527
"Kyle Isbel","KCR",1135,0.29548989,0.59655485,0.45610641,0.58421053,0.93465046,0.82873807,0.53349456,18.32773674,"Kyle Isbel",21614,664728
"Eric Haase","- - -",439,0.35547355,0.6622807,0.51768116,0.48788927,0.77152318,0.67973124,0.52869565,18.32683307,"Eric Haase",14111,606992
"Drake Baldwin","ATL",382,0.28981349,0.67665418,0.49666222,0.70792079,0.88376384,0.83602151,0.53471295,18.32640145,"Drake Baldwin",31539,686948
"Andrés Giménez","- - -",1569,0.37366056,0.69587629,0.54043689,0.63644773,0.8625,0.78710275,0.51759213,18.32514779,"Andres Gimenez",19950,665926
"Matt Chapman","- - -",1699,0.21380574,0.62601626,0.43558628,0.58142857,0.82153331,0.76708779,0.53802737,18.31941856,"Matt Chapman",16505,656305
"Evan Carter","TEX",457,0.19064748,0.58333333,0.40199336,0.44025157,0.84832451,0.75895317,0.53820598,18.31919643,"Evan Carter",27790,694497
"Jose Iglesias","- - -",607,0.37777778,0.57403009,0.48356808,0.75245098,0.89517241,0.84377758,0.5390525,18.31889081,"Jose Iglesias",10231,578428
"Kevin Kiermaier","- - -",689,0.29284526,0.71006813,0.51129608,0.43181818,0.80170576,0.70077519,0.52358304,18.31820667,"Kevin Kiermaier",11038,595281
"Parker Meadows","DET",596,0.2578191,0.63084495,0.44712739,0.46557377,0.86345904,0.75046555,0.50749376,18.31087797,"Parker Meadows",23800,678009
"Andrew McCutchen","PIT",1488,0.17865749,0.64849398,0.42923695,0.45857418,0.81235485,0.74363772,0.53333333,18.30974576,"Andrew McCutchen",9847,457705
"Marcus Semien","TEX",2005,0.23818577,0.7259628,0.48646486,0.55416192,0.89498376,0.81304825,0.5090012,18.30970217,"Marcus Semien",12533,543760
"Jake McCarthy","ARI",988,0.30791618,0.64932976,0.48562657,0.59168242,0.9223782,0.82183908,0.52051354,18.30873261,"Jake McCarthy",21622,664983
"Gleyber Torres","- - -",1899,0.22037037,0.65652819,0.44580777,0.64345738,0.86252354,0.81020642,0.51687117,18.29670886,"Gleyber Torres",16997,650402
"Miles Mastrobuoni","- - -",427,0.23173804,0.53900709,0.3902439,0.72282609,0.85526316,0.8171875,0.51585366,18.29669421,"Miles Mastrobuoni",20017,670156
"Ketel Marte","ARI",1729,0.2556391,0.66111952,0.46190549,0.60784314,0.88009153,0.80606465,0.50869632,18.29619508,"Ketel Marte",13613,606466
"Michael Busch","- - -",1173,0.25,0.66543057,0.4609751,0.4744898,0.84891641,0.74897867,0.50784683,18.28535495,"Michael Busch",26319,683737
"Josh Rojas","- - -",1037,0.2337453,0.63191587,0.44886364,0.54252874,0.85817656,0.7826087,0.5402668,18.28189713,"Josh Rojas",19734,668942
"Luis Arraez","- - -",1903,0.33656958,0.63118481,0.4978767,0.90865385,0.96144068,0.94529412,0.54751794,18.2795852,"Luis Arraez",18568,650333
"Jace Peterson","- - -",456,0.23284589,0.58971668,0.417481,0.49275362,0.86298932,0.763329,0.51737242,18.27528902,"Jace Peterson",12325,607054
"Roman Anthony","BOS",303,0.1968254,0.54517611,0.37412315,0.41935484,0.81741573,0.71458333,0.50896337,18.26851852,"Roman Anthony",31812,701350
"Christian Encarnacion-Strand","CIN",501,0.3900325,0.69560557,0.54364224,0.53611111,0.84899846,0.73736373,0.50269397,18.26542751,"Christian Encarnacion-Strand",30011,687952
"Yasmani Grandal","- - -",648,0.28278689,0.56372906,0.43154647,0.62898551,0.85917313,0.78820375,0.52950251,18.26532715,"Yasmani Grandal",11368,518735
"Noelvi Marte","CIN",666,0.35094963,0.69053708,0.51803691,0.52941176,0.85432099,0.74251012,0.4920302,18.26368452,"Noelvi Marte",26517,682622
"Tyler Fitzgerald","SFG",618,0.27947598,0.67143994,0.48459617,0.453125,0.8021327,0.70618557,0.52331391,18.25098259,"Tyler Fitzgerald",26208,666149
"Lars Nootbaar","STL",1435,0.18802483,0.5370311,0.37384773,0.63495146,0.88716418,0.82785388,0.53243428,18.24432849,"Lars Nootbaar",21454,663457
"Maikel Garcia","KCR",1738,0.21061415,0.59243929,0.41963746,0.66402536,0.90312063,0.8488121,0.54743202,18.2393463,"Maikel Garcia",22715,672580
"Mookie Betts","LAD",1804,0.20258368,0.58623596,0.39865059,0.60869565,0.935793,0.85451927,0.51105369,18.23381155,"Mookie Betts",13611,605141
"Mickey Moniak","- - -",1152,0.41287512,0.73496333,0.57309657,0.51582649,0.81370592,0.70585739,0.49744588,18.23131552,"Mickey Moniak",19956,666160
"Jung Hoo Lee","SFG",728,0.23038811,0.61258923,0.44440407,0.77060932,0.92478814,0.8896157,0.5599564,18.22905305,"Jung Hoo Lee",33824,808982
"Ryan McMahon","- - -",1812,0.26141646,0.6457323,0.46510731,0.4665272,0.78558017,0.7012987,0.530009,18.22822417,"Ryan McMahon",15112,641857
"Manuel Margot","- - -",699,0.30112721,0.67255335,0.49519416,0.60962567,0.87089716,0.79503106,0.52249135,18.22734499,"Manuel Margot",14712,622534
"Mike Trout","LAA",985,0.19080235,0.60780911,0.41181881,0.49487179,0.82512491,0.7532105,0.5300069,18.22556615,"Mike Trout",10155,545361
"Kyle Farmer","- - -",897,0.32201176,0.6187291,0.48210526,0.61460446,0.88918919,0.80474111,0.53954887,18.22474227,"Kyle Farmer",14813,571657
"Ke'Bryan Hayes","- - -",1445,0.28571429,0.60123144,0.44787789,0.62198391,0.91204819,0.82211139,0.51396128,18.21672616,"Ke'Bryan Hayes",18577,663647
"Wenceel Pérez","DET",745,0.30621693,0.6350365,0.47035442,0.66522678,0.86415883,0.79929577,0.49917191,18.21622807,"Wenceel Perez",22857,672761
"Zach McKinstry","DET",1318,0.28183633,0.63835217,0.46817835,0.60764873,0.88863507,0.80789581,0.5226753,18.2150483,"Zach McKinstry",19392,656716
"Tommy Edman","- - -",1017,0.2797619,0.625132,0.46278679,0.6106383,0.92652027,0.83675937,0.52993844,18.20949392,"Tommy Edman",19470,669242
"Kevin Newman","- - -",680,0.30238727,0.64477848,0.48308977,0.69590643,0.92269939,0.85566119,0.52776618,18.20882353,"Kevin Newman",17696,621028
"Brice Turang","MIL",1664,0.26320908,0.62871152,0.46181172,0.70566502,0.88561525,0.83878205,0.54336886,18.20768473,"Brice Turang",22186,668930
"Garrett Cooper","- - -",573,0.38822526,0.64507299,0.51234568,0.54505495,0.83168317,0.71944923,0.48324515,18.20722321,"Garrett Cooper",15279,643265
"Javier Báez","DET",1241,0.4309534,0.66472868,0.54054054,0.53174603,0.83381924,0.70588235,0.46877129,18.20461733,"Javier Baez",12979,595879
"Riley Greene","DET",1593,0.28001238,0.67119155,0.47808156,0.53701657,0.81752809,0.73642173,0.50633878,18.20269184,"Riley Greene",25976,682985
"MJ Melendez","KCR",1118,0.28628143,0.70655521,0.49669604,0.5146379,0.77957659,0.70332594,0.50066079,18.19847775,"MJ Melendez",22197,669004
"José Tena","- - -",371,0.303989,0.61508951,0.46520875,0.60633484,0.87110187,0.78774929,0.51822399,18.17939609,"Jose Tena",23691,677588
"Colt Keith","DET",1002,0.28379106,0.6483922,0.4680341,0.55787476,0.88943089,0.78998293,0.50532765,18.16884058,"Colt Keith",27899,690993
"Spencer Horwitz","- - -",785,0.25867714,0.65017462,0.46594761,0.64810127,0.89077887,0.82738095,0.52942989,18.16659844,"Spencer Horwitz",26477,687462
"Austin Barnes","LAD",400,0.1958457,0.6445993,0.447557,0.49242424,0.87387387,0.80058224,0.56091205,18.16637168,"Austin Barnes",12158,605131
"Heliot Ramos","SFG",1202,0.29398955,0.6782535,0.4887218,0.50814815,0.858125,0.75428571,0.50676692,18.16173913,"Heliot Ramos",22515,671218
"Victor Caratini","- - -",848,0.24104006,0.65849282,0.46655897,0.59183673,0.86285195,0.79847645,0.54022617,18.15477793,"Victor Caratini",14968,605170
"Leody Taveras","- - -",1263,0.30853762,0.66693978,0.49053464,0.56027397,0.86425061,0.77014419,0.50780112,18.15452226,"Leody Taveras",18900,665750
"Zack Short","- - -",397,0.17173052,0.60706402,0.40889958,0.51538462,0.81272727,0.75588235,0.54479856,18.15323855,"Zack Short",19562,670097
"Willi Castro","- - -",1472,0.3366548,0.69270475,0.5176697,0.5179704,0.84302037,0.73910105,0.50839748,18.15215334,"Willi Castro",17338,650489
"Esteury Ruiz","- - -",585,0.33746425,0.66763006,0.50167705,0.54237288,0.84848485,0.74498567,0.49736464,18.15117057,"Esteury Ruiz",21780,665923
"Eric Wagaman","- - -",546,0.26846307,0.62626263,0.45480631,0.53531599,0.87243402,0.77707676,0.52080344,18.15006553,"Eric Wagaman",23395,676572
"Ryan Noda","- - -",665,0.19851852,0.62650602,0.4233474,0.27238806,0.75641026,0.6486711,0.52531646,18.14305556,"Ryan Noda",23312,676116
"Matt Wallner","MIN",887,0.26719727,0.70077864,0.48636491,0.44468085,0.73492063,0.65606936,0.50548215,18.14107884,"Matt Wallner",26466,670242
"Dane Myers","MIA",496,0.24719101,0.59663866,0.44711538,0.60606061,0.80751174,0.75985663,0.57211538,18.13464338,"Dane Myers",22054,667472
"Abraham Toro","- - -",669,0.33726415,0.62654321,0.48325545,0.66666667,0.9137931,0.82836422,0.5046729,18.11867089,"Abraham Toro",19844,647351
"Taylor Ward","LAA",1678,0.21617418,0.59023295,0.41280614,0.51079137,0.87398954,0.78377412,0.52567129,18.11746219,"Taylor Ward",17548,621493
"Brett Wisely","SFG",457,0.32448733,0.65739711,0.49768519,0.60223048,0.85617597,0.77674419,0.52025463,18.11532385,"Brett Wisely",27735,689172
"Giancarlo Stanton","NYY",1096,0.27710843,0.61439707,0.44039956,0.45496894,0.78208955,0.67590726,0.48412875,18.10404455,"Giancarlo Stanton",4949,519317
"Miguel Amaya","CHC",622,0.32376682,0.69873418,0.51695652,0.57063712,0.86956522,0.77880572,0.51521739,18.0998196,"Miguel Amaya",21693,665804
"Adolis García","TEX",1782,0.32782075,0.70743263,0.50771821,0.52074858,0.78861448,0.697623,0.4738984,18.09725357,"Adolis Garcia",19287,666969
"Jackson Chourio","MIL",1090,0.3373812,0.6727996,0.51011524,0.53051643,0.86400591,0.75702811,0.51498079,18.09026297,"Jackson Chourio",28806,694192
"Mark Vientos","NYM",1100,0.32237488,0.69360902,0.51200192,0.45966514,0.78794038,0.68682607,0.51080173,18.08825459,"Mark Vientos",22184,668901
"Geraldo Perdomo","ARI",1531,0.19112988,0.54652161,0.38711715,0.73296501,0.92823468,0.88499184,0.55146827,18.08757595,"Geraldo Perdomo",22799,672695
"Jean Segura","MIA",326,0.37248841,0.64607679,0.50401284,0.69709544,0.89405685,0.81847134,0.48073836,18.08114035,"Jean Segura",5933,516416
"Andruw Monasterio","MIL",570,0.21347332,0.61230769,0.4257061,0.54918033,0.86180905,0.78846154,0.53213262,18.08038585,"Andruw Monasterio",19455,655316
"Tim Anderson","- - -",855,0.35515873,0.70498534,0.54056574,0.54562384,0.8344426,0.74525589,0.52999689,18.07312925,"Tim Anderson",15172,641313
"Lane Thomas","- - -",1352,0.25805185,0.60397497,0.4366331,0.57838661,0.86593541,0.78372498,0.51624549,18.07137336,"Lane Thomas",16939,657041
"Robbie Grossman","- - -",665,0.1659292,0.57656362,0.3738624,0.60444444,0.86658354,0.80915287,0.50637059,18.06769083,"Robbie Grossman",5254,543257
"Pedro Pagés","STL",574,0.36135266,0.64765957,0.51357466,0.53208556,0.87253614,0.76035242,0.53167421,18.0630741,"Pedro Pages",25782,686780
"Nick Madrigal","CHC",388,0.32568149,0.58953168,0.46029515,0.82378855,0.96261682,0.91450382,0.51018974,18.06066536,"Nick Madrigal",20521,663611
"Korey Lee","CHW",502,0.33969011,0.76035503,0.56988667,0.39649123,0.78210117,0.6780303,0.54722072,18.05829596,"Korey Lee",25543,686676
"Edouard Julien","MIN",886,0.17718715,0.59631579,0.39206692,0.421875,0.81553398,0.72883689,0.51268214,18.05777461,"Edouard Julien",27534,666397
"Andrew Benintendi","CHW",1594,0.27192982,0.68382587,0.48807737,0.68774194,0.85687732,0.81209429,0.52476238,18.05772302,"Andrew Benintendi",17901,643217
"Mike Tauchman","- - -",1106,0.20873563,0.65183143,0.44739075,0.58370044,0.84410876,0.78805121,0.5386084,18.05598886,"Mike Tauchman",15274,643565
"Joey Loperfido","- - -",355,0.33133433,0.71238938,0.52342007,0.41628959,0.80538302,0.68323864,0.50408922,18.05595117,"Joey Loperfido",29630,694388
"Gary Sánchez","- - -",648,0.26367781,0.5610119,0.41390977,0.5129683,0.83819629,0.73569482,0.50526316,18.04830677,"Gary Sanchez",11442,596142
"Liam Hicks","MIA",349,0.1742671,0.52522639,0.36986301,0.63551402,0.92364532,0.86354776,0.55731795,18.0459433,"Liam Hicks",29844,689414
"Lawrence Butler","OAK",1158,0.28287732,0.65093537,0.47033348,0.47893916,0.82233834,0.72099448,0.50931139,18.04234339,"Lawrence Butler",22542,671732
"LaMonte Wade Jr.","- - -",1162,0.185453,0.60749588,0.39987445,0.48165138,0.88542373,0.79330194,0.50805608,18.04152824,"LaMonte Wade Jr.",18126,664774
"Oscar Colás","CHW",301,0.40862069,0.68072289,0.53432282,0.52320675,0.83185841,0.70486111,0.4619666,18.04113111,"Oscar Colas",30162,693049
"Brendan Donovan","STL",1499,0.24393883,0.60185492,0.43350877,0.71100917,0.92900385,0.87130716,0.52964912,18.03783525,"Brendan Donovan",24679,680977
"Oswald Peraza","- - -",436,0.2890625,0.70310702,0.50885767,0.42342342,0.80196399,0.70108043,0.53084911,18.03177258,"Oswald Peraza",22823,672724
"Ramón Laureano","- - -",1153,0.27268603,0.67312448,0.4825054,0.43261231,0.84017146,0.7305282,0.52397408,18.0118944,"Ramon Laureano",17128,657656
"Matt Vierling","DET",1197,0.24501551,0.60147173,0.43521389,0.64556962,0.8969736,0.83095916,0.53358132,18.00906843,"Matt Vierling",21558,663837
"Isiah Kiner-Falefa","- - -",1300,0.3080481,0.5933126,0.46303338,0.7042042,0.9259502,0.85857664,0.54330376,18.00904845,"Isiah Kiner-Falefa",16512,643396
"Nolan Schanuel","LAA",1274,0.23252859,0.61154446,0.42984772,0.73952641,0.90433673,0.8615966,0.52060914,17.99751175,"Nolan Schanuel",33189,694384
"Addison Barger","TOR",671,0.30555556,0.63733906,0.48491879,0.53443526,0.85409652,0.761563,0.54060325,17.99736565,"Addison Barger",24598,680718
"Brenton Doyle","COL",1522,0.30099228,0.71311475,0.51022254,0.41147741,0.83408296,0.71134752,0.50768952,17.99322459,"Brenton Doyle",25479,686668
"Aledmys Díaz","- - -",378,0.33049404,0.69774011,0.53127413,0.60824742,0.87449393,0.7994186,0.54671815,17.98358862,"Aledmys Diaz",15937,649557
"Jonah Bride","- - -",503,0.23323615,0.4763986,0.36125173,0.6875,0.88440367,0.82420382,0.52646111,17.97836538,"Jonah Bride",24703,681146
"Masyn Winn","STL",1311,0.27261359,0.60373514,0.45508982,0.66819572,0.89538808,0.83429276,0.55108533,17.9658013,"Masyn Winn",27479,691026
"Jackson Holliday","BAL",796,0.24945613,0.65934066,0.47199205,0.52034884,0.82962963,0.75491573,0.54292343,17.94464446,"Jackson Holliday",31781,702616
"JJ Bleday","OAK",1262,0.25312878,0.64065708,0.44523616,0.50877193,0.84551282,0.74897119,0.49572476,17.94435262,"JJ Bleday",26368,668709
"J.P. Crawford","SEA",1688,0.1986755,0.60355508,0.41236674,0.65606061,0.87862561,0.82799035,0.52778962,17.93023693,"J.P. Crawford",15491,641487
"Curtis Mead","- - -",462,0.31455399,0.65292096,0.4857971,0.61567164,0.89649123,0.80668258,0.50608696,17.92777778,"Curtis Mead",23986,678554
"James Wood","WSN",965,0.23755772,0.53765491,0.39313071,0.4362851,0.81471631,0.70458831,0.5184087,17.92585366,"James Wood",29518,695578
"Nick Kurtz","ATH",427,0.21676647,0.62811791,0.42807222,0.39779006,0.78158845,0.68707483,0.51368666,17.92080745,"Nick Kurtz",35110,701762
"Tommy Pham","- - -",1363,0.1828312,0.60027146,0.41191806,0.4469526,0.866026,0.78209765,0.54878957,17.91856678,"Tommy Pham",2967,502054
"Paul DeJong","- - -",1059,0.35005394,0.7478673,0.56180626,0.42218798,0.78263625,0.67759317,0.53229062,17.9184594,"Paul DeJong",18015,657557
"Justyn-Henry Malloy","DET",351,0.20408163,0.63043478,0.42386289,0.36666667,0.78296146,0.68584759,0.5154911,17.91652324,"Justyn-Henry Malloy",29606,669234
"Steven Kwan","CLE",1876,0.21564606,0.56436613,0.40565409,0.77717391,0.96010408,0.91584484,0.54487265,17.88537761,"Steven Kwan",24610,680757
"Charlie Blackmon","COL",912,0.29932804,0.63743017,0.47592647,0.67755102,0.89044698,0.82648682,0.52232273,17.8750499,"Charlie Blackmon",7859,453568
"Chase Meidroth","CHW",439,0.21123321,0.50651956,0.37334802,0.79190751,0.92475248,0.89085546,0.54900881,17.86642336,"Chase Meidroth",31580,805367
"Nico Hoerner","CHC",1906,0.31494607,0.61269929,0.47232311,0.76516634,0.94885599,0.89111043,0.5285486,17.85154514,"Nico Hoerner",21479,663538
"Austin Martin","MIN",375,0.17411402,0.63481675,0.42321302,0.55752212,0.88453608,0.82274247,0.54069356,17.82848837,"Austin Martin",27462,668885
"Kyle Stowers","- - -",699,0.31024096,0.77289932,0.54095885,0.45873786,0.77962782,0.68736916,0.49867875,17.81139896,"Kyle Stowers",26151,669065
"Josh Bell","- - -",1709,0.27532847,0.69810127,0.47820805,0.57688229,0.85902085,0.7745316,0.47987851,17.80562448,"Josh Bell",13145,605137
"Jake Rogers","DET",833,0.23855756,0.64220705,0.4603125,0.43895349,0.79096546,0.70875764,0.549375,17.79164909,"Jake Rogers",19452,668670
"Riley Adams","WSN",533,0.31181728,0.66789328,0.49665712,0.45859873,0.84573003,0.72884615,0.5191022,17.76699029,"Riley Adams",19864,656180
"Edgar Quero","CHW",349,0.20949264,0.66069142,0.46264368,0.6640625,0.87015504,0.82919255,0.56106322,17.74494706,"Edgar Quero",28022,700337
"Jon Berti","- - -",605,0.22279261,0.62852665,0.45288889,0.55760369,0.88778055,0.81746811,0.56711111,17.74373089,"Jon Berti",12037,542932
"Eduardo Escobar","- - -",309,0.36461538,0.66435986,0.50570033,0.6371308,0.79427083,0.73429952,0.47068404,17.70366379,"Eduardo Escobar",6153,500871
"Dylan Crews","WSN",395,0.2625538,0.64864865,0.4660787,0.3989071,0.85515873,0.73362445,0.52713704,17.67511737,"Dylan Crews",33541,686611
"Jacob Young","WSN",975,0.24582043,0.57581667,0.4304419,0.64483627,0.89839119,0.83460076,0.55946536,17.66716867,"Jacob Young",29931,696285
"Jonathan India","- - -",1705,0.18150897,0.5620325,0.38897483,0.58943782,0.88022028,0.81851048,0.54521164,17.63778647,"Jonathan India",21523,663697
"Jose Trevino","- - -",683,0.33306056,0.53858268,0.43780096,0.72972973,0.9005848,0.83684693,0.50963082,17.61111111,"Jose Trevino",16725,624431
"Andy Ibáñez","DET",793,0.32911392,0.70441989,0.5184669,0.56196581,0.87941176,0.77956989,0.50452962,17.60903351,"Andy Ibanez",18819,628451
"Jose Herrera","ARI",438,0.17988166,0.56440511,0.38990333,0.51973684,0.87804878,0.8030303,0.5461869,17.56453901,"Jose Herrera",17040,645444
"Jhonkensy Noel","CLE",330,0.45827011,0.7045045,0.5708402,0.53642384,0.79795396,0.68398268,0.45716639,17.41457859,"Jhonkensy Noel",24257,678877
"Nick Loftin","KCR",426,0.23355705,0.6513076,0.4502584,0.62643678,0.90439771,0.83500717,0.51873385,17.33663366,"Nick Loftin",27630,679845